qber_total,qber_z,qber_x,gain_mu,sifted_rate,qber_dispersion,jump_energy_norm,spectral_entropy,autocorr_lag1,y1_lower,e1_upper,r_secure,gain_ratio_nu_mu,h_qber,distance_km,eve_intensity,k_achieved,N_used,label
0.054502369668246446,0.06969205834683954,0.040061633281972264,0.00018406941695565756,9.042758318426949e-05,0.9154577445798004,0.975414810109352,0.8464444977700593,-0.07664687352984095,0.0003823677855760215,0.0,2.2513500448495388e-05,0.08836475255156521,0.3052232300767887,99.45418777171581,0.0,1266,20000000,0
0.10118577075098814,0.10416666666666667,0.09828393135725429,0.0001838520212651219,9.035462583542315e-05,0.9384287224833977,0.6843579891720832,0.8642493908756215,0.24978113374740268,0.00038661072837906324,0.007762172284922671,6.325169524732703e-07,0.09908507243446646,0.4727431678263476,99.45418777171581,0.17700620551424162,1265,20000000,1
0.053516819571865444,0.050314465408805034,0.05654761904761905,0.00018731611301491213,9.344373601201566e-05,1.2631015422406364,1.4426686326118836,0.8808231243433525,-0.20781352821244628,0.00010602064936295507,0.5,0.0,0.039585615460484946,0.30115235836245013,99.45418777171581,0.917592369817382,1308,20000000,2
0.02948021722265322,0.02527646129541864,0.03353658536585366,0.00018283803628235136,9.206180811248082e-05,0.8698734683762874,0.7859988284959315,0.8656936297090627,0.08705503453937587,0.0003570016120431027,0.016314382056290246,2.5254877083114035e-05,0.06831888656981966,0.19177843797197155,98.55580775021203,0.0,1289,20000000,0
0.08941176470588236,0.09262166405023547,0.08620689655172414,0.000183455236922191,9.104921256356307e-05,1.1590299297712479,1.1211335343926314,0.8990794444394679,-0.09165868876577739,0.00041655212869834256,0.020197904985269577,4.418715492056909e-06,0.07378321346520422,0.43450331069860987,98.55580775021203,0.2369195334227075,1275,20000000,1
0.027552674230145867,0.029411764705882353,0.02572347266881029,0.00017943714596076055,8.814706931352648e-05,1.0183030120121928,0.9645588354231825,0.868467515314131,0.04852916161915149,8.260223762112892e-05,0.0,0.0,0.030440473121940172,0.18196609146905435,98.55580775021203,0.5139243744641153,1234,20000000,2
0.028009084027252083,0.027777777777777776,0.028244274809160305,0.0008250426092623785,0.00041213132419572776,1.1927403198373907,1.1393332226408899,0.8888911646653354,0.04205512808973097,0.001787918531425658,0.036107161939000855,0.00011324662510750373,0.07253013409771011,0.18430707827687431,67.91258100284409,0.0,2642,9163258,0
0.09563164108618655,0.10363924050632911,0.08770555990602975,0.0007958073142578559,0.0003960333696688625,1.4279249552130442,1.4731434987725116,0.8779552028924907,-0.038085894127461585,0.0015263776158328018,0.10471554685737831,0.0,0.06569212745251715,0.4549932526165296,67.91258100284409,0.27551089016512614,2541,9163258,1
0.031587057010785825,0.0365296803652968,0.0265210608424337,0.0008024667591238896,0.00040466272468640585,0.9212710165033151,0.9371620326088438,0.9168305437728976,-0.017834425510063884,4.465430969093378e-05,0.3999071639637021,0.0,0.012393006309821396,0.2022894732719276,67.91258100284409,0.9707948216344728,2596,9163258,2
0.028051554207733132,0.03333333333333333,0.02276176024279211,0.0042801369578717,0.0021469863652530032,0.9476650962373722,1.01963117185346,0.8830328192215555,-0.08720197514891899,0.009407329759468957,0.04443786389437088,0.0005488674412305232,0.0717685452654389,0.1845243494081048,33.699623455704334,0.0,2638,1755004,0
0.18250950570342206,0.18604651162790697,0.17887432536622977,0.004228787319170123,0.0021396134377486384,1.0808410915157827,1.1844767558839766,0.847588425550575,-0.09647990130023985,0.009344347548878706,0.3050619317588875,0.0,0.07374475829502025,0.6855362413974375,33.699623455704334,0.6845718088992013,2630,1755004,1
0.03697996918335902,0.038941954445260836,0.034817813765182185,0.004249514416831921,0.002114170070160151,0.9340705112468196,1.214690264109333,0.8541370281220395,-0.3038952124205761,0.0033027410860692746,0.02993510307463184,0.0,0.03239195398474689,0.22826983404580473,33.699623455704334,0.6793949059968885,2596,1755004,2
0.03208349439505218,0.03536977491961415,0.029039463886820552,0.019235782447302622,0.009498562548419905,1.0998500957393398,0.8689508883801915,0.8796809867126182,0.19177888030983012,0.04081452518377338,0.04654045383169719,0.002013225862742611,0.06965928393376984,0.20473520628386313,2.3058365550456483,0.0,2587,388163,0
0.13902912621359223,0.14353312302839116,0.13465952563121653,0.01913620823249887,0.009456099827036,0.9925130127732354,0.9947299095821133,0.8925462499791686,-0.06072378737260473,0.04010793417578477,0.1169479948286952,0.0,0.06894188491078117,0.5816905224331183,2.3058365550456483,0.4887137068255444,2575,388163,1
0.03018424147393179,0.030983733539891558,0.029365079365079365,0.018826465262135064,0.009389308481663059,0.5827626570306038,0.5431939765868774,0.8240127327778591,0.05146218740353745,0.016363831415150566,0.05906014711572524,0.0,0.03494154206108458,0.19531497989214458,2.3058365550456483,0.5194520091181756,2551,388163,2
0.03915426781519186,0.0393574297188755,0.03896103896103896,0.012465942507351618,0.006130948808737923,1.0563199414183448,1.0842573899468249,0.904120818703797,-0.03977333762466362,0.025766913193887655,0.062068304321670445,0.0007295290369607481,0.06813994566520978,0.23840101072612183,11.207663937656886,0.0,2554,594940,0
0.15696784073506892,0.15574402467232074,0.15817490494296577,0.012463896271163634,0.006276401978075845,1.3931173819068938,1.1429787705672105,0.844240449421083,0.17724060223964222,0.0246970322894924,0.21220755547016568,0.0,0.06577022480837995,0.6270060666360275,11.207663937656886,0.5199649340989554,2612,594940,1
0.030907668231611892,0.034241245136186774,0.02753737214791503,0.012262882389665273,0.006137444172309466,1.0762076827402869,1.0085826128144757,0.8533044535609694,0.05996597602590408,0.010976125960420227,0.025753170625769522,0.0,0.035658730844035494,0.19892354320942296,11.207663937656886,0.5055832450707467,2556,594940,2
0.02679245283018868,0.029585798816568046,0.023882896764252697,0.003358231422091556,0.0017156956368888805,0.9902662281380731,1.103574610204353,0.8955666545271666,-0.12408711229685938,0.006499381163724756,0.04223708074385919,0.0003568139260074469,0.06449174288409582,0.17804182225369167,38.469292560070954,0.0,2650,2207023,0
0.14876352395672335,0.14594594594594595,0.15158546017014696,0.003339036442088425,0.0016746950217296208,0.9409748786708019,0.9245934228749526,0.8651881800343947,0.002759768510371427,0.0063995643165742425,0.09690133503839334,0.0,0.07063472668562022,0.6067373535457466,38.469292560070954,0.4763764238056065,2588,2207023,1
0.028089887640449437,0.026515151515151516,0.02962962962962963,0.0034107136152787543,0.0017283365634454876,1.0055931610594453,0.9806460311168437,0.8601953492431115,0.005270864960126004,0.00045124065354951686,0.2728221529349108,0.0,0.014517592497671108,0.18472037559791357,38.469292560070954,0.889063904422104,2670,2207023,2
0.039907904834996163,0.04058192955589587,0.03923076923076923,0.0006176336183095642,0.0003101258592128563,1.0583473284889642,1.2524378439440318,0.8661686044859508,-0.21039667821976493,0.0013223882574655312,0.0944230050631049,1.667703944008404e-05,0.07019293344918069,0.2418697767609378,73.55904579396929,0.0,2606,12003391,0
0.09683794466403162,0.09263657957244656,0.10102604577742699,0.0006103619385580887,0.0003011928427056689,1.252697384512623,1.2107882955910843,0.9343893983504767,0.008335232024939505,0.0011704531490994835,0.1153084541426592,0.0,0.06566913489939062,0.4588912137789286,73.55904579396929,0.19644688492006496,2530,12003391,1
0.04623614826136798,0.046012269938650305,0.046458492003046456,0.0006077656430926906,0.00031143972742776017,1.025754418949462,1.2422879682142647,0.8186954523551261,-0.2227533167648488,0.0008204113959125482,0.13299958429583844,0.0,0.04994260277014579,0.270187933927516,73.55904579396929,0.35646036217773713,2617,12003391,2
0.03976833976833977,0.03269537480063796,0.04640718562874251,0.005683939623834019,0.00280300906811312,1.4327461749167936,1.3652947578563992,0.9060261958212029,0.04315655466537806,0.014096978258951913,0.029081517438845184,0.0008598493272556596,0.07959115619190252,0.24122902560738405,27.749957410297355,0.0,2590,1319240,0
0.2547206165703276,0.25688073394495414,0.25252525252525254,0.005637133467329291,0.0028072080882209764,1.0604702995449893,1.076619062567149,0.8459338267650761,-0.04694617289373671,0.01121898268935452,0.26654141284129645,0.0,0.0676645415635162,0.8186747489620851,27.749957410297355,0.9308056301143547,2595,1319240,1
0.03787878787878788,0.04354136429608128,0.03169572107765452,0.005715862845267989,0.002857390250238116,1.49656374561109,1.8566801848681065,0.8394222120920455,-0.2725661745253037,0.0006142125217475225,0.19807365377099687,0.0,0.013829023909735602,0.23248051561222705,27.749957410297355,0.8646014365149626,2640,1319240,2
0.020703125,0.01875,0.02265625,0.004008400159170596,0.001962797323541837,1.4632263444228808,1.168763362482765,0.8906255602433614,0.17484083046482615,0.008114021682578135,0.04549308679964026,0.0005278935537823229,0.0669556166385997,0.14537039561293458,34.89596908643562,0.0,2560,1861961,0
0.16559788758958882,0.16944024205748864,0.1617757712565839,0.004008722021261654,0.0020346777863995105,1.7646756577637805,1.6077425444118267,0.8773534604987487,0.0828251541189569,0.008312487839165866,0.2584865437872556,0.0,0.06832330870695359,0.6475348505952128,34.89596908643562,0.5660580141591733,2651,1861961,1
0.022213855421686746,0.023378582202111614,0.021052631578947368,0.004028338760965543,0.002037567653613499,1.2152165173316014,1.3690132822617185,0.8576570687337235,-0.13370827804802732,0.00507019412464933,0.0,0.0003752881008258644,0.04573535277292243,0.15369650002908866,34.89596908643562,0.34075178890009367,2656,1861961,2
0.041525103812759534,0.04318689501116903,0.039816232771822356,0.00047228345668186365,0.0002389835485673843,1.1664045111434564,1.107477578990891,0.889453161992835,0.04346841507483572,0.000995753714774609,0.055991592544192836,3.0035026448900043e-05,0.075840468763943,0.24924156207565107,79.4577687799984,0.0,2649,15834689,0
0.05604075691411936,0.05270972531551596,0.05924339757316203,0.0004893198102803169,0.0002479076029960013,1.2483268960911564,1.3882359398826225,0.9030849681474573,-0.11736133308491224,0.0008269625430150658,0.07370487701276794,0.0,0.06717205980244013,0.311523443936032,79.4577687799984,0.08070981543811906,2748,15834689,1
0.04327666151468315,0.0453125,0.04128440366972477,0.00047122462837840276,0.00023344742309404793,1.26783568206113,1.5325638948331075,0.8438886288265188,-0.23574947449889755,0.0003953271849322658,0.0,0.0,0.043952365805838944,0.25711894413896386,79.4577687799984,0.6414867748984223,2588,15834689,2
0.03089675960813866,0.03422619047619048,0.02748091603053435,0.001407891239673013,0.0007032831451331031,0.9537283067737868,1.092148741578883,0.8737197783402706,-0.14702750636386627,0.003438950025706337,0.04640235399870808,0.0002015614148125929,0.07855131185791958,0.19886931796772034,56.95203926299774,0.0,2654,5389059,0
0.26241941600303376,0.2582375478927203,0.26651651651651653,0.0013640004103931264,0.0006990999187962437,0.83861173115112,0.9028628169725486,0.8506153942516697,-0.09975548520236337,0.0029553664047204573,0.28608151369626894,0.0,0.0725666586677425,0.83037540190981,56.95203926299774,0.9176898602656782,2637,5389059,1
0.029695333590435788,0.028352490421455937,0.031055900621118012,0.0013847250827680718,0.0006873262135562041,0.8722561944614197,0.8532844267505816,0.9191585751949833,0.02131971740862137,0.0012290768254721006,0.0,1.9620925128431468e-05,0.038726223239046315,0.19286166241449818,56.95203926299774,0.4339427765891538,2593,5389059,2
0.0281093569503273,0.02533532041728763,0.031075697211155377,0.006971886339409731,0.0034953646377310953,1.0929719873661157,1.2533608353379588,0.8545194042393109,-0.15665880677672925,0.012328069169461204,0.012576672476466804,0.0008664335130868573,0.059860235466348034,0.18481990632792808,23.26429205138636,0.0,2597,1062393,0
0.2192846034214619,0.22317262830482115,0.21539657853810265,0.00699421117701583,0.003460109857142665,0.9609029525608201,0.9634561859708987,0.9009224140135572,-0.0037939028922049063,0.01634167293864908,0.24137006147679724,0.0,0.0756087268330898,0.7588590567657119,23.26429205138636,0.7850892688647766,2572,1062393,1
0.02857142857142857,0.023961661341853034,0.03300076745970836,0.0068869597935927755,0.003433401419049667,1.1518426315232861,1.146440955412417,0.887052682047312,-0.011597102409798842,0.006035432694619054,0.0,0.00010997415340918844,0.03848390839874345,0.18717625687320816,23.26429205138636,0.4918058205011018,2555,1062393,2
0.029137093761673515,0.03058103975535168,0.027757487216946677,0.001700973277458626,0.0008620797924567857,1.192822881713637,0.9693250559276494,0.8314806000547931,0.17882346426887902,0.0036535575933291354,0.046863378946168516,0.00019731043373611657,0.07038322426496715,0.19004579413741401,52.95794856222553,0.0,2677,4435707,0
0.2663789721459396,0.26869158878504673,0.26403162055335966,0.0016686508543821013,0.0008212765066267574,1.3042470202810126,0.8800619861807586,0.8438285591750594,0.325150595485008,0.0033479694920014766,0.24778477989983627,0.0,0.06811516479388141,0.8362205660836294,52.95794856222553,0.988534596166044,2549,4435707,1
0.029856533540131833,0.0308300395256917,0.0289193302891933,0.0016767027230232062,0.0008307812339436789,0.8708489248771928,0.8862896594536657,0.9396950734571068,-0.020860295298106565,0.0008456922469930677,0.16319650763328716,0.0,0.024830210935114835,0.1936718696556784,52.95794856222553,0.7578573936286598,2579,4435707,2
0.03385917660638707,0.04219745222929936,0.026061057334326135,0.0019133925397824215,0.0009513884084359123,1.3311128588972017,1.176186446075904,0.9004569604782346,0.11123643071279307,0.003585232245096784,0.010685167056057968,0.00023795486479942615,0.06442291985595613,0.2133906779701542,50.30334416064931,0.0,2599,3903317,0
0.09317738791423003,0.08513931888544891,0.10133542812254517,0.0018870757467004556,0.0009393264681324798,1.4468148369440543,1.450787793601863,0.8879225727891733,-0.01645864253184805,0.003514143420295432,0.10136494910554784,0.0,0.06742558368084468,0.4469875298261494,50.30334416064931,0.3004510380995375,2565,3903317,1
0.027630582891748676,0.02617397998460354,0.029039463886820552,0.0019033011774709438,0.0009666516168547162,0.8681291787556048,0.804392459131136,0.8354116216050022,0.067817749626352,0.0013006604577567489,0.10064572869281797,0.0,0.029791231628006985,0.1823664843586975,50.30334416064931,0.6349683122656831,2642,3903317,2
0.02685546875,0.03203883495145631,0.021611001964636542,0.0002929418584342933,0.00014629234968871802,0.7292354490142849,0.8036169803805956,0.8943122490383469,-0.11353277604801512,0.0005546467601672924,0.06114628576521871,2.3151143499803277e-05,0.06750462633504882,0.17836831447358453,89.25169134281833,0.0,2048,20000000,0
0.24114930733709594,0.23233301064859632,0.25109170305676853,0.00028433581767081754,0.00013920384542587876,0.955636343807381,1.0332547118542021,0.9179753958423476,-0.08424318325571582,0.0006648127554293089,0.22525144728099766,0.0,0.07780694107241315,0.7969463190982845,89.25169134281833,0.8559462720427331,1949,20000000,1
0.024293505205751114,0.021174205967276226,0.027607361963190184,0.00029209720652229493,0.00014404891578373322,0.9212755850714619,0.7959064694979665,0.9066108804522758,0.12298399387041967,6.021521779634505e-05,0.0,0.0,0.024950824406431996,0.1649119135463927,89.25169134281833,0.8565363473047314,2017,20000000,2
0.04008016032064128,0.04059328649492584,0.039538714991762765,0.000895271063047278,0.0004435467240474501,1.0150477597688716,0.9203987951495476,0.8032303589203696,0.0818777349023595,0.0022289876697417815,0.041247284243018656,0.00011641476932129321,0.08326046381048634,0.24265960051686464,65.35191174285912,0.0,2495,8034052,0
0.20613868889730957,0.20715917745620716,0.20512820512820512,0.0009423143596262746,0.0004692014330290073,0.7796598986462366,0.7558741440444289,0.8564478182849797,0.02815243139474844,0.0017242595703356694,0.18799339516672317,0.0,0.06804706592391714,0.7340368619161317,65.35191174285912,0.741551235319002,2639,8034052,1
0.04143862392494136,0.03335919317300233,0.04964539007092199,0.0009186401422442672,0.00045496253317731566,1.0400680577143098,0.8074694216673995,0.8340859817933566,0.21139136833110211,0.00040157273957715255,0.15005819525549696,0.0,0.02959761083611682,0.24884978627276466,65.35191174285912,0.7320547802217688,2558,8034052,2
0.031019775106630478,0.03335919317300233,0.02868217054263566,0.0007526010829677517,0.00037147525224379553,1.0869114759827805,1.0415591216403832,0.8844654625699636,0.005046919411993556,0.0015456139459421201,0.018158454430664456,0.00010789442218732481,0.06941249885848573,0.19948047902936067,69.56574782876865,0.0,2579,9916240,0
0.24330900243309003,0.23891625615763548,0.24759615384615385,0.0007187335767432854,0.000355260974193013,0.9229573845371906,0.8698057098604806,0.8840773749250784,0.005138241434286405,0.0015507381906035016,0.3110729860713107,0.0,0.0792340937402877,0.8004998671656491,69.56574782876865,0.8695584515868999,2466,9916240,1
0.02617801047120419,0.023952095808383235,0.028400597907324365,0.0007683076479517868,0.00038508990639607834,0.9035247440042736,1.0637991348519868,0.8975475557948933,-0.18923341892599077,0.00014453793899426066,0.0,0.0,0.01606483306142159,0.17484673724763006,69.56574782876865,0.9014112585103105,2674,9916240,2
0.04334484081319524,0.03798449612403101,0.04859529233105543,0.0029348792891560537,0.001475078138968543,1.0202468330361643,1.195553622970481,0.8595974388816611,-0.1959787318946284,0.00636003464462919,0.04029222906549398,0.00025354423335555534,0.07091343011278806,0.2574233819858389,41.219284841855384,0.0,2607,2525411,0
0.06073338426279603,0.06651198762567673,0.05509433962264151,0.0029513872198543138,0.001480500429503467,1.3251414575387972,1.4101458103586102,0.9027837828037508,-0.07199350679439792,0.005322034119434992,0.09540329724889107,0.0,0.06082966809166044,0.3303493276759593,41.219284841855384,0.10850133281611608,2618,2525411,1
0.03968253968253968,0.03148301574150787,0.04722010662604722,0.002867210814644152,0.001425122535089401,1.0510760333085254,1.2153799903412426,0.8952231035759117,-0.17497818378732774,0.0028597712052160925,0.07337978160119776,0.0,0.03849511772709275,0.24083474743116445,41.219284841855384,0.47105002329207046,2520,2525411,2
0.046347211311861744,0.05042016806722689,0.04203718674211803,0.0022216030767415514,0.0010963755443659604,1.0776407880101386,1.2026614908901816,0.8959784789459629,-0.14057407576517247,0.004798532707204251,0.027556498432872917,0.00021612412715183783,0.07237634255324593,0.27067269344829686,46.86745529068623,0.0,2546,3317530,0
0.08638249717087891,0.09648466716529544,0.076103500761035,0.0022509637301684673,0.0011411942720743176,0.9555661081506475,1.1010541084171779,0.897819499332563,-0.16044459686617996,0.0042408955590370195,0.0814395012194211,0.0,0.06306926163120405,0.4242783837492414,46.86745529068623,0.2111573103239927,2651,3317530,1
0.04130679684566279,0.044764795144157814,0.0379182156133829,0.0022700302168158844,0.001147075990015313,1.0790972823369187,1.1492134777718659,0.877202247856753,-0.08202560941284233,0.0005259695930607203,0.08031546239375036,0.0,0.017272614144158455,0.24825205339345796,46.86745529068623,0.8749118346440439,2663,3317530,2
0.04143337066069429,0.04293785310734463,0.03995560488346282,0.0002532418348081723,0.000127585308030295,1.3183404142843775,1.1226092440145796,0.893703116940855,0.09389023856549854,0.0005323457146687927,0.02133374627298603,2.885067047311838e-05,0.0908875222602937,0.24882597890884559,92.51132464764072,0.0,1786,20000000,0
0.13787281935846932,0.13921113689095127,0.1366120218579235,0.000247067634318473,0.00012692662219830197,1.1201286187766784,1.2848633444268382,0.880186827560094,-0.14810232488758854,0.0005438366088218075,0.14366609913913664,0.0,0.08425044575713891,0.5786406916535154,92.51132464764072,0.3902069908703097,1777,20000000,1
0.038293216630196934,0.039603960396039604,0.036996735582154515,0.0002583099031630748,0.00013058365679814732,0.9192530607772642,0.9333012245479245,0.943967338336868,-0.01691746468171549,0.0002924940089388457,0.03284918228489223,0.0,0.04934466475213986,0.23441116603823814,92.51132464764072,0.5918738644042179,1828,20000000,2
0.03608445297504798,0.037965072133637055,0.034161490683229816,0.010846992626839322,0.005514522988469249,0.8519275610895597,0.8962272244955664,0.9040473374979607,-0.06981374627829898,0.02139146401520915,0.02105232410108084,0.0012264206959471595,0.06551036812843829,0.22404207379449473,13.8657703663708,0.0,2605,675801,0
0.15996938384998086,0.1528709917971663,0.16745283018867924,0.010921285081084512,0.0055283451989294515,2.043828603439271,2.0237324562230814,0.8561885747883231,0.005155186725568622,0.02356919404457221,0.10242024300052072,0.0,0.07066524715090437,0.6342363060602885,13.8657703663708,0.4286049955111783,2613,675801,1
0.034839203675344564,0.04035216434336023,0.028823058446757407,0.01099796075511292,0.0055254228683121655,0.7480358880936616,0.8693535154664989,0.8967235149734837,-0.17842090677475297,0.009688778815253488,0.09584690186114492,0.0,0.03526771940328349,0.2181077466825486,13.8657703663708,0.5311007833529504,2612,675801,2
0.032357473035439135,0.0277337559429477,0.03673163418290855,0.0024266688493596463,0.0012282379280439933,1.0698299946826295,1.1812296064054573,0.8766321028356293,-0.10580159147989768,0.005392129397303758,0.00878055665156865,0.0004375876692171802,0.07243721402116454,0.20608006679375215,44.91797611147743,0.0,2596,3020006,0
0.22574626865671643,0.20044876589379207,0.2509307520476545,0.0024701275893522882,0.0012679452096272998,0.8457704889190242,0.9019348234768215,0.8609702293625473,-0.11032601118529908,0.00459915244758239,0.2581414536780431,0.0,0.062455992426776186,0.7705220727386399,44.91797611147743,0.8372338275220614,2680,3020006,1
0.04132553606237817,0.04140625,0.04124513618677043,0.002462056888887207,0.0012132902824199205,1.0301557493552398,1.3609685105003333,0.8760165732849832,-0.32424720359437037,0.0018964404314790056,0.10597207300615966,0.0,0.03219966770933879,0.24833705966772418,44.91797611147743,0.6238382821527425,2565,3020006,2
0.03580851865812288,0.029618082618862042,0.041605839416058395,0.0003833516957510241,0.00019302183504032395,1.1513127862073385,1.0290272571686585,0.9086546895296088,0.09200674495786583,0.000932821696792855,0.04296544301492772,5.1020396409038715e-05,0.08154641298741429,0.22273271189448263,83.89019420458885,0.0,2653,19637211,0
0.06661619984859955,0.06332046332046332,0.06978470675575353,0.00037496995875985103,0.00019217665005694015,0.9209317427508328,0.7590359396080798,0.8705439975863596,0.16577474073946694,0.0007580450721610186,0.09322010216774948,0.0,0.07353099717740248,0.3531671603999066,83.89019420458885,0.13436513199910705,2642,19637211,1
0.039600153787004995,0.03543307086614173,0.04357625845229151,0.0003799831786160247,0.0001891914715888745,0.8486564419382985,0.7948039324777718,0.9092526578401827,0.04662374256093112,0.0003973011013938826,0.10231127401850025,0.0,0.046394361436190495,0.24045589624727837,83.89019420458885,0.58704488848979,2601,19637211,2
0.04246153846153846,0.0387409200968523,0.04630788485607009,0.00024238183117794712,0.00011608325247985974,0.9570801219489652,1.0898241678557261,0.889324719278837,-0.1630636881944285,0.0004469030556449019,0.011760924792508317,2.2770193724752068e-05,0.07458416826179037,0.2534665995316664,93.2463312155453,0.0,1625,20000000,0
0.2146254458977408,0.22623345367027678,0.20329024676850763,0.00023776046072820694,0.00012013009761034668,1.1356638638526746,1.2010798176683057,0.9010573556712806,-0.11206748560160784,0.00042121162150497097,0.3111855786436037,0.0,0.07281218451318108,0.7502315793732608,93.2463312155453,0.7212747327872328,1682,20000000,1
0.04107142857142857,0.03383458646616541,0.047619047619047616,0.00024243757625283226,0.0001200044573084143,1.193474614294249,1.1827292867129868,0.9001144519374022,-0.003088335175161368,0.0,0.5,0.0,0.028984713656943654,0.24718326646732736,93.2463312155453,0.8487840943471578,1680,20000000,2
0.036130974783590515,0.03896103896103896,0.03338278931750742,0.0017186574175617325,0.0008698043349450521,1.1297185765230309,1.132716513210954,0.8272787000490848,-0.027679939408347103,0.003417136796979974,0.04918459145842454,0.00012878406925710242,0.06595796734117144,0.22426251706094408,52.566185210063146,0.0,2657,4363097,0
0.18616401088223863,0.18632075471698112,0.186010760953113,0.0016565983030671296,0.0008423769631999455,1.0653048257259574,1.0975397324228513,0.8892908989919903,-0.044160211961595634,0.0035598869113890215,0.18365919569669067,0.0,0.07380190755530644,0.6933775387408956,52.566185210063146,0.6916719529764744,2573,4363097,1
0.02773497688751926,0.020694752402069475,0.035398230088495575,0.0016784095293051941,0.0008501758318197627,1.7114778926764296,1.6632447090015259,0.907555149098668,0.022155432069508905,0.0008763348656807836,0.0,0.0,0.0269921827826374,0.18290248146608756,52.566185210063146,0.7470048924706794,2596,4363097,2
0.02544625902012913,0.03009259259259259,0.020942408376963352,0.0033071608040201005,0.0016538944723618091,1.025049494379753,1.062441768268306,0.8861744146710357,-0.036542439709262395,0.0063905728246484725,0.018656415705668433,0.0004770432805627265,0.06766542587195748,0.17101373026907984,39.07108821035414,0.0,2633,2272486,0
0.21651031894934333,0.2310549777117385,0.20166793025018953,0.0033981083318445904,0.0016764084976612058,1.0490197073074528,1.0028774412552863,0.8895045667177512,-0.00021873594134346486,0.006545687336869895,0.29193129576334015,0.0,0.06423995525645582,0.7537440603008112,39.07108821035414,0.7992426741886302,2665,2272486,1
0.029902912621359225,0.028731045490822026,0.031013615733736764,0.0032561293602815064,0.0016183233164881064,0.8846039169606468,0.8763140877329555,0.8457927648682271,0.0011378617598135122,0.0036454584000057528,0.10991714566149391,0.0,0.041881022540581854,0.1939047355481626,39.07108821035414,0.4274682782067041,2575,2272486,2
0.03304215723509305,0.029748283752860413,0.036308623298033284,0.00453065730502115,0.002255051169020924,1.044279570736848,0.8792863456965875,0.8738946891373649,0.15404954170552795,0.010020492024310273,0.040947702574065804,0.0005423309810860452,0.072151150305448,0.20942586898882906,32.60417458466345,0.0,2633,1666831,0
0.1261841606669193,0.1297134238310709,0.12261995430312261,0.004509705502954221,0.0022604202891350787,2.081245336117193,2.190774453893988,0.8940990459025324,-0.07049855585518768,0.008525408773017551,0.07395930863290986,0.0,0.06651804945479556,0.5468795793885207,32.60417458466345,0.3470685536569703,2639,1666831,1
0.041895066562255286,0.03671189146049481,0.04688700999231361,0.004371968671271144,0.0021885550737801847,0.9207213259179949,0.8921698673335464,0.8666557927867247,-0.02360272392781571,0.006627337647426408,0.0536758362083715,1.8002281338169485e-05,0.05286507138288344,0.25091453316349543,32.60417458466345,0.32110665341598543,2554,1666831,2
0.0260038240917782,0.028875379939209727,0.023094688221709007,0.0007049376201263042,0.00035059183655958265,0.946457883975719,0.8559472881554345,0.8766799678893277,0.0866610455891187,0.0012724694883797692,0.0,0.00011417688201316003,0.06577274862177145,0.17393710632688608,71.0856742402289,0.0,2615,10656987,0
0.09886674482219616,0.09453125,0.10320562939796717,0.0006781865452614462,0.0003429801125146326,1.026589446935523,0.9953609430999153,0.8912316268342065,0.009827169067055505,0.001451294719423944,0.1563132242793679,0.0,0.0752525393815391,0.4653929315382168,71.0856742402289,0.3351095814197875,2559,10656987,1
0.020098596890405763,0.01819560272934041,0.022003034901365705,0.0006934557061871614,0.0003535658733982105,0.9950129268653369,1.0821883855495478,0.8862454229772485,-0.11713894355671774,0.0006755107871973851,0.0,4.025426368931694e-05,0.04611544192435986,0.14199377826844659,71.0856742402289,0.4026338397298882,2637,10656987,2
0.04,0.04899598393574297,0.031075697211155377,0.00579720818951905,0.002789801823637656,1.2510410410900257,1.19788969555086,0.9022611977735465,0.030373989874685318,0.013169033404159255,0.054135126458065515,0.0005049230349169523,0.07381158661735669,0.24229218908241482,27.142880959059255,0.0,2500,1280710,0
0.04857363145720894,0.04489164086687306,0.05222734254992319,0.0057199318827374935,0.0028928647502088236,0.8048181588471366,0.8355798670619375,0.9049217622034229,-0.050315628248248076,0.01281999158560715,0.043483920203653846,0.0004345546776277833,0.07297088144880293,0.28030666768201834,27.142880959059255,0.07797500409500653,2594,1280710,1
0.037714285714285714,0.038490566037735846,0.036923076923076927,0.0058706493199263965,0.002929187315112486,0.9952022631286758,1.0907345116318283,0.9233231014783104,-0.117948579514571,0.0034924349292820185,0.07817707371398076,0.0,0.027339077013972167,0.23171228767885174,27.142880959059255,0.709401309839388,2625,1280710,2
0.04366471734892788,0.04243827160493827,0.04491725768321513,0.0029020892241169217,0.0014370383899343444,0.8816156543225846,0.8290210295169058,0.9155791876409001,0.050712986080033745,0.005549625591320134,0.05139199564331459,0.00012504177985182043,0.06385227182205166,0.2588495563843776,41.42907776098615,0.0,2565,2551362,0
0.21709006928406466,0.21543162719633308,0.2187742435996897,0.0029079094801880818,0.0014547946908393292,0.9065087521025762,0.949964754919728,0.8498161897578113,-0.10582377676521429,0.006442227999245318,0.20523040392590075,0.0,0.07225390492763961,0.7548183462257585,41.42907776098615,0.7793276363234877,2598,2551362,1
0.030939648586707412,0.03466872110939907,0.02727272727272727,0.002953806035643937,0.0014662616991497587,0.7424581857611527,0.7410676629386987,0.8531983088834861,0.0014745501680082237,0.002334621016766846,0.026265861003651938,0.0,0.03275705787785967,0.19908248005682658,41.42907776098615,0.7006449023964164,2618,2551362,2
0.04906094288999617,0.050911854103343465,0.04717710750193349,0.0015697004174831217,0.0007853017045471647,0.9560519820538266,0.8310983747116879,0.8897995998887798,0.12514931314285294,0.003287648747206745,0.03974883890826174,0.00010011019241670766,0.06890099982227778,0.28239443872426656,54.27494039013231,0.0,2609,4744427,0
0.18148893360160967,0.16666666666666666,0.19615692554043235,0.0015431578338821455,0.0007482433594530988,1.3385493906722554,1.5364653519303244,0.8439715068295639,-0.15655441733186184,0.0029422984421938305,0.15022662615871013,0.0,0.06537164973469975,0.6833234657959938,54.27494039013231,0.6073309600603003,2485,4744427,1
0.036736272235112145,0.040123456790123455,0.03333333333333333,0.0015644511434067172,0.0007783129389861044,1.4497493452135843,1.5353464641222763,0.8871051827398908,-0.06942206147258453,0.0020204109375094037,0.10476637000064025,0.0,0.04664497000062775,0.22712258276564334,54.27494039013231,0.3460891113948233,2586,4744427,2
0.033440773569701855,0.025347506132461162,0.04130262112787927,0.0011455887128800444,0.0005543675541759154,0.9055454852819907,0.9540421294558613,0.8920461796290198,-0.08007489922797767,0.002488218148600935,0.08110082173834311,7.17749371925597e-05,0.07271818991430688,0.2113639847944404,60.521181539953986,0.0,2482,6398355,0
0.07228915662650602,0.07011686143572621,0.07430340557275542,0.001129358177129269,0.0005559711073649426,1.0631083615848538,1.013702755673708,0.8985469459487488,0.017466007855973208,0.0021225256713780947,0.06544274801555264,0.0,0.06803022109798472,0.3744088453489206,60.521181539953986,0.20751896734750552,2490,6398355,1
0.02896825396825397,0.025167785234899327,0.03237951807228916,0.001148722629366932,0.00056263965520013,1.2071698826907307,1.0342332151397777,0.805051441590051,0.13045633155918432,0.0011686539294730538,0.02300190930127762,1.35664523026086e-05,0.04071345369914688,0.18919101698469637,60.521181539953986,0.4416092756105957,2520,6398355,2
0.038228614685844056,0.036021926389976505,0.040293040293040296,0.0006987455827675693,0.0003527777239961624,1.4791565168436946,1.4584132896547146,0.9243903499078583,-0.0036457182280832225,0.0013754693111856068,0.05479572154557173,4.188826465134122e-05,0.06540985766092394,0.23411065701764294,71.13705682936899,0.0,2642,10701192,0
0.07167630057803469,0.07289293849658314,0.07042253521126761,0.0006868197868162633,0.0003463461614434907,1.5134797350820859,1.7876201136000884,0.8940702832633021,-0.18966727918643372,0.0015031424921651344,0.06751486657021355,0.0,0.07650896777716508,0.3721483666970467,71.13705682936899,0.12106967131927779,2595,10701192,1
0.03476331360946745,0.03404255319148936,0.03554868624420402,0.0007132865676511526,0.00036098200990617937,0.9090809772129815,0.8960146372518556,0.8636398965138821,0.0010020765781874376,0.0005102350344713492,0.13861116102391455,0.0,0.03067701396750085,0.21774395892970205,71.13705682936899,0.5948057743407533,2704,10701192,2
0.023713826366559485,0.02338709677419355,0.02403846153846154,0.010579861393192143,0.005182653110112631,0.9054694505375319,0.9580017576855204,0.859775102586305,-0.06740177145307684,0.01953635942526188,0.03619198944678236,0.0012055170483469247,0.06203060586567961,0.16181319155228072,14.166535671001023,0.0,2488,685889,0
0.1894374282433984,0.19171779141104295,0.18716577540106952,0.010864872193310877,0.005450165298737055,1.0790801173863565,1.1707063629121195,0.8484592122698666,-0.09356233902211118,0.02051217516231005,0.17607400067448428,0.0,0.0631773485477924,0.7002931188399519,14.166535671001023,0.7260361718750163,2613,685889,1
0.030466640956421133,0.03051643192488263,0.030418250950570342,0.01071997833085041,0.005402702392982529,1.16325743448001,1.1154516203559601,0.8934806742391498,0.04085249446538257,0.009311787477230342,0.05530130757290339,0.0,0.03492617803253935,0.19672666816176063,14.166535671001023,0.45129784285677327,2593,685889,2
0.025891181988742965,0.0275092936802974,0.024242424242424242,0.0035093217400581442,0.0017769983730296323,1.173526787396583,1.0927303342137005,0.8863655648862178,0.0615461365306548,0.007116538344571274,0.0,0.0006857793963560652,0.06868055091547062,0.17334795061334599,37.858158469555626,0.0,2665,2144209,0
0.12713841368584758,0.12596599690880989,0.12832550860719874,0.0034434949842575475,0.0017127575129588886,1.1391303151636758,1.310212689116398,0.8830298166843814,-0.15866487647067914,0.007432181044986393,0.11363517687192906,0.0,0.07233074245437107,0.549537717003734,37.858158469555626,0.41174267088466726,2572,2144209,1
0.03160270880361174,0.03305785123966942,0.03014318010550113,0.003528085142945062,0.0017703700792803426,1.0119916299703169,0.9998740484511026,0.898736103776191,0.007841283672462696,0.002121885889215167,0.0389201063984794,0.0,0.027520051090630913,0.20236675944415708,37.858158469555626,0.7244688711127996,2658,2144209,2
0.034197670048853816,0.036897590361445784,0.03150787696924231,0.0004885637413683035,0.0002528331613732119,0.7751781425551282,0.6448671291531655,0.8991548733660922,0.16649135065194304,0.00085270487994865,0.05940376466596155,2.1385827696885612e-05,0.07089220954338041,0.21502464487307707,78.51232241364458,0.0,2661,15032687,0
0.20328620557890714,0.2053030303030303,0.20123361603700848,0.0004885997199531127,0.00024867084152417265,0.8612889062429846,0.7865842398837617,0.8800033285171389,0.07856183913993003,0.001162697288273795,0.24510388837895494,0.0,0.08681049331321464,0.7284520171646159,78.51232241364458,0.6822813341350935,2617,15032687,1
0.0327613104524181,0.0343213728549142,0.031201248049921998,0.0004901365833973051,0.00024369016866990312,0.9481833615140023,1.0706605280565815,0.8928750630826834,-0.14839783313356952,0.0005111560301544777,0.07001407415846195,0.0,0.05471451012864096,0.20805605808772512,78.51232241364458,0.444720429588373,2564,15032687,2
0.0305019305019305,0.03002309468822171,0.030983733539891558,0.010134361961618134,0.005066202949351663,1.3467065246141028,1.1502491870718488,0.8873050549890753,0.11358957042273679,0.021079810082561632,0.025343845168934436,0.0013796004029620723,0.06850160265831998,0.19690280275510255,15.479919707902345,0.0,2590,730462,0
0.1790644171779141,0.1826625386996904,0.17553191489361702,0.010150158963071655,0.0051024700415749575,1.0609804878980658,1.0081916290670678,0.8661929898737114,0.03392422485300208,0.021323875771379282,0.21470130857134337,0.0,0.06907833214734842,0.67802605586076,15.479919707902345,0.6382265194368755,2608,730462,1
0.03308389129578574,0.0338849487785658,0.03228346456692913,0.010073154250683067,0.004972922154867647,0.9008494246883378,0.8026736119419883,0.8692811236068897,0.09627714555781085,0.008601425956548475,0.027219822864391396,0.0,0.034517565358441096,0.20962911934641784,15.479919707902345,0.6818186199241809,2539,730462,2
0.034021406727828746,0.037065052950075644,0.030911901081916538,0.004117173820453362,0.002063319293928352,1.1114880723503069,0.8677574594075952,0.9036910723202368,0.20963041758055262,0.009730872076495289,0.010338816756572429,0.0007872294325422173,0.07635780323595383,0.21417441864049225,34.32568334837585,0.0,2616,1811408,0
0.13986280487804878,0.1383061383061383,0.14136125654450263,0.004157877928867406,0.0020690824360607004,1.411889661402207,1.599196594863048,0.9062805063868502,-0.15013834618162225,0.009000362890429678,0.13615895422863777,0.0,0.07084695144954725,0.5838793971876596,34.32568334837585,0.4121747973940104,2624,1811408,1
0.0395738203957382,0.03682946357085669,0.04205946337926034,0.004080470153475224,0.0020733711452693136,1.0450562990180905,1.2063060522361961,0.866166519398951,-0.15655924215196917,0.003116670262797011,0.029456472930144927,0.0,0.03202048312794345,0.24033474798495238,34.32568334837585,0.6081561448790564,2628,1811408,2
0.025067489394523718,0.03127506014434643,0.019316493313521546,0.009041997224173677,0.00444303558883501,1.0537002442754198,1.0517162479041782,0.8924540819306337,-0.006449999515987014,0.01941490928337171,0.0676064564201948,0.0009219160667188601,0.07036301260332291,0.16901750541613086,18.239510277662063,0.0,2593,833731,0
0.14668218859138532,0.1423047177107502,0.15109034267912771,0.008888759512051453,0.004412701456859293,1.4811990855987522,1.2746956877642475,0.8354739945985724,0.13410470849159684,0.021084026767128786,0.18151104189355036,0.0,0.07659350608467977,0.6014748195516493,18.239510277662063,0.5234714818726846,2577,833731,1
0.02405898331393093,0.02421875,0.023901310717039322,0.008870739913193107,0.0044122556950972084,0.769062677273708,0.7888434692559965,0.8934929846437981,-0.03690881275760595,0.0005060247765405045,0.0,0.0,0.014092889748189483,0.16366074764673533,18.239510277662063,0.9669045961408644,2577,833731,2
0.03417198648141194,0.033576642335766425,0.03480278422273782,0.0030167892355166394,0.0015066972494712698,0.9960835064055538,0.9994190324137089,0.9135706722888329,-0.006064326643486055,0.006485476518146859,0.0,0.0005676758010697337,0.07043512493475423,0.214900841882953,41.20127308709728,0.0,2663,2524203,0
0.07339104252916824,0.07236335642802155,0.0743740795287187,0.0029306164253722687,0.0015035041209140987,0.9729613985006651,0.8410304293398835,0.83804522375918,0.09404697218770236,0.006143328621742593,0.08420883020718195,0.0,0.068951297376729,0.37845279640999935,41.20127308709728,0.18844143943383335,2657,2524203,1
0.03213317847464189,0.03607843137254902,0.028287461773700305,0.002927393503882705,0.00146313030582992,0.7955947848197207,0.676849201269338,0.9003122009379506,0.13749111696815514,0.004158245798902998,0.043951254463520786,9.086399065032376e-05,0.050220649942623534,0.20497934520068767,41.20127308709728,0.3633273497930118,2583,2524203,2
0.033083370092633436,0.027506654835847383,0.03859649122807018,0.00032213910652325976,0.00016192668613929708,1.1570952576114135,0.885013210441028,0.8399714724171691,0.21309375401756372,0.0006701210113482337,0.027492225574151374,4.024767500690594e-05,0.07230436681421808,0.20962658150317418,87.07948575136363,0.0,2267,20000000,0
0.2619360490582567,0.2726495726495726,0.25067385444743934,0.0003205048304656592,0.00016307388632785824,1.0827817793023635,1.1049664468419638,0.8769685942509963,-0.056565746859639644,0.0007101936234198746,0.2803474152491817,0.0,0.07226620414309282,0.8296538663678887,87.07948575136363,0.9598851047972278,2283,20000000,1
0.03580901856763926,0.03421727972626176,0.03751143641354071,0.00031800352075326546,0.00016157321741776427,1.0653442335538352,0.9164434462438052,0.888138116067308,0.11127851797784957,9.608337865437644e-05,0.30467657750370286,0.0,0.01922506567638474,0.222735086931849,87.07948575136363,0.8751395467533654,2262,20000000,2
0.043835616438356165,0.050684931506849315,0.036986301369863014,0.0002098054809592418,0.00010429554041555773,1.018735067906556,0.855407598641979,0.826606434202853,0.15367951702924523,0.0004435319589536738,0.1706353708421681,0.0,0.06944345505220052,0.25961006213130117,96.3939532781357,0.0,1460,20000000,0
0.06703524533517623,0.07514450867052024,0.059602649006622516,0.00020643349634198415,0.00010335960872209379,1.3226205580110093,1.483272616775635,0.8789188110324844,-0.1411434829993934,0.0004806721196565196,0.028975625824108345,1.3202761172905867e-05,0.08131114326170961,0.35476107259343004,96.3939532781357,0.1578400764189869,1447,20000000,1
0.03582853486884197,0.039540816326530615,0.03209242618741977,0.0002171331636980492,0.00011163787330922726,0.814257495987719,0.7693357423488492,0.8827932433680873,0.04740743138419833,7.18301126751901e-05,0.0,0.0,0.042553506421285144,0.22282779944038955,96.3939532781357,0.49964011387189255,1563,20000000,2
0.038955979742890535,0.03984674329501916,0.03803486529318542,0.0031697649013840627,0.001585191214076152,1.005460949696289,0.910714601993035,0.9091508399949253,0.07007757671525429,0.006156918180172822,0.029771533954368688,0.0002784677705416653,0.06967296367548452,0.23748474702735597,39.439538175087286,0.0,2567,2312860,0
0.18223583460949463,0.18658442559753277,0.1779467680608365,0.0032491704081449827,0.0016137731709592498,1.2634705396841739,1.3893144432540778,0.8819790488476038,-0.10240368811772006,0.006557477290886535,0.1922889427512957,0.0,0.06678782409084248,0.6849438655360187,39.439538175087286,0.6756300378383154,2612,2312860,1
0.03795066413662239,0.03837798696596669,0.037480063795853266,0.0032072977913928553,0.0016274272444290726,0.8894484154214563,0.8720134584623165,0.8891938238092909,0.005779683601487717,0.0005970131162415653,0.24718204603637783,0.0,0.019303902938665053,0.23281584241816172,39.439538175087286,0.9072695720998609,2635,2312860,2
0.02613023641642472,0.0272654370489174,0.02491408934707904,0.0003388706740046969,0.00017225747312361886,1.241254116485026,1.4080896273419168,0.8588426547529483,-0.15330260304689908,0.0006722997370094545,0.017905099127148067,5.082005374423365e-05,0.06944894222112835,0.1745974243611752,85.87186607316502,0.0,2411,20000000,0
0.051260851591566764,0.055234954657873044,0.0472636815920398,0.00033538495585241034,0.00017280004434653474,0.948072913313133,0.9186975797499245,0.8484157740328755,0.011439211822787504,0.0007790610628803992,0.1293814893327564,0.0,0.0752325949278516,0.29172901082607694,85.87186607316502,0.12002926486342633,2419,20000000,1
0.027617477328936522,0.028386050283860504,0.026823134953897737,0.00034459559949133575,0.00017329786989344538,1.1280030573760265,1.387452729448682,0.8995126013428804,-0.24854456481648404,0.00017632812660500465,0.04918514291713174,0.0,0.026807113739773798,0.18229915428680743,85.87186607316502,0.6992048351520779,2426,20000000,2
0.03814064362336114,0.041996830427892234,0.034262948207171316,0.0014808011157392633,0.0007348533928067283,0.8291288129386094,0.8238816629391444,0.8613263110904932,-0.010982521495698186,0.0031674385939089423,0.04302532872160914,0.00013887276307478344,0.07182764845301884,0.23370117843127883,54.947987316842585,0.0,2517,4892711,0
0.1840736294517807,0.18769716088328076,0.1803411860276198,0.001458704053230148,0.000729352026615074,1.4421256289545024,1.3882653890261656,0.8775050498057849,-0.0019889670806853893,0.0033727359099473136,0.17156349355968467,0.0,0.0766503051245694,0.6889079992886835,54.947987316842585,0.6680981542240904,2499,4892711,1
0.031039640987284966,0.03003003003003003,0.03204172876304024,0.0015152780803985287,0.0007810049319556025,1.2680001798391665,1.035633235772426,0.8872741751925055,0.16794931668435018,0.0005193260072313373,0.2476295528458585,0.0,0.02034981943982902,0.19957910777158047,54.947987316842585,0.7868338083147188,2674,4892711,2
0.031189083820662766,0.036490683229813664,0.025841816758026624,0.005678872450687218,0.0028055292442243284,0.9580709326549374,0.9591973136921494,0.8402012704477443,-0.02368516389223714,0.01092890926805225,0.06737933334833063,0.0003511907310531499,0.06419039549335319,0.20032044512663255,27.565302648833168,0.0,2565,1306212,0
0.1369969040247678,0.14308053166536355,0.1310344827586207,0.0056769407863840795,0.0028220883016576493,1.7835208434922007,1.5556946465976804,0.8679744922505848,0.12685988240733376,0.012262617325189887,0.11877684581492283,0.0,0.07072006367139391,0.5763196143106127,27.565302648833168,0.429440459700954,2584,1306212,1
0.0296527506827936,0.03218210361067504,0.027152831652443754,0.005693861298940863,0.0028074964427059314,1.2320789269577095,1.2406233854148,0.9067639282355799,-0.014975889949344921,0.004427910434494227,0.03206697558846658,0.0,0.03240469130194085,0.1926474194503137,27.565302648833168,0.6113111810397345,2563,1306212,2
0.020023103581055062,0.017241379310344827,0.022961203483768806,0.013673958050147431,0.006788619586356888,0.9055987050829885,1.0195617673956676,0.8742819975232902,-0.13532693963243758,0.023162918597831775,0.0,0.0022590254358595585,0.05942565794732262,0.14157024280843494,9.457891381861593,0.0,2597,546990,0
0.25485625485625485,0.2684251357641583,0.24124513618677043,0.013710869940067196,0.006724805492708263,1.1935792819139475,0.9621690552414012,0.8923286224318032,0.1790656306212504,0.027835071754897328,0.27540843347860666,0.0,0.06711891812686113,0.8188847645399566,9.457891381861593,0.9356499688687997,2574,546990,1
0.023246650906225373,0.02048857368006304,0.026004728132387706,0.013480661250352896,0.0066344615577653004,1.192183576194956,1.2165501255354876,0.8835917513231578,-0.027969642412648897,0.01563332732288197,0.0,0.0010117127449787826,0.042992931265825124,0.159300649959572,9.457891381861593,0.36209326925593477,2538,546990,2
0.03195995379283789,0.035153328347045626,0.02857142857142857,0.0029588150206980805,0.0014742982748950336,1.0390498279111176,1.3607327730419416,0.8433313318307949,-0.322217103846455,0.005986038751477824,0.0,0.0005205493868280181,0.07021775978810879,0.20412765180318548,41.18101049188082,0.0,2597,2516471,0
0.24904942965779467,0.2554634513941221,0.24251726784343822,0.0029855848151952528,0.001493360225173738,0.8700884011664929,0.7683180914727964,0.8820678263074185,0.04748687939466647,0.006065679609125734,0.22259508328997293,0.0,0.0671607460068928,0.8097680269123217,41.18101049188082,0.8785212279019906,2630,2516471,1
0.03597678916827853,0.038880248833592534,0.033102386451116246,0.003016545881861507,0.0014671253254208833,1.0246520833838895,1.0398727741456502,0.9260776706569892,-0.018450902074000956,0.0013000830477863418,0.0,0.0,0.0260393177454207,0.2235315651369741,41.18101049188082,0.7634760787245398,2585,2516471,2
0.03600153198008426,0.0311787072243346,0.04089506172839506,0.01676639745274763,0.008431637856148701,0.9321093180101883,0.8982757702302197,0.9004530029356111,0.02095343930954876,0.03550845501727224,0.030326628852416205,0.0019522115880306278,0.06954931437620288,0.2236489305625994,5.07256043295663,0.0,2611,443026,0
0.14754703061600885,0.14015151515151514,0.15456506110711718,0.01681946824405655,0.008748576057106161,3.4565624731541065,2.7081462904218463,0.9032212093154103,0.20603528897264262,0.028952261267849968,0.15206880501994882,0.0,0.05856033001478649,0.6036675515910924,5.07256043295663,0.4244093878900287,2711,443026,1
0.026368357970435477,0.024603174603174603,0.02815768302493966,0.016523329044491095,0.00807140761092139,1.1391235615051618,0.9748937285635703,0.8978043005992804,0.0832836851955713,0.0,0.5,0.0,0.009594599767568143,0.17583880124349002,5.07256043295663,0.9890656825031898,2503,443026,2
0.02691272587466359,0.02881619937694704,0.025056947608200455,0.0028552725809740465,0.0014295599582509132,0.7834413777975576,0.9375733844769207,0.8590531383541054,-0.26927008606909936,0.006248273407341266,0.038213494121683275,0.0003995649581847275,0.07314676309947217,0.17866477966837013,41.86295456724897,0.0,2601,2600827,0
0.15027537372147914,0.1592851592851593,0.14103585657370518,0.0027913759670222006,0.001396786950427251,1.1787242888954668,1.0007633515950556,0.8794009716107226,0.14584190882121842,0.006249361147266819,0.1312285996524172,0.0,0.07627222743657514,0.6105289987423899,41.86295456724897,0.4568667267963837,2542,2600827,1
0.025591314462970142,0.026535253980288095,0.024603174603174603,0.0029069559853245963,0.0014166741281466618,1.1528502208413298,1.2360727318838254,0.8832871824215752,-0.08876836446700567,0.0034109737860143017,0.07352133298987337,1.000708664650223e-05,0.04337258596912798,0.17177599729842497,41.86295456724897,0.30568634164533676,2579,2600827,2
0.026651216685979143,0.02972560975609756,0.023492560689115115,0.0007820900623566018,0.00038946550710545146,1.0761220100360758,1.234350798346806,0.8814375879187608,-0.20503003003837564,0.0017082841179683523,0.0406306292173518,0.00010690438216605849,0.07139024701807282,0.1773092638616267,68.65436584028511,0.0,2589,9499929,0
0.2348966613672496,0.24081313526192338,0.22877930476960387,0.0007545616992182006,0.0003784088569330263,0.8399549816570265,0.8523344171436597,0.8614192383516102,-0.017592306337954253,0.001613942123459944,0.2661116532708777,0.0,0.07184119226643396,0.7864501021976709,68.65436584028511,0.8718384420457618,2516,9499929,1
0.029736942432329393,0.033182503770739065,0.026214340786430222,0.0007844037373416189,0.00039453326999943744,1.3233442112465783,1.288321044703849,0.8849407492162914,0.018845001377310287,0.001194165111181626,0.041711199876053345,4.0610687390788705e-05,0.05304565601201067,0.19307091696104325,68.65436584028511,0.35075789590941686,2623,9499929,2
0.0333869670152856,0.035541195476575124,0.03125,0.000353550213161792,0.00017748906096934873,1.0417072014737223,0.9483494052028485,0.8872879690401205,0.07633214355644057,0.0007010059095163492,0.045914304473517305,3.0595946236831315e-05,0.06926871777770562,0.2111027873626767,84.97966476832423,0.0,2486,20000000,0
0.12215568862275449,0.12470771628994544,0.11947626841243862,0.00035771857833722574,0.0001789307185971946,1.2760183023375635,1.3023176731104402,0.8852300332430605,-0.028607206257277397,0.0007799752448673678,0.1363456866318923,0.0,0.07128383920884329,0.5355257449863526,84.97966476832423,0.2883742904821572,2505,20000000,1
0.03993344425956739,0.03916666666666667,0.040697674418604654,0.0003466662075881254,0.00017172585267707675,1.1579292111685697,1.1897941418029845,0.8848189639378493,-0.03304776203373443,0.0004556494898973489,0.07882441807289238,0.0,0.04728036553505168,0.24198695025236486,84.97966476832423,0.3913967657611748,2404,20000000,2
0.03400309119010819,0.031055900621118012,0.036923076923076927,0.0029087400131505405,0.001433597248911369,0.7910044250565589,0.7417552533080374,0.9117431388000428,0.056851079433464013,0.005713265200231536,0.03979212069388093,0.00026383894066029306,0.06529034762649155,0.21408599344779894,41.670333415924844,0.0,2588,2581994,0
0.15211589782691576,0.16107871720116618,0.14228617106314947,0.0028842828168795845,0.0014515490845501055,1.2936673339843079,1.2023404563601914,0.9039457118451264,0.028908296044886834,0.00628421663905104,0.16634812624635978,0.0,0.07123849010950589,0.6151101077854583,41.670333415924844,0.49315054533793345,2623,2581994,1
0.027340823970037453,0.026395173453996983,0.028273809523809524,0.002968171835236582,0.0014774457121703346,0.9496429033980023,0.810063087021544,0.8905325644736809,0.11641728501634803,0.0028345546016467506,0.020706163396990714,3.226193297370508e-05,0.037319336362099144,0.18087568258013528,41.670333415924844,0.3937649166805122,2670,2581994,2
0.029106858054226477,0.024740622505985636,0.03346613545816733,0.002547546120273543,0.0012525476709755038,1.111830049189391,1.0190211331952828,0.8646540343434703,0.07508844609289576,0.0050376990691952585,0.044716100214613135,0.00025590082187441405,0.0656589572703465,0.18989282836843785,43.833878757190156,0.0,2508,2860970,0
0.06257153758107592,0.06557377049180328,0.05942142298670837,0.002584073536719665,0.0013090175376386242,1.379535819571695,1.0547494236807944,0.9000338264407597,0.1881356250447174,0.004635408759884105,0.041652719045234717,0.0,0.06222937000104348,0.3375694931390986,43.833878757190156,0.13781441208475154,2621,2860970,1
0.03500188182160331,0.036613272311212815,0.033432392273402674,0.0026374179678095144,0.001327200670543538,1.0699947867125477,1.0656748074625753,0.9235195492033819,-0.05950446761359858,0.00024496987115322946,0.0,0.0,0.01827276972952942,0.2188867311719147,43.833878757190156,0.8447922307232003,2657,2860970,2
0.025443330763299923,0.024737631184407798,0.02619047619047619,0.0019985129279631916,0.0009805452118661847,1.185912773517255,1.2185465644078213,0.8469956570600636,-0.03807499803109021,0.003812867227802204,0.0,0.0003577784905663881,0.06372937277983762,0.1709983296837064,49.56085413363519,0.0,2594,3778022,0
0.0805184603299293,0.0772762050497322,0.08393866020984665,0.0019663869548634436,0.0009624031501503896,1.4118412904777413,1.2966115334075872,0.8930544586738304,0.07223455474987672,0.004149333642174151,0.10524686847357108,0.0,0.06933579542021082,0.4040033879784049,49.56085413363519,0.22604225593644744,2546,3778022,1
0.02796116504854369,0.028861154446177848,0.027068832173240527,0.001968222672624884,0.0009733384639925248,0.9352818558289707,0.9820053538941661,0.9244362806933,-0.06091074991778706,0.0010957269327671083,0.0,0.0,0.026280625217877773,0.18406181713202424,49.56085413363519,0.7024829990092721,2575,3778022,2
0.024240092343208928,0.026676829268292682,0.021756021756021756,0.0021758757523019224,0.0010883566359185329,1.0003028712035287,0.806782344704905,0.9208354424467353,0.1874392036021272,0.004047074663763276,0.02357369437452568,0.00028571451041486257,0.06240239492141168,0.16462725336483944,47.46721319240906,0.0,2599,3412031,0
0.1480225988700565,0.15104166666666666,0.14492753623188406,0.002207222601959444,0.0011119878573438945,1.1393107538645644,1.2382238180784868,0.9182335594008382,-0.09088579653905705,0.003932439253995562,0.13137824913716248,0.0,0.06348804190679981,0.6048696551330955,47.46721319240906,0.5054591546413627,2655,3412031,1
0.03127354935945742,0.030007501875468866,0.03255109765329296,0.0022017615767275602,0.0011111380917731403,1.113196768675574,1.1106504606327463,0.9115100759479734,-0.00712366593919762,0.0015332139473000568,0.11910373773017575,0.0,0.030151184844106883,0.20073897925145762,47.46721319240906,0.7307964751237748,2654,3412031,2
0.03970701619121048,0.03577106518282989,0.04341317365269461,0.0005181599595357054,0.0002605868427754207,0.9121366203874985,0.9169350393690093,0.910763129447178,-0.01164000773791327,0.001164998228926267,0.11887631556931856,5.828316680482563e-06,0.07482885724387327,0.24094725301584932,77.18692852096275,0.0,2594,14221751,0
0.16614173228346457,0.16692426584234932,0.1653290529695024,0.0005090842963017292,0.0002551952067508175,1.1758828885093011,1.3764337165018026,0.8622581565615983,-0.1737227301321448,0.0010887927449868807,0.1624304968233475,0.0,0.0768836505196203,0.6488021293956697,77.18692852096275,0.5523576677970705,2540,14221751,1
0.038087835211815003,0.03333333333333333,0.042868277474668745,0.0005171673854235146,0.00025848323284667895,0.989863397859608,1.10528264119981,0.8516362649191376,-0.11711172774157166,0.0004656143865119992,0.015426596930740307,0.0,0.042452657664797507,0.233455225172289,77.18692852096275,0.633355257045378,2573,14221751,2
0.034296724470134876,0.03635014836795252,0.03207698476343224,0.0012026607755214658,0.0006088382193675778,1.1515491102343767,1.2127078775800122,0.8826554014198482,-0.06335392287287811,0.002016534977090634,0.039805124845077,6.908263564633219e-05,0.05900254200586928,0.21550184911938888,59.49887014611473,0.0,2595,6087080,0
0.15894293374186136,0.15683229813664595,0.16099773242630386,0.001204805420286501,0.0006128476431654109,1.2734363019793435,1.3071013354140737,0.903033632106696,-0.028202775803687317,0.0027683533934280006,0.22114219275835884,0.0,0.07621045728509568,0.631774708669546,59.49887014611473,0.5078571643776645,2611,6087080,1
0.0383423702556158,0.041050903119868636,0.03592375366568915,0.0012200986682368506,0.0006057094330681693,1.3778709877912398,1.4846299714753708,0.8939471771057255,-0.09744251084391552,0.0016449393335493969,0.020907892068956633,3.386368302744951e-05,0.05152642126283185,0.23463970453841565,59.49887014611473,0.3357386465113187,2582,6087080,2
0.04176157934700076,0.05100463678516229,0.03283582089552239,0.0007253104209067466,0.0003618995356446998,1.0452684714981204,0.8733431361911276,0.8904255891558247,0.16160136900063304,0.0013856302254066813,0.020555589627327914,6.528470787202436e-05,0.06867446777540138,0.2503114736036418,70.55758533672359,0.0,2634,10396499,0
0.15833333333333333,0.16629044394281414,0.15026697177726925,0.0007141348835656516,0.000362700287151466,0.9900522966656966,0.8293050325204633,0.9000378106063653,0.15708031905105152,0.0016371808861333995,0.1768317677378342,0.0,0.07604469695602493,0.6303074079971902,70.55758533672359,0.4527797544311509,2640,10396499,1
0.042059748427672954,0.042286609240407204,0.041831097079715863,0.0007015354763260979,0.0003495996575462474,0.9646715927243726,0.7557589723626278,0.8804209258144855,0.20343640065638302,6.837943749750935e-05,0.22469656961789525,0.0,0.013552236651935955,0.2516576395993302,70.55758533672359,0.9465051495049026,2544,10396499,2
0.040983606557377046,0.04059328649492584,0.04137392661982826,0.0022740220466719884,0.0011133278202892479,0.8622327150743855,1.0038062460920685,0.891052217752207,-0.18579088966754365,0.004856315907774773,0.026910461175258582,0.00025002970490062087,0.07167966903003745,0.24678395505718845,46.67311641139713,0.0,2562,3287539,0
0.27692895339954166,0.2772657450076805,0.2765957446808511,0.002272800359476187,0.0011377038893133188,0.9148388421337794,1.0330952027913551,0.8214354751232189,-0.1596827238762746,0.004932520564974556,0.32124555936152815,0.0,0.07100178234263951,0.8512324720822617,46.67311641139713,0.9927657563636737,2618,3287539,1
0.036897590361445784,0.03225806451612903,0.0413589364844904,0.002262840501239371,0.0011537923538667248,0.9115085581898889,0.8874047830218716,0.8754985110157361,0.02441930310947056,0.0028297401732801115,0.01928334200802524,4.794587811696974e-05,0.04551068885555872,0.22788228949356715,46.67311641139713,0.3868214072455551,2656,3287539,2
0.025974025974025976,0.020030816640986132,0.031818181818181815,0.0006413646105968839,0.00032315099125147074,0.9725032441123377,0.8933775679368168,0.8635889869051123,0.04651075409312794,0.001387814273230744,0.043625185841938266,8.479964905994495e-05,0.07082458576881903,0.173781322679433,72.89476276501733,0.0,2618,11572612,0
0.23863194714341235,0.23356535189481825,0.24375,0.0006436627000057774,0.0003176340865199205,0.9514032015422006,0.7587334202654707,0.8982415067021503,0.1471187184435036,0.0011555194741658071,0.23815795341210858,0.0,0.0688187084341627,0.7927578440969976,72.89476276501733,0.8368827019511985,2573,11572612,1
0.039907904834996163,0.03861003861003861,0.041189931350114416,0.0006546926512447431,0.00032172903057586284,0.8304220599636748,0.8640434134619571,0.9088742310797782,-0.1570302378269813,0.0,0.5,0.0,0.017163964538290732,0.2418697767609378,72.89476276501733,0.9673220861389076,2606,11572612,2
0.0260038240917782,0.03092006033182504,0.02094647013188518,0.001182565048536114,0.0006001179122689575,0.9495263204549388,0.9423559543861943,0.870964120224972,-0.002205890535968238,0.0021925058985091945,0.0,0.0002001326106383993,0.06389538545088962,0.17393710632688608,59.926487943838445,0.0,2615,6227919,0
0.18300153139356815,0.17846153846153845,0.1875,0.001189939097045405,0.0005990980958910174,1.182531983308184,1.1644081294849524,0.9181083403782926,0.011191330961511148,0.0028061709102198133,0.1614304468253065,0.0,0.07621268282212676,0.6865994366711932,59.926487943838445,0.6609130378560681,2612,6227919,1
0.02418426103646833,0.024297646165527716,0.02406832298136646,0.0011902402592517153,0.0005975285942090418,0.7798961695827556,0.8477404068173212,0.8244368095553221,-0.0871146462939517,0.00012678995256583484,0.0,0.0,0.015451526767148081,0.16432951823185893,59.926487943838445,0.9302794663055545,2605,6227919,2
0.034975369458128076,0.03787878787878788,0.03182751540041068,0.00029223933480012574,0.000145012429636826,0.7786315027238558,0.7413353102165651,0.901351731822345,0.029913056048921204,0.000619297421988488,0.13419338174185935,6.577723184812532e-07,0.07167726595507859,0.21875985392128966,89.41673734263318,0.0,2030,20000000,0
0.2470414201183432,0.2545090180360721,0.23980582524271846,0.0002824958029194995,0.00014485499072585208,0.9510340580129671,0.9452401270554766,0.8646240991055144,-0.023156425620326777,0.0006711623144333287,0.3197286600209466,0.0,0.0810387868481168,0.8065551219394393,89.41673734263318,0.9845799555100567,2028,20000000,1
0.04036326942482341,0.03621730382293763,0.044534412955465584,0.0002846132167092884,0.00014155668645365362,0.8769774792601335,0.7497342464091064,0.9029251619244221,0.13510246516511157,1.67526248952543e-05,0.5,0.0,0.014632384588265468,0.24395529396359178,89.41673734263318,0.8845717235860697,1982,20000000,2
0.03554970375246873,0.03875,0.031988873435326845,0.000218246898036478,0.0001085162154230475,0.9460311499007128,0.7927133565401399,0.8976661571501324,0.16023041774301863,0.0005449270886570018,0.011891612978545654,4.390418330459204e-05,0.08285374307339141,0.22150169376778034,95.42144318597178,0.0,1519,20000000,0
0.17866323907455012,0.18441558441558442,0.17302798982188294,0.00021696514555310752,0.00011116159581186542,1.1163383486400373,0.9663866273590365,0.9190207404843089,0.12545122439773956,0.0004327049673211246,0.26275192066523084,0.0,0.06894426308731591,0.6771439614467357,95.42144318597178,0.6346806025880212,1556,20000000,1
0.037598944591029027,0.04699738903394256,0.028,0.00022029507682647941,0.00010829031662417082,1.0156622910583664,1.2201534699643775,0.8187900198611301,-0.21110233272358303,4.187168299342817e-05,0.5,0.0,0.018896803252185013,0.2311730013639722,95.42144318597178,0.9689381596815554,1516,20000000,2
0.02691107644305772,0.02929532858273951,0.024596464258262875,0.003007808361812598,0.0015006850826401053,0.8454571436810722,0.9621866063714242,0.8434396344937305,-0.1490082292875028,0.007112491141777447,0.051183611734120504,0.000420671380139627,0.07639084691663274,0.17865624179107806,40.51489982423393,0.0,2564,2441639,0
0.16776956014013233,0.17336485421591805,0.16230769230769232,0.0030526534445481433,0.001503213858356178,1.3037530399096482,1.4879259384614458,0.8453605063641575,-0.14691333339240084,0.006698372876948336,0.23939435958281427,0.0,0.07330885715307442,0.6525769546151764,40.51489982423393,0.591090469060822,2569,2441639,1
0.025029797377830752,0.021686746987951807,0.02830188679245283,0.0030402785702790093,0.0014730281350129482,0.6879811973822781,0.5936639188221203,0.8945682276082776,0.11009992143752081,0.00030881580094804665,0.28990428979884075,0.0,0.013665977110462035,0.16881839635793466,40.51489982423393,0.8641754815586324,2517,2441639,2
0.026336477987421385,0.0274294670846395,0.025236593059936908,0.011503459788374033,0.005707977706577636,1.1958695644249657,1.1040248872242358,0.884176015945221,0.07655797146312864,0.021454258908761067,0.0,0.0019534140002892796,0.06254240571730083,0.17567278965860372,12.618013442348786,0.0,2544,636448,0
0.0537714712471994,0.054451802796173655,0.05307050796057619,0.011774608055483856,0.006010751119440673,1.1894663046877876,1.0589382410895534,0.8762465788861562,0.09508891451326239,0.019630926561477465,0.04375024852906453,0.0,0.0603479047760681,0.30220684331889447,12.618013442348786,0.11104649167952427,2678,636448,1
0.026376146788990827,0.018633540372670808,0.0338855421686747,0.011872726170944814,0.005871276306841518,0.9398806325117038,1.0698189592096736,0.9195074838465909,-0.14294170630237243,0.007155812638523395,0.09533694410501832,0.0,0.02755561369322487,0.1758793519949986,12.618013442348786,0.722586718593736,2616,636448,2
0.03518164435946463,0.028941355674028942,0.041474654377880185,0.0017126038858369004,0.0008574495809809485,1.034270063961503,0.9751963536623803,0.9048728488475906,0.0555323611676065,0.0037264263423254476,0.029361503267866063,0.0002180382477528288,0.07115821692468098,0.21974620983776402,52.51387147960879,0.0,2615,4356504,0
0.13198934956257133,0.12423312883435583,0.13962264150943396,0.001682418221156811,0.0008623664463679579,1.320560930789036,1.0926163245239338,0.8507909635618702,0.16973591822705567,0.004120223457567358,0.0865866347298189,0.0,0.07872770054154989,0.5628688515189861,52.51387147960879,0.37104963205293623,2629,4356504,1
0.03084732526356892,0.030303030303030304,0.03136954858454476,0.00168038400906699,0.0008398640607378145,0.8428231469592151,0.6314716173366485,0.8263075330780646,0.24920070710012895,0.0005709803494172214,0.06648164646953185,0.0,0.020268473406790014,0.19862351486043744,52.51387147960879,0.8269960009514059,2561,4356504,2
0.03247004252029378,0.02868217054263566,0.036237471087124135,0.0013744721293082029,0.0006904387181592855,1.150884855103076,1.208374100427163,0.8835734822549262,-0.06989569096472682,0.0030037822449488897,0.02071199322956669,0.00020797032690039494,0.07142220148594697,0.206631624938583,56.77515861051816,0.0,2587,5353090,0
0.0832089552238806,0.08567208271787297,0.08069381598793364,0.001421833957654006,0.0007151867504716096,1.0079758052162344,0.8676849640003205,0.9014734749242335,0.12969165770445465,0.003477619140039143,0.1322646568134957,0.0,0.07864122086710824,0.41338642658913965,56.77515861051816,0.26691485026444295,2680,5353090,1
0.03049015824006175,0.03356752537080406,0.02748091603053435,0.0013971990883235906,0.0006916589296611431,0.8758662690520226,1.0207480393171104,0.8900540871504663,-0.16604603623704464,0.0018110489031552782,0.03976439553717547,3.6311828086254216e-05,0.050051502934402844,0.19684405266108304,56.77515861051816,0.30260958306611674,2591,5353090,2
0.03309514855208725,0.03363914373088685,0.03256846780162842,0.003982348996937351,0.0020077864965598064,0.9565732880302655,0.9331529107771611,0.8979547458910038,-0.0058173437907044516,0.008044150897410899,0.018560708355251917,0.0005260292258534938,0.07170603865305594,0.20968393020764448,35.25062457795756,0.0,2659,1890580,0
0.05828571428571429,0.055299539170506916,0.061224489795918366,0.003952643807348458,0.001982742211788592,1.773947162031755,1.6212475904900794,0.8602199002773195,0.06500884967162662,0.008700455440214834,0.04832224568967995,0.00015829461277137857,0.07350270569586126,0.32060191890309886,35.25062457795756,0.11478703749347371,2625,1890580,1
0.030421216848673948,0.030326594090202177,0.03051643192488263,0.003918293936279548,0.0019376095762045826,0.9678330835635394,1.0105746397505473,0.8990827943201488,-0.04639778044083064,0.0008967230425771425,0.1674681202293581,0.0,0.017193730628598608,0.19649986113990603,35.25062457795756,0.7678661881187752,2564,1890580,2
0.03305471124620061,0.03050595238095238,0.03571428571428571,0.000861380439901314,0.0004330760874537265,0.9852699014316696,1.0437408324972288,0.8672480574242162,-0.07747147434496625,0.0017411777973813962,0.025438337589889323,0.00010429580343358524,0.06851236503801701,0.20948701693819705,66.8142142449272,0.0,2632,8683160,0
0.09763539282990084,0.09494640122511486,0.10030395136778116,0.0008739689986927477,0.0004313093759782391,1.165094582054495,1.009745485656858,0.8959226375609466,0.11129829710434419,0.0014558653760585406,0.10461545964707074,0.0,0.05863679919646868,0.4614548337488562,66.8142142449272,0.27192445206483346,2622,8683160,1
0.026737967914438502,0.022900763358778626,0.03058103975535168,0.0008671107524201357,0.0004307582447506481,0.8744703711750613,0.9949224648156173,0.887037625623058,-0.14947970599868426,0.0005504208400646162,0.055939714882940236,0.0,0.030067730459124,0.1777593529860349,66.8142142449272,0.6234169943838173,2618,8683160,2
0.041965764770844835,0.04591265397536394,0.03812636165577342,0.00026340199645425333,0.00012937917428224922,0.8083759447569737,0.8391890732071627,0.9056622784240211,-0.05876134076460463,0.00045717726760526257,0.05259173467483322,7.342019553206573e-06,0.07058571882365966,0.2512336692303617,92.22238980601793,0.0,1811,20000000,0
0.09364908503767493,0.10140237324703344,0.08592910848549946,0.00026429470030552466,0.00013271879815342292,1.286032036256139,1.2236751418894904,0.8931522896973629,-0.0624961504540716,0.000372829275367951,0.047801012415358876,0.0,0.06152749435751343,0.4485341056929383,92.22238980601793,0.23696352575024826,1858,20000000,1
0.045871559633027525,0.038293216630196934,0.05421686746987952,0.00025618482445947287,0.00012455710450441057,1.061108226710861,1.0401561855741757,0.9000796792467437,0.015937078264922768,0.00025575287657916514,0.0,0.0,0.05284233337369081,0.26859376366582177,92.22238980601793,0.3691502696368999,1744,20000000,2
0.048547552725825706,0.05573505654281099,0.04156862745098039,0.0016231731328325918,0.0008015394149751037,0.9893807171130711,0.9195831218701391,0.8868174888293808,0.06852870763225685,0.0035540891685029606,0.07542892098881736,4.6716651070153226e-05,0.07153820814657022,0.28019473114600574,53.11645719400151,0.0,2513,4478943,0
0.07272727272727272,0.0821917808219178,0.06361520558572537,0.0015943779916514427,0.0008069166471050509,0.9648235808484946,0.7924261433841298,0.8694973634927454,0.16610149176762629,0.0028719542159175277,0.09243033474824665,0.0,0.06593017785247487,0.3760198509692728,53.11645719400151,0.15416736173488918,2530,4478943,1
0.04279544562230075,0.04390613171839516,0.041598694942903754,0.001673132733815358,0.0008120177349519277,0.9002529079786729,1.017365610038093,0.8756685059688575,-0.15405814192465678,5.809330514043437e-05,0.5,0.0,0.011813041143561588,0.25496557309525403,53.11645719400151,0.9388209320993532,2547,4478943,2
0.026570048309178744,0.029593094944512947,0.023668639053254437,0.00023907274347151767,0.00011828636486072102,0.8534023907247303,0.6571663145505131,0.7947072772493006,0.22242757917672612,0.0004758005248969052,0.09262313476190463,1.3408401746073892e-05,0.06857100670614322,0.17688776111821142,93.56241966149982,0.0,1656,20000000,0
0.17643504531722054,0.18225419664268586,0.1705237515225335,0.00023658509981041046,0.00011822111720598712,1.0905182946771215,0.9854659384981479,0.8865821352568914,0.09528794537617893,0.00038561461919122385,0.08543767844263796,0.0,0.06378454938066286,0.6722158204930904,93.56241966149982,0.5833196197861822,1655,20000000,1
0.02866043613707165,0.02295918367346939,0.0341047503045067,0.0002299149736001328,0.00011463607723771765,1.302668253876323,1.3455760895407918,0.8854509939553605,-0.04212565918626499,0.00014946090607371543,0.10252355020499326,0.0,0.02886826476006675,0.18762887386357896,93.56241966149982,0.7776469996601929,1605,20000000,2
0.03227016885553471,0.029042386185243328,0.03522645578720345,0.0011473979627526817,0.0005862376477637839,1.1405350776772551,1.2197135980807152,0.8503075712550782,-0.08029813053575752,0.0023323249679407018,0.054483123664312065,9.673815614206124e-05,0.06883457459210998,0.20565189946914098,60.793513934055554,0.0,2665,6492839,0
0.16885061774616247,0.16654384672070743,0.17123287671232876,0.001162372066451944,0.0005877879192527721,1.5428446221377605,1.83435158872759,0.890367145542162,-0.19194690401494421,0.0022229526652204124,0.1686833114054701,0.0,0.06547766249020198,0.655068712886942,60.793513934055554,0.5796141814622887,2671,6492839,1
0.02662490211433046,0.027258566978193146,0.025984251968503937,0.0011231134190611723,0.000561666667766249,1.2941325055308714,1.1723658324911206,0.8950010705272919,0.09406841350910135,0.0001725401774324011,0.28199323928622194,0.0,0.016789394549360157,0.17717265398561308,60.793513934055554,0.9006459212435387,2554,6492839,2
0.035326086956521736,0.03543913713405239,0.035211267605633804,0.0013541003868671598,0.0006731305666865697,0.9182306995282737,0.9264617017361287,0.8774648643892838,-0.0690126929860673,0.0028345520334605444,0.0298141709773888,0.0001574361191389399,0.06886958804951045,0.22043582169557271,57.210015886839514,0.0,2576,5466992,0
0.1396078431372549,0.14846818538884524,0.1307752545027408,0.0013455299477754593,0.0006663626659210374,0.693071177564284,0.663391387809714,0.9000698800039902,0.025196956361748218,0.0028947986136036797,0.17792463774223483,0.0,0.0721451865980728,0.5832108660800859,57.210015886839514,0.4318463462445578,2550,5466992,1
0.03482390185991294,0.036348949919224556,0.03335919317300233,0.0013365749717715158,0.0006601886148683777,0.973292454004385,1.001884276317814,0.8750649316800597,-0.02981784365210916,0.0018164137381327483,0.015417805991416398,6.099854596233707e-05,0.05019936879386678,0.21803441557715542,57.210015886839514,0.3389877183946041,2527,5466992,2
0.03728414442700157,0.03459119496855346,0.039968652037617555,0.0005431239477363988,0.00026531438244485123,1.091433798008615,1.1997249295835584,0.8270279462681632,-0.14592566399497062,0.0012787110472017914,0.09558171688719568,2.742650546634458e-05,0.08103419725571279,0.2296984249669606,76.52609072981052,0.0,2548,13718634,0
0.1978150604760047,0.18570254724732949,0.2087667161961367,0.0005354428036997525,0.0002669402656841987,0.8503451057588486,0.6975928615455916,0.8685568974181544,0.15702549542039138,0.0008435456226004965,0.15985842200709324,0.0,0.0661945467920561,0.7175366336765534,76.52609072981052,0.7114699889173793,2563,13718634,1
0.0397125567322239,0.03461538461538462,0.044642857142857144,0.000555659207346987,0.0002752787978687341,1.215815751646773,1.3084499002939673,0.8926544466901205,-0.08012830260765968,0.00029727414813718236,0.08089089558950585,0.0,0.03210261322592581,0.24097271681027865,76.52609072981052,0.7922829336025812,2644,13718634,2
0.029315960912052116,0.030160226201696512,0.02849264705882353,0.0003150257646071768,0.00015351255513397345,0.8360858032960574,0.8533553068287554,0.9125514951853535,-0.030731635805910464,0.00058818355357125,0.04377992617336321,2.8000681998245105e-05,0.06648340118470453,0.19094975054703622,88.29459435636467,0.0,2149,20000000,0
0.23225494929985513,0.22571148184494602,0.23859315589353614,0.0003018023441743649,0.00014790171670258157,0.8351653235694816,0.72215669733107,0.8363450774165792,0.023968932937277535,0.0005385417627889193,0.2217677441585118,0.0,0.06640123655417665,0.7819215228818246,88.29459435636467,0.8079539716106322,2071,20000000,1
0.033820840950639856,0.03571428571428571,0.03173076923076923,0.0003069645894420037,0.00015626768769174128,0.5145017471189132,0.5990171431796093,0.8903439913911171,-0.16858325439635286,3.561277605192213e-05,0.0,0.0,0.022044865541955977,0.21320530742713875,88.29459435636467,0.9023908601558945,2188,20000000,2
0.026723470178156468,0.02284843869002285,0.030732860520094562,0.0030261932055053826,0.001531183785344875,0.929732283155524,0.958917275927145,0.8642249632962631,-0.04175179643475659,0.006205538384504527,0.02133721760383491,0.0004563636019125411,0.06768606366830021,0.1776841638332244,40.26200394768392,0.0,2582,2410059,0
0.03495966192854399,0.03238242097147263,0.03751914241960184,0.0030662903043236827,0.0015426273023105036,1.630886810508158,1.3629354926753074,0.8999379558504541,0.14756969843855436,0.005949570806835028,0.04894492666019851,0.00022544947283889468,0.06795243784693146,0.21868466998311775,40.26200394768392,0.06935033257651385,2603,2410059,1
0.02578341927806426,0.023828435266084195,0.0277337559429477,0.002995444576270885,0.0014947576755302654,1.052351515046363,1.089775457209358,0.8866327304221537,-0.06586776868106553,0.004256146107605179,0.03271339774889363,0.0001849994509893152,0.05191842677989693,0.17278363646583447,40.26200394768392,0.47461347551968064,2521,2410059,2
0.028857252789534438,0.030278884462151396,0.027529761904761904,0.006762226099648719,0.0033393550509190615,0.963932317426508,1.0902212271270233,0.8760688550863849,-0.1560805106033558,0.012497724970699068,0.05049277279762099,0.0005424940992919507,0.062075125899319086,0.18862826055640805,24.23703338650722,0.0,2599,1113079,0
0.2558484961010026,0.25818452380952384,0.2535211267605634,0.006826776176054501,0.0034602876420317657,1.0164918374119678,1.12015561307978,0.8545625948308426,-0.11172843841719457,0.013480041238209686,0.24599798445256243,0.0,0.0655789276223527,0.8204168536934824,24.23703338650722,0.9610330233237979,2693,1113079,1
0.02922837100545596,0.02920284135753749,0.029253271747498075,0.0066011430684146475,0.0032941526864161776,0.8192277476108079,0.8985802923314884,0.880331507533126,-0.10316063830553437,0.010473735960434442,0.04241282505883814,0.0003944086934843477,0.054826960057072965,0.19050729311263065,24.23703338650722,0.37301216720024344,2566,1113079,2
0.036585365853658534,0.040123456790123455,0.03290529695024077,0.007951564945467516,0.003908135748526377,1.2630264191366816,1.3609655007034793,0.8743952673257243,-0.07920929050515205,0.01758531861486678,0.040168166440190424,0.000878591720106621,0.07214688745335507,0.22641094842107642,20.480938307331577,0.0,2542,929317,0
0.24765829898838515,0.2339622641509434,0.2611607142857143,0.008233331539579185,0.004103596989568039,0.900274224423458,0.886239386454141,0.8607286231315742,0.003773494827188407,0.016782697679740936,0.22883282509443692,0.0,0.06734725882022584,0.8075454757209344,20.480938307331577,0.8759548837675376,2669,929317,1
0.04478193146417445,0.04868624420401855,0.04081632653061224,0.007837000243127045,0.003951583864981396,0.8363772164456265,0.7870156079000353,0.8976100560764477,0.05857365779732005,0.008517152098305144,0.07030023032401322,0.0,0.040972459298927046,0.26380309659255197,20.480938307331577,0.4789291702800118,2568,929317,2
0.05007587253414264,0.046142208774583963,0.05403348554033485,0.001716929867310366,0.000859279880431009,1.027418051251951,0.9842113912034843,0.9039999530494306,0.028114883854415903,0.0033105337538285335,0.05855671320597676,3.319668173687294e-05,0.06754955999656306,0.28671917076124126,52.652547571417486,0.0,2636,4380327,0
0.10246227164416204,0.0991345397324941,0.10585404971932638,0.0016773933099267836,0.0008210879382573175,0.9641824953404671,1.0713778208823383,0.8413472831058602,-0.12762081602891404,0.0038443053254749327,0.10401913147910306,0.0,0.07437191550946935,0.47675256716184305,52.652547571417486,0.26518569863450187,2518,4380327,1
0.03544494720965309,0.038403614457831324,0.0324773413897281,0.0016752395423033028,0.0008645135758296086,0.9651078584230092,0.7888296980994264,0.8902060698627761,0.16058689136549342,0.0001813674680733713,0.5,0.0,0.013851365201534797,0.22100263322837754,52.652547571417486,0.9667943860389894,2652,4380327,2
0.0499359795134443,0.05822784810126582,0.04145077720207254,0.0003342519548382756,0.0001673402414927521,0.8885777480314002,0.9898775768796693,0.8860492240661779,-0.11574889923455778,0.0007550435988731474,0.037029464645013284,2.8168958121180876e-05,0.084462483689282,0.286124940461744,86.13708094797464,0.0,2343,20000000,0
0.10917393109173931,0.11402027027027027,0.10448979591836735,0.0003381612627773026,0.00017208079468325347,1.1129984342770343,0.8006198190543196,0.806931459809142,0.24833089597864114,0.000758748639661158,0.17239821924629212,0.0,0.07847029054628397,0.4974192459564568,86.13708094797464,0.35812819113508254,2409,20000000,1
0.04490138480906421,0.04148278905560459,0.048,0.00034093449187263305,0.0001701815865380152,0.9765078248715505,0.9530387568353897,0.8293209460734214,0.022651159026504292,3.194974985951127e-05,0.2954983756150037,0.0,0.020621865287488335,0.2643302237543905,86.13708094797464,0.8916199009496772,2383,20000000,2
0.040392600981502456,0.04387291981845688,0.03692539562923888,0.0005713867356104299,0.0002894632745519275,0.9314655143032468,1.0283277122965844,0.8948089710959983,-0.11151410277163516,0.0010775725015124032,0.05626566486992315,2.4952756195292095e-05,0.06968641424046405,0.24408936344416793,75.50556742258317,0.0,2649,13071439,0
0.12322456813819578,0.11954022988505747,0.12692307692307692,0.0005618684853966653,0.0002847048053799481,1.0033143316920723,0.941328382119185,0.9100410065979527,0.05590473574147231,0.0011287423548042121,0.06946239849785633,0.0,0.07652726359440587,0.5385593017973516,75.50556742258317,0.3517936750491356,2605,13071439,1
0.040258260539308775,0.035211267605633804,0.045018450184501846,0.0005780004441281537,0.00028774346178661917,1.1542736133173659,0.9290839151842281,0.8537359036712641,0.17738601113108388,0.00014635159212623682,0.2137906892579997,0.0,0.022731635285039943,0.24347505360886357,75.50556742258317,0.8417314416896506,2633,13071439,2
0.03322784810126582,0.027048528241845664,0.03933910306845004,0.012725429184282051,0.006297941460036223,0.8519212156749858,0.9064353179327777,0.9001324625655469,-0.09383292720971294,0.023529249245849287,0.05713209009881074,0.0007575650802703223,0.062098055068686,0.2103296057125495,10.448584591897347,0.0,2528,573652,0
0.11019180142910869,0.10623556581986143,0.11397058823529412,0.013193532552767902,0.00662542078523321,0.9834566464834559,0.9195021292659191,0.8982291921431556,0.058944703462740965,0.02706969538350341,0.07467366235203424,0.0,0.06771741019099117,0.500494218240647,10.448584591897347,0.323773502473572,2659,573652,1
0.031395348837209305,0.03777949113338473,0.02494154325798909,0.012873323902691717,0.006425454762806081,1.0829485733436839,1.090043748809142,0.9236721023100097,-0.016812800853668604,0.010176720224978371,0.05467242455035293,0.0,0.032761230846486245,0.20134190834769886,10.448584591897347,0.6587137121051954,2580,573652,2
0.04212945231711988,0.04043545878693624,0.04377358490566038,0.0029086626841411264,0.0014435503266094813,1.0792175356253981,1.0164728908759544,0.8527241848112885,0.04693538001809401,0.005423648483358379,0.01094865491705357,0.000288296030504081,0.06253206784822815,0.25197187701896273,41.69745814480936,0.0,2611,2585123,0
0.12878787878787878,0.12519809825673534,0.13242375601926162,0.0027850952660561407,0.0013853667051306625,1.3460818143220237,1.397760251591768,0.8914651722061141,-0.06040165516795322,0.006364766884051925,0.1583844988988662,0.0,0.0741907322044309,0.5541045423898252,41.69745814480936,0.38815659505114797,2508,2585123,1
0.03965256797583082,0.033820138355111454,0.04528582034149963,0.0029373312263495954,0.0014625898998446274,0.9130145944331359,0.8500644496425532,0.8838976876719256,0.04917468693103738,0.0019406142090616218,0.11263200449042307,0.0,0.02916212000930825,0.24069695243112893,41.69745814480936,0.5891328495817532,2648,2585123,2
0.02646129541864139,0.019696969696969695,0.03382838283828383,0.0007132540040048992,0.000348371747326467,1.0198580811625049,1.0692691261392404,0.883294089611541,-0.059295799914606366,0.00133797931644796,0.0,0.00012198541292053246,0.07273334075241822,0.17632243732345554,70.6416200548989,0.0,2532,10384350,0
0.06779661016949153,0.06935975609756098,0.06626954579300075,0.0007304476272215776,0.0003652926069454301,0.9658650594580135,0.9780516911825194,0.9088663108935477,-0.06789133269770282,0.0015105886779459685,0.04939389071779245,1.3069170444180952e-06,0.07784863030785283,0.3576467062456332,70.6416200548989,0.17199594257661,2655,10384350,1
0.026924535456958665,0.02633559066967645,0.027522935779816515,0.0007223371301101327,0.00036288874301779764,0.9300985805381531,0.8765971557446136,0.8309396837084929,0.048152013544925265,0.0001224420462324515,0.0,0.0,0.02044655577614387,0.1787259046908941,70.6416200548989,0.8796434638151982,2637,10384350,2
0.03673163418290855,0.044676098287416234,0.028679245283018868,0.000375574890308286,0.00019163010276200174,1.2269345728840555,1.151815974222539,0.8708199524770585,-0.0029919045349632496,0.0008324842775668875,0.008635971205012867,6.274866962637197e-05,0.08047942301867546,0.22710072479325133,84.04254051070156,0.0,2668,19888579,0
0.06532288167226577,0.06418672501823487,0.06651376146788991,0.0003828241159804114,0.0001923815056671398,1.1156335626186518,0.8586798780153533,0.8970744149966692,0.20910061920830172,0.0007190564617661433,0.0628505235251963,0.0,0.06772831887112082,0.34822200235229545,84.04254051070156,0.11060949212200236,2679,19888579,1
0.03896103896103896,0.03560371517027864,0.04243394715772618,0.0003658093980047191,0.00018250965645591816,1.0344075769581562,1.162927651146087,0.8632320055599786,-0.14252738536893228,9.223199127176064e-05,0.0,0.0,0.022889369466157626,0.23750814382859292,84.04254051070156,0.8288781534560614,2541,19888579,2
0.0330672748004561,0.027607361963190184,0.03843255463451394,0.0007667461077370012,0.00038308184759894607,1.0953782393092584,1.1737261804832448,0.893005178893587,-0.07619827789668232,0.0013844200264467425,0.0,0.00010758860330884067,0.065774510218854,0.20954820424827642,69.52415223734633,0.0,2631,9809486,0
0.11743486973947896,0.127443315089914,0.1069078947368421,0.0007479937982184439,0.0003632946323836904,1.256875021048298,1.0401442921433937,0.9080137153122866,0.16883578040770691,0.0016435012494135986,0.13717919747126978,0.0,0.07841779300932639,0.5219422510484869,69.52415223734633,0.30564013886669655,2495,9809486,1
0.0347758887171561,0.035498489425981876,0.03401898734177215,0.0007545910968447749,0.00037700420050854776,0.8219243318510024,0.7843278781627468,0.9170210484609717,0.03146906648931236,0.0004570050626413575,0.0,0.0,0.030931918142625237,0.21780425625589694,69.52415223734633,0.7625683249165447,2588,9809486,2
0.03044681692368525,0.027711797307996833,0.03317535545023697,0.0004656357627163764,0.00022977421344579823,0.9190639530030201,1.0414943066414895,0.8623160109959092,-0.15862220169089164,0.0009258400616119044,0.02619546078621669,5.7591956435034136e-05,0.06930052308675287,0.19662769722539591,79.09768193360703,0.0,2529,15724484,0
0.18617658809428686,0.177379983726607,0.1946624803767661,0.00046448008487119674,0.00022742442340230936,0.8107084483787106,0.9289437923181858,0.8912145130379319,-0.17174631940623428,0.00103576346033014,0.15044382511031107,0.0,0.07265651253053314,0.6934043043561671,79.09768193360703,0.6370112689462328,2503,15724484,1
0.02751937984496124,0.022888713496448304,0.03198781416603199,0.00046909138343442477,0.00023436401418683498,0.9445345442954123,0.8111768713610614,0.9174867991511639,0.129847171828541,0.0005348636896415494,0.06397620719464661,1.642449335600746e-07,0.04411241048663084,0.18179488333137364,79.09768193360703,0.5065591816098249,2580,15724484,2
0.03526148969889065,0.03542673107890499,0.035101404056162244,0.0028128156760738932,0.0013804290815497779,1.1021302041542902,1.2742219265860564,0.9154518675257813,-0.1695084404451535,0.006276715464324762,0.05318176829641774,0.00027502283774004756,0.07269889081257538,0.22012752458744603,41.94137632160738,0.0,2524,2611029,0
0.18846588767433095,0.1880597014925373,0.18888042650418888,0.0028730379886763996,0.0014518418636111407,1.4499828393511496,1.7837593055474166,0.8657945601349706,-0.23572436737858768,0.0058977419441173925,0.19758821908488233,0.0,0.07102049972109697,0.6982511618483348,41.94137632160738,0.6326501097776603,2653,2611029,1
0.03787299158377965,0.0334855403348554,0.04230769230769231,0.002844578118091035,0.0014304977300288507,1.546940004761461,1.4538368301037772,0.888148782103628,0.057507492241145326,0.00208433068724461,0.1278570754807844,0.0,0.031159511570428153,0.23245346504925946,41.94137632160738,0.6941291546129316,2614,2611029,2
0.030947775628626693,0.029523088569265707,0.03243670886075949,0.0032027944474191444,0.0015964565458115095,1.1209063984229035,1.059592539079532,0.8585050027076342,0.013433502648296129,0.006337844678890173,0.052407316395168387,0.0002730873016993156,0.06734307895978077,0.19912286220893965,39.44706103561594,0.0,2585,2314389,0
0.22888713496448304,0.238562091503268,0.2198473282442748,0.0031860733481848084,0.0015637245524501848,1.2357460111290894,1.3774232665594661,0.871427870780274,-0.1251622479102645,0.007513471639730267,0.261137872955796,0.0,0.07621200520739013,0.7760662797189914,39.44706103561594,0.8294342951173367,2534,2314389,1
0.03673309886674482,0.0389908256880734,0.03437250199840128,0.003161868019778336,0.0015790827991047545,0.8615149335739054,0.9193565552790571,0.9268093128891699,-0.07046841012864664,0.00035604367310090634,0.20576702874073327,0.0,0.01564943772572415,0.22710762757418726,39.44706103561594,0.9612539414763563,2559,2314389,2
0.041456799690042616,0.04949729311678268,0.033385093167701864,0.0030023061359379104,0.0014898965846675152,0.8082275022353383,0.7628216369249405,0.9010503054984055,0.052096810715965065,0.0059523049218404,0.011534726953659582,0.00034780154486440556,0.06580048840381551,0.24893214962110602,40.80850565478262,0.0,2581,2474700,0
0.14600231749710313,0.14330462020360218,0.1486280487804878,0.003021268482085594,0.0014959005737463383,1.2139479545458192,1.2053596453694866,0.8394597575545613,-0.004975221201197913,0.006740577308465185,0.17438766712835996,0.0,0.07432072769237856,0.5997450149216481,40.80850565478262,0.48078350721729785,2589,2474700,1
0.03348729792147806,0.036923076923076927,0.030046224961479198,0.0030164188110436497,0.0015001255878812024,1.3735069711323482,1.2225573126336362,0.8492752669781772,0.09502628417714891,0.0011447023070984973,0.0,0.0,0.02300376268778153,0.21158972747113913,40.80850565478262,0.7958184006796682,2598,2474700,2
0.02129277566539924,0.0182370820668693,0.0243531202435312,0.0034432769040245257,0.001715117094239489,1.0423088193821812,1.0866937816530138,0.8829814743645319,-0.04300571714399431,0.007563072912354257,0.022174703906470545,0.0006385878457353406,0.07658434969279437,0.14863885215863343,38.29099813779953,0.0,2630,2190893,0
0.1296365680029974,0.11854103343465046,0.14042867701404288,0.003451817698636033,0.001740582172238725,1.1664641150121164,1.1509885101246333,0.8510209027755892,-0.011131871610823888,0.0072205517864939546,0.17941583749694753,0.0,0.07045268918989209,0.5564406283153771,38.29099813779953,0.4250044068601972,2669,2190893,1
0.026428293820443063,0.03255813953488372,0.020265003897116135,0.003390575087681106,0.001677037620262108,0.9982264868229,0.9603695531058045,0.8315365083511452,0.021357894477840932,0.0,0.5,0.0,0.01016696761375783,0.17615075617147477,38.29099813779953,0.9585615877951801,2573,2190893,2
0.03192702394526796,0.0297029702970297,0.03414264036418816,0.0025407452688594183,0.0012959869721537668,1.3034567840232814,1.4921329526622653,0.8197934547458436,-0.15581450068236974,0.00571298321860096,0.029216818975049526,0.00037072539906193104,0.07317216521713497,0.2039655876395533,44.08643283510126,0.0,2631,2899326,0
0.04486929379633242,0.05102040816326531,0.038789759503491075,0.002563133546550043,0.0012628433832771548,1.0293807159524846,1.1815425410170626,0.8373708973110112,-0.16478972165876243,0.005863110729835552,0.06626216436842851,0.00015132290659799705,0.07425120172240463,0.26418865881626935,44.08643283510126,0.0747581128092675,2563,2899326,1
0.0365296803652968,0.029298380878951428,0.04357625845229151,0.002601178708366977,0.0012946775843917454,1.3385504737463971,1.4048398751145885,0.862245020058338,-0.08941233274043575,0.002154825640862247,0.07467116151979955,0.0,0.033811008040341844,0.2261481152303238,44.08643283510126,0.5619928515592821,2628,2899326,2
0.042,0.042984590429845905,0.04104183109707971,0.006581330051754956,0.003245231780944259,0.7102184582869594,0.6121720879153925,0.8689616522773086,0.1314154400423511,0.012561717735158903,0.038556338697894245,0.0004167121550474539,0.06375258961857723,0.2513881446901185,24.014991817099805,0.0,2500,1101623,0
0.2518996960486322,0.2589763177998472,0.24489795918367346,0.006883753020071561,0.0034133455065614824,0.980997359570508,0.9778596175249386,0.8640562252389274,0.0021864790605694317,0.015035251801139737,0.28240475736784754,0.0,0.07138775047193364,0.8142752108990694,24.014991817099805,0.9480466796131591,2632,1101623,1
0.02929027412692452,0.028309104820198928,0.03023598820058997,0.00682605799362884,0.0034512611424024303,1.4359702699790522,1.1871388249848998,0.8735983404355082,0.1313978154803748,0.0,0.5,0.0,0.008676635307330337,0.19082003498335437,24.014991817099805,0.985397785262879,2663,1101623,2
0.03490990990990991,0.03269961977186312,0.037064492216456635,0.0010684911643133372,0.0005456125094365977,1.045894396016678,1.3806430153363856,0.828138014447469,-0.32378231306109784,0.002150610541225591,0.04207430944167408,9.660783318460228e-05,0.069922610517884,0.21844646277307278,62.30400511106189,0.0,2664,6972652,0
0.07038461538461538,0.07322654462242563,0.06749418153607448,0.0010708062156355742,0.0005328413704598073,1.0506391067970533,0.8682405830467825,0.8580861190393128,0.16607797867279833,0.0020477098561618827,0.0805071310198311,0.0,0.06548959218807174,0.36735732371374263,62.30400511106189,0.1904754514858345,2600,6972652,1
0.038187944590041184,0.04202334630350195,0.03463203463203463,0.0010833208537010834,0.0005471917549613452,1.692956738898489,1.783027640795046,0.8765439760946624,-0.07390672821725995,0.0,0.5,0.0,0.013779903189986686,0.2339213878528968,62.30400511106189,0.9541197904322474,2671,6972652,2
0.0488771466314399,0.048500881834215165,0.04925241864555849,0.0003218292761770254,0.00016223624554895108,0.7953485763311946,0.9320555369446089,0.8666447388895385,-0.19410530806842682,0.0006677099450328108,0.09578381446415643,0.0,0.07596525232060751,0.281607873227955,87.36356035229446,0.0,2271,20000000,0
0.26377597109304424,0.26971326164874554,0.25774134790528236,0.00031803416595611416,0.0001581598480293883,1.1680471961552024,0.9487156752420368,0.8473914376760068,0.17566471492745678,0.0006240257114628433,0.24784943953788835,0.0,0.0748498356541527,0.8323910747811063,87.36356035229446,0.9324196237770125,2214,20000000,1
0.0421372719374457,0.040905134899912966,0.04336513443191674,0.0003286108410580569,0.00016441255294841274,0.8720421024095381,0.6414519689262862,0.8786091560352288,0.2628541594161556,0.0001916802145483634,0.16411188590369571,0.0,0.034460784599557794,0.2520071184045508,87.36356035229446,0.7464877229666301,2302,20000000,2
0.030658591975775928,0.028309104820198928,0.03295880149812734,0.00059995862751685,0.00030447381749894694,0.85416432709382,0.7850341517185729,0.8678502068041507,0.06180272897147207,0.0012224651418311886,0.008682613382941233,9.61404039788353e-05,0.06897108326927459,0.19768398742367424,74.24915402064191,0.0,2642,12393967,0
0.2226204699322979,0.2278177458033573,0.21746031746031746,0.0005885432476681064,0.000289487188030287,0.856532257681221,0.8732363156442564,0.8851900232541539,-0.03357593363453698,0.0012753565721465075,0.09461337603708897,0.0,0.07594343540714407,0.764923619825822,74.24915402064191,0.7327003008284119,2511,12393967,1
0.040227703984819736,0.0377643504531722,0.04271548436308162,0.0005982326202761668,0.00030372696617104035,1.2126003884090006,1.133684111381172,0.8792141092659993,0.0639852454129847,0.0005125098434513057,0.051404075921177614,0.0,0.03789789011197569,0.24333523109003088,74.24915402064191,0.5747719839284959,2635,12393967,2
0.04033169996230682,0.041990668740279936,0.038771031455742504,0.004936258172181161,0.002515538403917906,0.9082483688521238,0.9725185664666454,0.8978211033937604,-0.07700151346822093,0.010954580958555839,0.010538674951354014,0.0007554860994471199,0.07235900165034218,0.24381095959628718,30.516605608285076,0.0,2653,1506881,0
0.24980988593155892,0.23465423465423466,0.26433358153387937,0.004967356693181355,0.0024931580349364436,1.0282508850874248,0.9509010549785669,0.8559315531185435,0.061926563223683236,0.010516825150761402,0.21622794142350182,0.0,0.0695313798778707,0.8109766617160328,30.516605608285076,0.8859764964807356,2630,1506881,1
0.04575674618693782,0.050359712230215826,0.04134762633996937,0.004854161746587718,0.002425183975385853,1.452987412480672,1.8372451477386207,0.8905352580317947,-0.2716594220303678,0.0027079236762919787,0.0,0.0,0.02631242309428074,0.2680908342248851,30.516605608285076,0.6624381809212787,2557,1506881,2
0.03192702394526796,0.027365129007036748,0.036242603550295856,0.004670245891477638,0.0023808209533961763,0.9501189711279167,0.9655803352047342,0.8950648943567077,-0.029701981311319858,0.009939597838984448,0.07070794298677148,0.0003510074663048093,0.06983886634188773,0.2039655876395533,31.500611203094696,0.0,2631,1579122,0
0.15141113653699467,0.14169139465875372,0.16169544740973313,0.004721918877813676,0.0023722688824731673,0.9527823011678318,0.771568077017065,0.8669114138552235,0.1526991696104577,0.010163705745456938,0.1337392021822664,0.0,0.07050879648786251,0.6133604372641833,31.500611203094696,0.4731312381928632,2622,1579122,1
0.038684020245842374,0.03387438249823571,0.04373610081541883,0.004802217215075832,0.0025019651190242515,0.9672987208000114,1.0464763149674803,0.8969010377778913,-0.0979125670122691,0.0003209611809069214,0.34128671390134346,0.0,0.012703144809293732,0.23622559153933692,31.500611203094696,0.9272903750117416,2766,1579122,2
0.021969399764613574,0.01901743264659271,0.024864024864024864,0.0010320986058189373,0.000508567435962202,0.8697765517092583,0.7761490769800936,0.9221591750953646,0.08738142382333537,0.0025964423521884173,0.027494948508000706,0.00021961951640091834,0.0838861250500704,0.1523597834864869,62.935650359354824,0.0,2549,7158696,0
0.14453125,0.12999216914643696,0.15900233826968044,0.0010396730038827098,0.0005108566007561875,1.2649054087583087,1.3470902684736747,0.8864867247637054,-0.09230894483409988,0.0018962960097891979,0.11188794332360498,0.0,0.06469065244112164,0.5959838258557496,62.935650359354824,0.5385000757257806,2560,7158696,1
0.024160060400151,0.02863777089783282,0.01989683124539425,0.0010342936995073539,0.0005285192920515008,1.0178823730647886,1.1810144186193925,0.8680922713329788,-0.16965451792672692,6.177968400937446e-05,0.5,0.0,0.01581819953960635,0.1642004027947117,62.935650359354824,0.9537637755571036,2649,7158696,2
0.029576937476600524,0.027950310559006212,0.03109182935647144,0.0019694342615530374,0.0009908379944637716,1.2185102222739177,1.1628430125814753,0.9068278288774387,0.03482734159057705,0.004071119443342693,0.02434664839303831,0.00027373858514592785,0.07136705584324593,0.1922657632247997,49.98052643930482,0.0,2671,3851253,0
0.2267330524703179,0.2059748427672956,0.24645257654966393,0.0019341183294706598,0.0009683572307282632,0.9563027100159461,0.9990170447553447,0.9290174007496155,-0.09071180882809254,0.0036637271119096377,0.22067202566973876,0.0,0.06499700831731899,0.7722726627162955,49.98052643930482,0.8568401707142022,2611,3851253,1
0.02727621974644641,0.02745995423340961,0.027089783281733747,0.001920810410710863,0.0009650394709670674,0.9520153982588108,0.9933526439354581,0.8882552129787673,-0.043475997774659596,0.0011508443951783332,0.22217773293529983,0.0,0.027456807001859273,0.180542676266812,49.98052643930482,0.7739205764292967,2603,3851253,2
0.03176382660687593,0.028592927012791574,0.034892353377876766,0.00043611418463449674,0.0002209469061116837,0.649124177491442,0.5238709034285347,0.8724627782822634,0.15845658843368798,0.0008002090676778696,0.04814319288590778,3.169938236182729e-05,0.06494763990879178,0.2031616643416369,81.1087479578675,0.0,2676,17295144,0
0.2127906976744186,0.1953931691818904,0.22937168811506434,0.00042552752241492857,0.00021305278630516508,1.0630621318926106,1.1295062765684447,0.9186587802681995,-0.0845533952242146,0.0009906572843383639,0.26909428377637457,0.0,0.07537623533166975,0.7467833026519572,81.1087479578675,0.7426002841586051,2580,17295144,1
0.039314908524717786,0.0351008215085885,0.04390243902439024,0.000427184459604225,0.00021218810454819297,1.1762928494293032,1.232004654229514,0.9085458654339638,-0.17381257314027496,0.0003587292226458381,0.0,0.0,0.0390969176729933,0.23914220491300264,81.1087479578675,0.49025088254130206,2569,17295144,2
0.024343856979840244,0.02406832298136646,0.024608501118568233,0.008951742826135315,0.004430371214214936,1.2679630855159112,1.1504740050730713,0.8810435299933099,0.08700544209106102,0.0197421022249255,0.038358453919679576,0.0013417339840330808,0.07197608833139156,0.16518010085989512,18.577910820545696,0.0,2629,848035,0
0.09416342412451362,0.08794541319181198,0.10071942446043165,0.008778743645520734,0.004330397537233836,0.9856090355857307,1.038458639460495,0.8798921952844946,-0.12715905166061947,0.016161410067110405,0.08265603133189714,0.0,0.06187566397178027,0.4502161842715374,18.577910820545696,0.27288973382416365,2570,848035,1
0.031019775106630478,0.03256552819698173,0.029545454545454545,0.008732984081393232,0.004347107883789451,0.8172914178116826,0.7980202214373291,0.8329109724761983,0.01054691126460059,0.0029837663183609224,0.06407681568758128,0.0,0.02032043345607634,0.19948047902936067,18.577910820545696,0.807622014944972,2579,848035,2
0.04056103108415466,0.0377643504531722,0.04337899543378995,0.0022931214778110685,0.0011693899977702686,1.0680363884374244,1.0455656061623826,0.8517483368232703,0.007972274415889874,0.004944490081263858,0.05946536349096881,0.00015290664396448554,0.0706134094598483,0.24485860915409804,46.27865660636948,0.0,2638,3220001,0
0.2329457364341085,0.22533136966126657,0.2414075286415712,0.00229033171208729,0.0011447221652819079,0.9573948306282707,0.7675949743321954,0.8925831804037052,0.19441216858958035,0.004895549156805076,0.22497689151901387,0.0,0.07340588741133926,0.783111144936799,46.27865660636948,0.8130701906219878,2580,3220001,1
0.03695238095238095,0.04003021148036254,0.033820138355111454,0.0023440378912882587,0.0011640369777963827,0.8260746600364547,0.6776916804277016,0.8426166418471025,0.17136403954074178,0.0015719175197939038,0.15571035962663643,0.0,0.031061102844214924,0.22814007807556447,46.27865660636948,0.7221566323455602,2625,3220001,2
0.03238546603475513,0.03423566878980892,0.030564263322884012,0.002741747296916969,0.00138371619609204,1.0388866221427657,1.0128739623061274,0.8172285840660987,0.02172285242371393,0.005535446392214709,0.03605200676968024,0.00029311761270297616,0.0668085543267528,0.20621727891925024,41.920511728575725,0.0,2532,2613310,0
0.06614785992217899,0.0643910007757952,0.06791569086651054,0.0027997381154587298,0.0014045143386158376,0.841227582962756,0.7859560363942263,0.9151380479838576,0.05465418737334365,0.005521462936890216,0.07515663686730174,0.0,0.06551107143988355,0.3513809256635271,41.920511728575725,0.11986140093092391,2570,2613310,1
0.02843966179861645,0.030816640986132512,0.02607361963190184,0.0028784852770808605,0.0014225676526048241,1.3235643855736148,1.1119626871420811,0.896618893272041,0.15372057487853788,0.002789146820629332,0.02168581804011432,2.426555344050554e-05,0.0377068123482827,0.1865054463917929,41.920511728575725,0.4957606013318294,2602,2613310,2
0.022667170381564034,0.024334600760456272,0.021021021021021023,0.0020340564892485312,0.0010191458502821998,1.2998955419138414,1.3304275256056795,0.8454904294812134,-0.03823995677632672,0.0037283001762566494,0.0207080236283498,0.00027941301435373245,0.06165303632054854,0.15616481424646164,49.20411870583538,0.0,2647,3711375,0
0.10526315789473684,0.10853293413173652,0.10201042442293373,0.0020010671331460333,0.0010313310599650294,0.988752327362445,0.8692357035084233,0.8394164513506638,0.10891680803085235,0.0036792520875841336,0.11594985595233531,0.0,0.0634517306834713,0.4854607607459134,49.20411870583538,0.3644429616885367,2679,3711375,1
0.023625096824167312,0.022573363431151242,0.024740622505985636,0.002003746636856703,0.000993408950914748,0.7587346907870672,0.7390286164812843,0.8889542598621183,0.014006619934323734,0.0008941482339960173,0.0,0.0,0.024867079796414976,0.16133704471938481,49.20411870583538,0.69198078483124,2582,3711375,2
0.027945619335347432,0.023901310717039322,0.03182827535159141,0.0018842718570461403,0.0009597137675434082,1.0929155940857365,1.1149489232868457,0.9097909017290625,-0.0757829102558805,0.003920674247806593,0.028767147804457136,0.0002612184618308166,0.06852110851942957,0.18398222416498636,50.47465918495797,0.0,2648,3944090,0
0.07140085370585952,0.0724191063174114,0.07036747458952307,0.0018651296462520277,0.0009334704017074141,1.0429785859379326,1.086815885059677,0.8916609252897111,-0.05457628985536248,0.004222822805237245,0.15423627568328327,0.0,0.07360300254018586,0.37112975052235997,50.47465918495797,0.16263330380014582,2577,3944090,1
0.02737642585551331,0.03284950343773873,0.02195306585919758,0.0018902208156174197,0.0009529002769932554,1.286130784532757,1.482076632584039,0.8794233011396247,-0.1533202082843521,0.002066996661592135,0.05529773122187172,3.5027480160620766e-06,0.04115910105438496,0.18105909781347698,50.47465918495797,0.5017606765112357,2630,3944090,2
0.031201248049921998,0.026717557251908396,0.03588516746411483,0.020819142363806296,0.010154133730416463,0.8430744235866829,0.6908733973712377,0.9104171764671479,0.15270341175866406,0.04342553218347468,0.05115248077696749,0.0020258404598740946,0.06866271996695975,0.2003807409203538,0.754141768372607,0.0,2564,360341,0
0.25704493526275707,0.25169555388093445,0.26250962278675904,0.020343977221734658,0.010428124962770879,0.9951334952188785,1.0760647377226182,0.8741270575175758,-0.08439586368494707,0.03789390923128356,0.26707900562451226,0.0,0.0641239112498113,0.8222543188637587,0.754141768372607,0.9498777540002182,2626,360341,1
0.03636363636363636,0.03389830508474576,0.03885003885003885,0.020369451774836803,0.01025814004246116,0.9461651262743968,0.8832680959921884,0.8508138466726308,0.050890203706390386,0.011038222350203183,0.0,0.0,0.025870201139314295,0.225363639127395,0.754141768372607,0.692732195787592,2585,360341,2
0.03571428571428571,0.035341365461847386,0.03606311044327573,0.0005037251159841121,0.00024944173371300895,0.9410554131452741,0.8580234188359401,0.8830234084607635,0.07600739060802579,0.001084190415484227,0.05645179103915909,4.2281036204431675e-05,0.07215234226993593,0.222284830685688,77.80478460182239,0.0,2576,14752065,0
0.15884194053208137,0.14817688130333592,0.1696921862667719,0.0004970571254427097,0.0002475600180497985,0.9754094332823001,1.097715834009111,0.907125818785451,-0.12782250855427962,0.0010414027332893447,0.12310726240593955,0.0,0.0705891268472806,0.6315318967676711,77.80478460182239,0.5077011609034987,2556,14752065,1
0.03454750281637251,0.03602941176470588,0.03300076745970836,0.0005154400542829466,0.00025791372877780657,1.2257495827952414,1.166999762821961,0.8754424819215899,0.046751281456378316,0.0001609403652299329,0.28843516871539315,0.0,0.019504809996340064,0.2167080900132523,77.80478460182239,0.9280790170729141,2663,14752065,2
0.023431294678316124,0.0252167060677699,0.021617293835068056,0.0025579583597023173,0.001260704472446748,1.0370761012841478,1.1425679208607433,0.857752114273028,-0.10957295717012665,0.005485166453659045,0.021620083333644752,0.000441924317698776,0.07028431839444904,0.16029533495526951,43.75784175751328,0.0,2518,2853723,0
0.1267056530214425,0.1217129977460556,0.13209076175040518,0.0025394351234430935,0.0012847438050555295,0.745513433489558,0.7144527647416679,0.8650593873892264,0.04022916436177274,0.0048556308800437155,0.1364569788809808,0.0,0.06384685581502246,0.5483337038552877,43.75784175751328,0.4314962014757159,2565,2853723,1
0.027522935779816515,0.02779864763335838,0.027237354085603113,0.0026261895071564415,0.0013095904976594074,1.1097598645904319,0.8976941506127977,0.8979155693905583,0.1731002360913293,0.000890955222214194,0.0,0.0,0.021883071972931517,0.18181317169561836,43.75784175751328,0.7902936353389696,2616,2853723,2
0.04589917231000752,0.04531490015360983,0.046460176991150445,0.0005063022094711864,0.00025041891938489273,1.2418604846473356,1.2563260473423934,0.8976568154798803,-0.012373047028973301,0.0008921385659041377,0.0,4.949872429848437e-05,0.06607610308254575,0.26871465352891755,78.47038930896356,0.0,2658,15162971,0
0.18983851910200866,0.21052631578947367,0.16840417000801924,0.0004823620759190227,0.00023924932814190246,0.9634179844443634,1.1657757352111495,0.8612830264638782,-0.22741415080034216,0.0011313969250488739,0.2845414887532471,0.0,0.07753267358530014,0.7011335321135826,78.47038930896356,0.6539121650301469,2539,15162971,1
0.03861713865391688,0.03811659192825112,0.0391020999275887,0.000500358940860099,0.0002562584215857241,0.8162628157243833,0.8682536213890705,0.9141078420036827,-0.07244278612213238,0.000657370330469732,0.08778911879173464,0.0,0.05209681310270342,0.2359154950964021,78.47038930896356,0.339216792928478,2719,15162971,2
0.040657834627683874,0.04397537379067722,0.0370722433460076,0.0003106911088430716,0.0001563095466002031,0.7523772625938934,1.0197408052260994,0.8356279039973789,-0.37931258807555146,0.0006364615656392745,0.0,4.802995284550867e-05,0.07750052236184969,0.24530024935987355,87.53892981952043,0.0,2189,20000000,0
0.12798557908968003,0.12709620476610767,0.1289134438305709,0.0003164069537550993,0.00015845340338130565,1.2151674266307424,1.2341109483497785,0.8319775192237143,-0.017547345759410242,0.0006328522667003421,0.09998170448488408,0.0,0.07983139187403876,0.5518876323746545,87.53892981952043,0.40138310548202205,2219,20000000,1
0.042720139494333044,0.0395778364116095,0.045808124459809856,0.0003272762934038399,0.00016385242624801586,1.1306124045710535,1.0285088263731255,0.875881165297271,0.08870702547219911,0.0,0.5,0.0,0.02147386303383771,0.2546278533572781,87.53892981952043,0.9243492192799634,2294,20000000,2
0.03908554572271387,0.03908554572271387,0.03908554572271387,0.0008700357111304415,0.00044452465120304403,1.1932215636272692,1.1447340573361808,0.8727013200538705,0.035843855849695495,0.0017098374288070737,0.04450795522257878,6.088976826244577e-05,0.06693593472715412,0.2380836258678123,66.98521226344425,0.0,2712,8714479,0
0.23253105590062112,0.22511848341232227,0.23969465648854962,0.0008533939666604145,0.0004223521341243473,1.1447396367503373,1.2333869348024613,0.8483454938059755,-0.10941609058574787,0.0019513832381962627,0.28728908038755746,0.0,0.07587506501921298,0.7823974758020678,66.98521226344425,0.7896299469025295,2576,8714479,1
0.04057641259006447,0.04137392661982826,0.03982300884955752,0.0008514453337828029,0.0004323630551098115,1.198752298790814,1.3307014905473233,0.911285718226886,-0.1309406084025706,0.00034367714018341487,0.10118113214270887,0.0,0.02698825866546554,0.24492880634368275,66.98521226344425,0.8003866568775972,2637,8714479,2
0.040926640926640924,0.03933910306845004,0.04245640636846096,0.005560074778230177,0.002779500805947917,0.9580344956762785,0.9127674963152334,0.8910145970096035,0.04109380759458594,0.012619800360998055,0.07502504315399625,0.00031759245236687964,0.07375896173002938,0.24652479091238144,27.96891995282792,0.0,2590,1331297,0
0.2004581901489118,0.19268849961919268,0.2082695252679939,0.005591472252695006,0.0028140018888947386,1.0138202685986915,1.066188801828965,0.8717222634405368,-0.05899902845220574,0.011396324117292703,0.18478980098649347,0.0,0.0689830121160348,0.7228435292365478,27.96891995282792,0.7159536323966618,2619,1331297,1
0.03946360153256705,0.04245640636846096,0.03640588690937258,0.005602784557117306,0.0027987115203973525,1.263363356336686,1.2486690277410017,0.8876971766852477,0.0027285163954687756,0.0017138564286626533,0.0,0.0,0.020970821950834016,0.239827394004926,27.96891995282792,0.8112604731837623,2610,1331297,2
0.05952380952380952,0.06220095693779904,0.05687203791469194,0.0002953740002733013,0.0001500085612028858,0.8709385645165235,0.5783953605543296,0.8606463383133498,0.3217656627515503,0.0005493669648317293,0.018511651666030252,1.2077211253604663e-05,0.0810406900650993,0.3255517134879514,89.85961150241668,0.0,2100,20000000,0
0.17028802425467407,0.16281512605042017,0.17721518987341772,0.00028898328025307106,0.00014134896480989315,1.2774383627286596,1.1473451951516191,0.8823084865006425,0.09561260245090022,0.0005492698150769184,0.1199275648452165,0.0,0.08467848944280901,0.6583632323696739,89.85961150241668,0.6171783806130616,1979,20000000,1
0.03946102021174206,0.036468330134357005,0.04247104247104247,0.00029238212064402075,0.00014844125255271807,1.100661662549602,1.1150040194574267,0.8590878950897188,-0.0228472126197881,2.5659097063939202e-05,0.0,0.0,0.040486043364917304,0.23981550626135567,89.85961150241668,0.6500742333493051,2078,20000000,2
0.03195488721804511,0.02827521206409048,0.03561387066541706,0.0002956611458965962,0.0001520094028673488,0.9068260435967971,1.1864938659021522,0.8481003201893191,-0.3112974661788137,0.000653207842189857,0.0,6.01960001793267e-05,0.08449166740044253,0.2041027199605789,88.93310559823662,0.0,2128,20000000,0
0.21062618595825428,0.21975992613111728,0.20097560975609757,0.0003048361091656104,0.00015056103985967826,0.8974359759589099,1.0652209299929234,0.8748315226564076,-0.1890509301628077,0.0006011714658553205,0.2767624141307845,0.0,0.0755526242405993,0.7426779677443188,88.93310559823662,0.7704228236785785,2108,20000000,1
0.03435114503816794,0.03623898139079334,0.03255813953488372,0.0002977028666828994,0.00014970854332230256,0.953059187884786,0.7926241914213957,0.8603785582756085,0.09356896312108666,0.0003107005546627853,0.0,6.9590781862336975e-06,0.05418448650431537,0.21576384348156757,88.93310559823662,0.5246604312583615,2096,20000000,2
0.027565084226646247,0.02586206896551724,0.029191616766467067,0.003807430099879081,0.001941246812587187,0.9261068612002668,0.8124652315583228,0.8839789879665032,0.10272055487333541,0.007406389230765591,0.047302172882728075,0.0003748563340007273,0.0647658005517086,0.1820298915314813,35.55187813715286,0.0,2612,1921838,0
0.2338957055214724,0.23909774436090225,0.22848200312989045,0.003868896245467822,0.0019392814545800652,0.980579492273827,0.9132983351358165,0.9036321371296973,0.05006032485037574,0.00684264731852177,0.2579562214643774,0.0,0.061518905561580385,0.7847408200117894,35.55187813715286,0.904583957643626,2608,1921838,1
0.029063097514340344,0.03383458646616541,0.024124513618677044,0.003806032743917071,0.0019427631515407263,1.2138153342670714,1.099116304795988,0.8912125548829308,0.08728001255469121,0.000807415912514968,0.12138230409717642,0.0,0.016730468738003705,0.18967135631719875,35.55187813715286,0.8679190614326966,2615,1921838,2
0.03948397185301016,0.03937007874015748,0.039596273291925464,0.0033170790867259425,0.0016501533068543292,0.9729368229327345,0.9598820057001894,0.9083028977654681,-0.0015681248041866606,0.007414439553649624,0.048737711767168346,0.0003062211171959812,0.07280312848042025,0.2399211964415391,38.49858675245699,0.0,2558,2215685,0
0.1619496855345912,0.17012779552715654,0.1540247678018576,0.0033237968641820275,0.0016399804543210004,1.668296689447666,1.8383838227377842,0.90418928942542,-0.10352029504966127,0.007140697256370047,0.12917066839791438,0.0,0.07206305162790981,0.6389534858967576,38.49858675245699,0.5079313524792376,2544,2215685,1
0.03465931469082316,0.0272654370489174,0.04179566563467492,0.003313737898927772,0.001636246698828785,0.9375023742667471,1.0075046881816057,0.902793018674975,-0.08904722481674272,0.0034906699240922125,0.04165313262015918,0.0,0.04004690590910561,0.2172450258733009,38.49858675245699,0.4642261587590113,2539,2215685,2
0.03804110188019239,0.04203935599284436,0.03421727972626176,0.00032106218656705813,0.0001633524406404587,1.0632011865530457,1.022409780231453,0.8637685369317329,0.027984984677690665,0.0007392876953647827,0.0413042419335369,3.685671292368951e-05,0.0765793267736731,0.23323747479064605,86.78847437385464,0.0,2287,20000000,0
0.08746230073244292,0.09050576752440107,0.08458961474036851,0.0003314310046238876,0.00016582266905196014,0.9043538792619092,0.9727308213958233,0.8602724740262306,-0.09578142394885436,0.0006332666856357166,0.09257096237070919,0.0,0.0674963037583185,0.42794209975966574,86.78847437385464,0.23408394233757351,2321,20000000,1
0.035421166306695465,0.03839590443686007,0.03237095363079615,0.00032580661245271305,0.00016536775001710824,1.3124738935609983,1.3109225508032651,0.8962750327579855,-0.01602203069350175,0.00037927029130057667,0.13301179461630364,0.0,0.04311518425401937,0.2208892764757775,86.78847437385464,0.4875344363909242,2315,20000000,2
0.04572564612326044,0.041117145073700546,0.05057096247960848,0.005567561627779202,0.0027094461094939425,1.4765366452866118,1.3240010985879056,0.8918098394100479,0.09925920620134211,0.0106535597753289,0.05328963257760687,0.00019713444230523363,0.06388606226875988,0.26795452841109335,27.867103318416163,0.0,2515,1325205,0
0.18528505392912173,0.18504240555127216,0.1855273287143957,0.005615671300062385,0.002797061146385639,1.7048665536321663,1.5365340297421965,0.8222332952098672,0.0908708683189532,0.011108811716652555,0.08550308239542632,0.0,0.06897046487038133,0.6915032915242328,27.867103318416163,0.6100766028541039,2596,1325205,1
0.04568727845608507,0.04837490551776266,0.04276315789473684,0.00555845657887355,0.0027393092495652063,0.8644200485557653,0.8807101838700031,0.92691172232564,-0.03937491405260749,0.0,0.5,0.0,0.011988484262096939,0.2677863259746382,27.867103318416163,0.941812733135198,2539,1325205,2
0.03729334871203383,0.03767660910518053,0.03692539562923888,0.0020272544369263493,0.0010214817494082593,1.2182982666465538,0.8825225601109384,0.8891723352814902,0.2593771328582165,0.004241263501176232,0.05236988220295029,0.00015907898397012754,0.07049860888417404,0.22974159574175024,48.83124602933777,0.0,2601,3638288,0
0.18018720748829953,0.1772549019607843,0.1830876648564779,0.0020675980872066927,0.0010068986696292422,1.173901321521334,1.2128300828491079,0.8753933978834535,-0.07330490593761632,0.004544870031745496,0.2080701676411073,0.0,0.07502971102529299,0.6804864146520024,48.83124602933777,0.6329772821518527,2564,3638288,1
0.0258887171561051,0.031273836765827616,0.020360219263899765,0.0020525237167210984,0.0010162485897980108,0.8449266640060917,0.8566206310115783,0.8830770385943281,-0.014089993286131303,0.001741128581012361,0.0697297837876337,0.0,0.03763558371914939,0.17333505061420396,48.83124602933777,0.5699872161254904,2588,3638288,2
0.03786707882534776,0.042275172943889314,0.03341103341103341,0.007510973731155542,0.0037504148208046583,0.8968236466381133,0.880565056972449,0.9101997313807783,0.008892634386484579,0.015537624947120078,0.034740285987108814,0.0007403765679174204,0.06818628132061327,0.23242586959592948,21.72938012068264,0.0,2588,985944,0
0.23091530573490315,0.2364192807957154,0.22549019607843138,0.00779869659666908,0.0038131788559015206,1.1000487633198548,1.1544925972293059,0.9175180625383984,-0.051296884872905464,0.013839360238078382,0.2766596302602284,0.0,0.06003537563109511,0.779603477785948,21.72938012068264,0.8049881627725148,2633,985944,1
0.04295403165033911,0.04460093896713615,0.04142441860465116,0.007494378129000735,0.003847955030831486,1.147341932896747,1.2360458559245704,0.8794959500139392,-0.08693943156852092,0.0010922945275269825,0.27370044064675236,0.0,0.016538419869615354,0.2556761191870802,21.72938012068264,0.9323764521353286,2654,985944,2
0.06653491436100131,0.06322580645161291,0.06998654104979811,0.00021762687711216632,0.00010842061025804677,1.0394914582267596,1.2264174636905145,0.8489244708814759,-0.21364139668501161,0.0003036559742336307,0.0,0.0,0.08609800600420289,0.3528575058681913,95.91036716252407,0.0,1518,20000000,0
0.15009746588693956,0.13760217983651227,0.16149068322981366,0.00021714124409361532,0.00010992775482239275,0.9268647715046447,0.9531948912979455,0.90348012354698,-0.030849404570389687,0.0004693722823994864,0.0,0.0,0.11023928145714815,0.6100841593960458,95.91036716252407,0.467830897602597,1539,20000000,1
0.05286624203821656,0.032953105196451206,0.07298335467349552,0.0002214031472682431,0.00011216616366929385,0.973774168862643,1.0043217859179916,0.8952584552378664,-0.05627698640011564,0.00013561000433503655,0.3472604567180111,0.0,0.04992647787897738,0.29844998087214775,95.91036716252407,0.6795519436126174,1570,20000000,2
0.037250384024577574,0.040154440154440155,0.03437738731856379,0.0025538868668995725,0.0012672106328899557,0.9233410391439344,0.6753113797279617,0.8737835883625861,0.2542681169711699,0.004851977968506113,0.06131487328444121,0.00012327573379065557,0.06840664446296023,0.22954004970064434,44.39184667527806,0.0,2604,2935192,0
0.08503937007874016,0.08307453416149069,0.08706070287539937,0.0024953680400115665,0.0012364874798340576,1.615146981616028,1.357683469890797,0.896890285245474,0.07938343142185324,0.004431775365861844,0.11680026543325325,0.0,0.06175011646452777,0.41969145182510526,44.39184667527806,0.2360572329233343,2540,2935192,1
0.02910360884749709,0.030350194552529183,0.02786377708978328,0.002497015020543181,0.0012543484810798786,1.0356842731104865,1.2423624453881617,0.8973099279518161,-0.24453666752928993,0.0005486574867065628,0.12268981553718421,0.0,0.021980502671922725,0.18987638749793084,44.39184667527806,0.8163832727286655,2577,2935192,2
0.03261734287987271,0.031451612903225803,0.033751962323390894,0.0035472630573063968,0.0017332982169228923,1.0958408573437308,0.8885317291898721,0.8947953812322247,0.18764169089998275,0.007895481699169569,0.040908727974290876,0.0004349015407200981,0.07254159448766462,0.20735247575961568,37.114462044612054,0.0,2514,2072043,0
0.21771361685524776,0.2152395915161037,0.22015503875968992,0.003526152411973749,0.001767213263959468,1.3638076713642784,1.133580362448218,0.8342635888582857,0.1105261483131379,0.007337311479857989,0.12608096975895117,0.0,0.0701929311918345,0.7559706047695474,37.114462044612054,0.783103879073482,2563,2072043,1
0.039140445126630855,0.039619651347068144,0.03869047619047619,0.00358169201171012,0.001796360543209502,0.979478098081273,1.205942869491728,0.8087396779571385,-0.2357958943373467,0.004764537240954109,0.016804006137392913,9.974404006377524e-05,0.04772028874231329,0.23833718683353403,37.114462044612054,0.33720656474808497,2606,2072043,2
0.03931691818903892,0.04463586530931871,0.03384367445608381,0.00345067827330712,0.0017215787382974695,0.927621557220689,0.7834607549743438,0.9001855332010035,0.15002256202590622,0.007721155916669889,0.0321810974733869,0.00040795014879893815,0.07455550603834717,0.23915147122762664,37.303692280140545,0.0,2518,2091137,0
0.23433345993163693,0.23564504101416853,0.23297213622291021,0.0035877908502449265,0.001799362534989503,1.4267542766930612,1.2361735791308472,0.9047132254556889,0.09186620802550557,0.006685151450387967,0.3101413280165563,0.0,0.06412340625097544,0.7854893423882494,37.303692280140545,0.927131440652916,2633,2091137,1
0.04174573055028463,0.03402938901778809,0.04918032786885246,0.0035532433333151222,0.001799499554734835,1.0773992943582056,1.094743358813226,0.8819194573403063,-0.04545177709650338,0.004765814231509406,0.0625574203506111,0.0,0.048025442269019586,0.2502398303510764,37.303692280140545,0.3628027138247182,2635,2091137,2
0.03491941673062164,0.03600900225056264,0.03377847604084839,0.001095858345889605,0.0005485606702628334,0.6287257005424143,0.8267708422475682,0.8339051154220305,-0.3187175358551994,0.0022318246300294885,0.019617853053394793,0.00013922107540761437,0.06894409609210446,0.21849198857554109,61.772966455805225,0.0,2606,6786039,0
0.05216724204065976,0.05229793977812995,0.05204460966542751,0.0010943256960010376,0.00054884707377351,0.9484629180548658,1.105642779218233,0.8953885116011231,-0.1935137403525774,0.0020740591960517925,0.031768079182305765,4.815161330139911e-05,0.06832330021954658,0.29553287092356084,61.772966455805225,0.07743942604319276,2607,6786039,1
0.03761147731678945,0.03953488372093023,0.035686578743211794,0.001091056244349436,0.000543001554260362,1.0423098925206546,0.8541406968980887,0.9055273284631868,0.18023176706318092,0.00035971021497964553,0.10372715965129735,0.0,0.024945220463376883,0.23123162474706735,61.772966455805225,0.8295864167612115,2579,6786039,2
0.03263403263403263,0.031417624521072794,0.0338849487785658,0.020058090669919117,0.010062273510889069,1.114678176169971,0.9145840356136362,0.8747327249331237,0.15978090736746633,0.04323108284418312,0.021384926585893946,0.0029245650140600965,0.07058755502218045,0.20743408855773765,1.0631641906824418,0.0,2574,365685,0
0.25280247390800153,0.25846153846153846,0.24708624708624707,0.02044107425947474,0.010101443955923812,1.2874686879462456,1.2214200486517321,0.8918071068145188,0.046331506762710806,0.0415854113839535,0.31729400341262914,0.0,0.06723693728083141,0.8156898000260379,1.0631641906824418,0.9588097112146489,2587,365685,1
0.03178758414360509,0.026902382782475018,0.03641660597232338,0.02086677367576244,0.010443150441510157,0.8936092156996412,0.901188067032563,0.8680448732305305,-0.050701068143278905,0.02547201972994474,0.017146909548384843,0.0007220647744286897,0.04468396237730976,0.2032787734429816,1.0631641906824418,0.40582211032318893,2674,365685,2
0.027119938884644767,0.029208301306687164,0.025056947608200455,0.00798203695176435,0.004031829585128124,0.9441105285671816,0.8426595445144276,0.8888292159589959,0.10334588199008948,0.014810578279096404,0.02127148754741968,0.0009976754786880401,0.06227804527474217,0.17973617772400083,20.433927029566657,0.0,2618,927225,0
0.054838709677419356,0.05627009646302251,0.05339805825242718,0.007863481817817522,0.003822311820499305,1.0817197027249943,1.0073654345066292,0.8843346495799975,0.05227910173912491,0.015323918075269073,0.09221149511965457,0.0,0.06486276244812783,0.3066062548001266,20.433927029566657,0.1459343965910862,2480,927225,1
0.03031437125748503,0.029411764705882353,0.031203566121842496,0.007956652722758552,0.004115403808596758,1.1983468265284367,1.1796690345703729,0.9249168000975206,0.008931916733732741,0.0019553258913414875,0.201995839333735,0.0,0.017661909911372353,0.1959659724889179,20.433927029566657,0.9054284283341503,2672,927225,2
0.038686987104337635,0.03571428571428571,0.04157043879907621,0.00701809236237381,0.003509046181186905,0.9511347665976001,0.7803462959262566,0.8363538635553471,0.16656470835599482,0.01659427968306124,0.01881363411302889,0.0011210162720112552,0.07638598016811814,0.23623934335428695,22.856210407169808,0.0,2559,1041911,0
0.24044770358934775,0.24279210925644917,0.2380204241948154,0.007024369898928647,0.0035547153140867427,0.85930951453586,0.9289134316996235,0.8760362991495134,-0.08989909484660431,0.01471721749600988,0.23141604434692722,0.0,0.07059739689864966,0.7957840024411607,22.856210407169808,0.8769018263383669,2591,1041911,1
0.03003120124804992,0.03003003003003003,0.030032467532467532,0.00699023479562205,0.0035170647598066988,1.4402889967556363,1.4532469367386405,0.9093682642706199,-0.016207179146584733,0.004638223603865253,0.03560967113018108,0.0,0.02924128982368208,0.19454830641712087,22.856210407169808,0.6670450967766817,2564,1041911,2
0.028757668711656442,0.029365079365079365,0.028189910979228485,0.012547382848658051,0.0062058741644794605,1.1030591030726642,1.1487603808790159,0.9249097089401804,-0.059652331983724924,0.024568139168618323,0.00986190302651367,0.0019172577120424197,0.06512009009792066,0.18812284709727534,11.416192661913039,0.0,2608,600590,0
0.18607442977190877,0.1862348178137652,0.18591772151898733,0.011768652934192148,0.005946191605852442,1.7931225422071513,1.749567151234001,0.8872144951067632,-0.010909121008935053,0.02583348166134327,0.16722253232955908,0.0,0.0734372222098557,0.6931868572455621,11.416192661913039,0.612493926463395,2499,600590,1
0.03541823662396383,0.03216155572176515,0.0387243735763098,0.012516740128973327,0.006313080255092211,1.0482700615544778,1.093180523443737,0.8670985739404233,-0.05557430345877182,0.007294415946593029,0.08320165237112331,0.0,0.027003023740821364,0.2208753098655417,11.416192661913039,0.68836451236905,2654,600590,2
0.04713275726630008,0.03802588996763754,0.055725190839694655,0.0005976014874156178,0.00029739902012512954,0.8271791348955855,0.8138689141234348,0.8989989011069881,0.001542695397193291,0.0011932138782237394,0.0504226328150992,2.6218207085034422e-05,0.06619112038292903,0.2740899421278386,73.89589104733525,0.0,2546,12230667,0
0.07449638920562524,0.0696442089326268,0.07938931297709924,0.000606940186435862,0.00030726565913272136,0.9863660094100228,1.1801327952344325,0.8778087632516179,-0.21298313385012743,0.001317854185497206,0.0578973162753559,0.0,0.07433125830796919,0.382483568829967,73.89589104733525,0.14893675879426405,2631,12230667,1
0.03338278931750742,0.035258814703675916,0.03154805575935436,0.0006156008029088218,0.0003148662046371056,1.0034178462213614,1.0349052997293795,0.9130486399761306,-0.03702273146521196,0.00020439746712820058,0.4066869801570144,0.0,0.020053329576976982,0.21108250182049743,73.89589104733525,0.8097498138856127,2696,12230667,2
0.04414662987780844,0.048701298701298704,0.03984674329501916,0.00047812128686748135,0.00023548703257285966,1.0231934971255405,1.0370505984558278,0.8925842384826886,-0.02752490127872286,0.0009976507308843562,0.012603117379405587,5.758047227423567e-05,0.07034877938578384,0.2609915037967167,78.7049030490397,0.0,2537,15390956,0
0.23231132075471697,0.23739837398373984,0.22754946727549466,0.0004886859230887252,0.00023612858278019316,1.159688353635781,1.1111870860391355,0.8975061127920423,0.021571988641018645,0.0009489271692646583,0.13045304748861525,0.0,0.06954915905759951,0.7820187461625684,78.7049030490397,0.795419957993579,2544,15390956,1
0.04012112036336109,0.0348221044663134,0.045420136260408785,0.00048698503259021547,0.00024525628213941086,1.1825289390250597,1.0866463550780048,0.8872138642222349,0.06760137999042548,0.0007171112918559785,0.061502271250589484,0.0,0.05656558612681343,0.24284724609268843,78.7049030490397,0.34181817824660876,2642,15390956,2
0.02885345482156416,0.02669717772692601,0.030990173847316706,0.01790541690783426,0.00896802968914916,0.9410137983456154,1.0275293097381706,0.8948843847219121,-0.11541724500554924,0.032658452083015814,0.01157569075453563,0.0023483193592055422,0.061403705730123624,0.18860899431842032,3.9676019020598585,0.0,2634,420218,0
0.15419847328244274,0.15278838808250572,0.15560640732265446,0.017609793128333964,0.008918936399813452,3.1129664926533525,3.1828982784289996,0.9061565668633307,-0.028766974092680198,0.03896536710492614,0.13667260751226493,0.0,0.07217891861015342,0.6202480128382759,3.9676019020598585,0.5143540195297875,2620,420218,1
0.036418816388467376,0.03866565579984837,0.03416856492027335,0.017788179029853027,0.008953530632555391,1.7858178214943192,1.598011363756039,0.9306528307723477,0.09237465951255672,0.026354168489426327,0.034319733601706544,0.0006217358694294759,0.05191398022999303,0.2256244632461273,3.9676019020598585,0.30194891620621,2636,420218,2
0.032932971716388995,0.03356752537080406,0.03230769230769231,0.009114011051122747,0.004668240230789405,0.7234052561410067,0.5369267525170228,0.8300313113819549,0.24510807541731075,0.018210150651246423,0.041741326850071134,0.0008663156732123521,0.0662290249723389,0.20889374889448262,17.11744083520109,0.0,2581,789805,0
0.082103670071888,0.08640120210368145,0.07774390243902439,0.009520312290844365,0.00478095865185287,2.404470621266039,2.1317949710780417,0.8737850319954703,0.101219287276392,0.0193976237734771,0.1447646493436166,0.0,0.06893999858573385,0.4095485713733859,17.11744083520109,0.23902352651497744,2643,789805,1
0.03263403263403263,0.03064516129032258,0.034482758620689655,0.00929982280875303,0.0046634996901870835,0.924541569729391,0.840136617975431,0.9186397275067744,0.06659585280841976,0.010353090771545396,0.1043848714123808,0.0,0.041706097156879576,0.20743408855773765,17.11744083520109,0.43437739244556084,2574,789805,2
0.03486529318541997,0.03590944574551132,0.03378921962992759,0.003643278922689083,0.0017883383899002811,0.9779626046548794,1.0626781592858179,0.8820877556905771,-0.08930339538842479,0.007004208332756114,0.04846100889382482,0.0002641138661228583,0.06413539201251968,0.21823275264502612,36.5468816469408,0.0,2524,2015972,0
0.14147286821705427,0.1426256077795786,0.14041604754829123,0.0035809704692183948,0.0018283997250313593,1.6968582712864597,1.558029145335159,0.8950378827574929,0.06535496682462476,0.006563064104268666,0.19252318056213777,0.0,0.0616481288112659,0.5880831615703194,36.5468816469408,0.47227695473712034,2580,2015972,1
0.03493125232255667,0.0418168709444845,0.027607361963190184,0.0037287647873058983,0.0019072621255731177,1.024487134346936,1.263129807587685,0.8819573596034702,-0.2582311706039292,0.004036547336629359,0.02103107939929255,1.4125308540180632e-05,0.040854817114386474,0.21854866087805327,36.5468816469408,0.5290495245326114,2691,2015972,2
0.0395195660596668,0.037481259370314844,0.04170008019246191,0.011182218256998002,0.005535348162890649,1.2816993821494151,1.3398770740803976,0.9005790459041861,-0.048233950372707356,0.022035692301391904,0.03501537079501036,0.000918306927249877,0.06546854514685854,0.24008506483086373,13.540676681207875,0.0,2581,665418,0
0.2390300230946882,0.2321291314373559,0.2459521973785659,0.011190927248257713,0.005567604172917184,1.4661946313735563,1.6969131167584732,0.8362614893618521,-0.17132210126036346,0.02512867433835001,0.24277396391994108,0.0,0.07308636552001462,0.7934235174372717,13.540676681207875,0.9342895872397176,2598,665418,1
0.04325798908807482,0.04328018223234624,0.04323458767013611,0.011134739141537148,0.005506213265982718,0.8401304472466958,0.809954914229122,0.8657820776799043,0.034197020770538974,0.005537581822968108,0.0,0.0,0.02463471717243163,0.2570355387779492,13.540676681207875,0.6766785112760253,2566,665418,2
0.023059185242121444,0.02704791344667697,0.0191131498470948,0.005669839454941916,0.002849704898929663,1.150319134950443,1.1479715948391551,0.8392425071974895,-0.004700425023602139,0.013569235448331753,0.04388951826409544,0.0009440494972314436,0.07718229667193807,0.1582885470717091,27.534934833209423,0.0,2602,1305260,0
0.1637065637065637,0.16099773242630386,0.1665351223362273,0.005657027389732845,0.0028350814511238524,1.0391222605041424,1.2253340666647654,0.8623077819036162,-0.24259314694089773,0.012308320344724755,0.15659606456542002,0.0,0.07115473063151825,0.6431035495490386,27.534934833209423,0.6196421761348504,2590,1305260,1
0.0291445874337623,0.029367469879518073,0.0289193302891933,0.005695724098642623,0.0028944225944631296,1.313710151012554,1.3243046330470447,0.8667034092506732,-0.0362341942658046,0.002524147055682646,0.0,0.0,0.02478070438058617,0.19008369823710558,27.534934833209423,0.7219950034661134,2642,1305260,2
0.03396372057120803,0.03571428571428571,0.032306536438767845,0.0010193288817304722,0.0004995424877177328,0.8031281238762479,0.7513936191343749,0.8976675423081224,0.06212284387653242,0.0022591143302925277,0.013948329488526805,0.00016695013086906376,0.07713794250192824,0.21389586699291682,63.630044512781836,0.0,2591,7410574,0
0.2670498084291188,0.26631259484066766,0.2678018575851393,0.001006367749027811,0.0005032802883622508,0.9470256977444641,0.9254990258324828,0.8609080038350692,0.018318913537956838,0.0021290952257556274,0.3425876494764999,0.0,0.07112864044630587,0.8371993698149466,63.630044512781836,0.9429959486056493,2610,7410574,1
0.03241800152555301,0.02948021722265322,0.035258814703675916,0.0010076752582854637,0.0005054762822315833,0.955979634009327,0.9737460648815426,0.9161883073630606,-0.02081634582451698,0.00132028751714289,0.16324525164026155,0.0,0.048800870546853156,0.20637671145672076,63.630044512781836,0.35426630730416436,2622,7410574,2
0.03939393939393939,0.03889304412864622,0.039907904834996163,0.00118316015750279,0.0006009124308979157,1.1161228447095142,0.8715601976223439,0.8903453919844193,0.20568748544544355,0.002104524300120346,0.0,0.00013968025574665412,0.06508817433401753,0.23950649033664523,60.17509779779569,0.0,2640,6278796,0
0.1473067057530231,0.14720812182741116,0.1474074074074074,0.0012178119621861533,0.0006210818248562909,1.2712439201348458,1.2593229634657248,0.8944868835730935,-0.017786425182199025,0.0024867119637345856,0.14483630155608304,0.0,0.06904492899834093,0.6030590912704119,60.17509779779569,0.4987765413610918,2729,6278796,1
0.03238242097147263,0.0324773413897281,0.03228346456692913,0.0011677568917229228,0.0005903647197679326,0.830275716209809,0.8305457123355103,0.9036178862297295,-0.0033589373090115904,0.0014793331791747599,0.06326814621428617,0.0,0.049298199929127304,0.20620235480793186,60.17509779779569,0.4185604383439898,2594,6278796,2
0.029885961462839165,0.026604068857589983,0.03320158102766799,0.0035262376514387586,0.001755181512548202,0.7350675335632398,0.7996948301392253,0.8838877700658724,-0.10225545197280261,0.008286243362720101,0.019175768055668407,0.0006453396200078298,0.07598082925050254,0.19381963746394973,37.09102313848629,0.0,2543,2069564,0
0.07992424242424243,0.08126934984520123,0.07863501483679525,0.003644571452237477,0.0018222857261187386,1.1759797609954001,1.2404114803750388,0.9140977872126463,-0.05611112798443975,0.006699415710366155,0.10732094516651096,0.0,0.061798599351438846,0.40191219742470513,37.09102313848629,0.22775439782403334,2640,2069564,1
0.02749410840534171,0.025869037995149554,0.029029793735676088,0.0035088058594295013,0.0017585471886038407,0.9139163001207447,1.0230160229895968,0.9111446091711652,-0.12016139761486858,0.005557405814016893,0.039902255519477195,0.00023689053019102706,0.054749089520329274,0.1816648913166498,37.09102313848629,0.3505808194610416,2546,2069564,2
0.0427807486631016,0.04155614500442087,0.0440251572327044,0.00032140028820320957,0.0001602716103840005,1.013606631483722,0.9985850511458272,0.9055131062853249,-0.049898486856486284,0.0007030243285666904,0.0,5.443060012109416e-05,0.0752906901555962,0.2548996784421719,87.02890222236437,0.0,2244,20000000,0
0.24148606811145512,0.2344161545215101,0.24866310160427807,0.00032231290368137485,0.00016151362482792297,0.8086062609894773,0.7341446764114103,0.8746124413163987,0.06611561763289416,0.0005761074875588512,0.16844340976298033,0.0,0.06418384515289308,0.7975028372732278,87.02890222236437,0.8603556302747221,2261,20000000,1
0.04361370716510903,0.04741000877963126,0.039711191335740074,0.0003232292696997168,0.0001605074406663566,0.9532575576292274,0.8676846100451229,0.8536984130032866,0.04578680868555491,0.00045334524953560183,0.020745972997446634,6.529702420837158e-06,0.05351536807558966,0.25862236426419866,87.02890222236437,0.32606524575607937,2247,20000000,2
0.048471290082028336,0.04937361827560796,0.047547169811320754,0.0011066744243615255,0.0005659993909492013,0.8529019909713588,0.9069326245610316,0.8846559518886485,-0.06398420784185359,0.0023014655512151377,0.0,0.00015285568733929637,0.07012208287116482,0.2798672705914069,61.78877746526553,0.0,2682,6770728,0
0.10724962630792227,0.10498883097542815,0.10952738184546136,0.0011136454156371934,0.0005645226619142128,0.9489688526431456,1.0808673696521807,0.9100104830253077,-0.18399746905672276,0.002214825667921896,0.1714251414020234,0.0,0.06760436612120627,0.49156385141571346,61.78877746526553,0.252471005167092,2676,6770728,1
0.04709871891484552,0.04736842105263158,0.04682779456193353,0.0011371323838168907,0.0005600202907125678,1.14359796897686,1.322462567020083,0.8739891038287141,-0.15702346995728425,0.001495283839351351,0.0571838974370731,0.0,0.052056219322552964,0.2739422830758863,61.78877746526553,0.3812411676003679,2654,6770728,2
0.04372842347525892,0.043833580980683504,0.04361617763679619,0.004952036075040196,0.0024817297284947695,1.294565117138748,1.4425426734521498,0.8938933975681568,-0.12479645522770229,0.011312128030365786,0.07272803222537215,0.00026547112058713607,0.07416420334334141,0.2591331681987356,30.423746325971525,0.0,2607,1500807,0
0.1532732261858095,0.1622464898595944,0.14420803782505912,0.004833747096752076,0.0024292531213188626,1.6315630492562616,1.412891956103013,0.8827068568369956,0.0745768651208947,0.010532024056186542,0.224168518629755,0.0,0.07124052198961896,0.6179712975276117,30.423746325971525,0.5621560414831407,2551,1500807,1
0.03960029607698001,0.03770739064856712,0.04142441860465116,0.0050977755247808,0.0025698114679025604,0.8700411357524817,0.9621166385533091,0.8472507140649821,-0.1082196498764119,0.006779430100093273,0.02898873214425572,6.848373728169082e-05,0.0477101020127983,0.24045655078892336,30.423746325971525,0.3145009689219848,2702,1500807,2
0.038955979742890535,0.037965072133637055,0.04,0.0010379519190397504,0.0005139704043547529,0.9286244920189006,1.1607558936552735,0.8823364828941547,-0.2609136051803327,0.002062249243794773,0.05944066689835123,5.6294687765920685e-05,0.06922464327221575,0.23748474702735597,62.84918285098215,0.0,2567,7134737,0
0.2454308093994778,0.2522189349112426,0.23852520692249812,0.0010705246411939885,0.0005369647451900997,1.010715897587386,1.1654183059175978,0.869182232326207,-0.20525666610775584,0.0021522687126580516,0.2818964039060358,0.0,0.06977976877663027,0.8039554793129622,62.84918285098215,0.8949058899026904,2681,7134737,1
0.036153846153846154,0.04201680672268908,0.030209140201394268,0.0010492914729902045,0.000520541467234217,0.9179058128307098,0.7595891439414943,0.9070088292963243,0.1687409979573157,0.0002062800626772324,0.0,0.0,0.021206214095603054,0.22437086000878598,62.84918285098215,0.8324075764288597,2600,7134737,2
0.04377358490566038,0.04610733182161754,0.04144687264506405,0.0009713829217103619,0.000492098019983265,1.3595832499835705,1.3246381598183052,0.9043150941575135,-0.09473586316748049,0.0016380959508283622,0.040256191861834184,3.037563279611864e-05,0.06086821861684544,0.2593341364897694,64.33197351566027,0.0,2650,7694907,0
0.16704374057315233,0.1838733986435569,0.150188679245283,0.0009636091786837767,0.0004923875803216523,0.9104071949096705,0.8243769865416534,0.8822658173626529,0.08071887177484503,0.0021423545790974596,0.11612497125950372,0.0,0.07577472840852671,0.6508972221255307,64.33197351566027,0.5918157684873079,2652,7694907,1
0.03507462686567164,0.029917726252804786,0.040208488458674606,0.0009746952406466852,0.0004975587133205936,1.1261316682054414,0.8728092945618595,0.8638370442507398,0.22354228839155865,4.9286141852923656e-05,0.0,0.0,0.013881324533490478,0.21923470484997973,64.33197351566027,0.9049427193363344,2680,7694907,2
0.022440944881889763,0.01927710843373494,0.025482625482625483,0.009740008127699389,0.004801013127179594,1.3552931305118148,1.3297862583183466,0.8811930288498072,0.01473797073791159,0.020777997156009153,0.0798025860187946,0.0009263129372970099,0.06997693070523386,0.1549346986026439,16.17868481978755,0.0,2540,755370,0
0.19924098671726756,0.19594594594594594,0.20260936300844207,0.009980617406514443,0.004982744764336028,0.8586638553970118,0.838255492256273,0.9048138421700228,0.008412002796975624,0.021838772792227016,0.1986746969577024,0.0,0.07149732728021448,0.7204074685454214,16.17868481978755,0.7584864650185735,2635,755370,1
0.028037383177570093,0.023405972558514933,0.03235515425131678,0.00976622708558309,0.004856636552241939,0.9567776019587355,0.9270668970231423,0.8538724255209024,0.01898083455413605,0.007847848859402208,0.06196622593521702,0.0,0.0331227183114338,0.18445186314098755,16.17868481978755,0.6476063138803468,2568,755370,2
0.038485804416403785,0.03865336658354115,0.038314176245210725,0.00022948821414100232,0.00011320847165063451,1.1455094213174943,1.1590510425787153,0.8984875377719538,-0.043807381373147894,0.00046071701789844187,0.032155790002973125,2.144786845804187e-05,0.069162910108738,0.235306057940865,94.52414611958228,0.0,1585,20000000,0
0.11268512556342562,0.12010443864229765,0.10546378653113088,0.0002234503897630576,0.00011093940386893492,1.2045761585923322,1.2129590857561632,0.8947551347843294,-0.029086024566376645,0.0004736755865712141,0.22195673072079522,0.0,0.07508432424405974,0.5079623574284016,94.52414611958228,0.34034210260122366,1553,20000000,1
0.03584672435105068,0.038366336633663366,0.03333333333333333,0.00023350563002068344,0.00011553887136803237,0.9499426386749933,0.7623669998975284,0.907477730846,0.17370478509270196,0.00023683256759522673,0.0,3.419985292078858e-06,0.04683173059914942,0.2229141945518614,94.52414611958228,0.4858249571263756,1618,20000000,2
0.03571428571428571,0.03379416282642089,0.0377207062600321,0.013009442499016146,0.006386909342484227,0.9793224771904,1.114461731167598,0.8605002621049161,-0.1522849820253809,0.02860859024742417,0.01099286589797447,0.0021136788119798964,0.07180068502384918,0.222284830685688,10.304175452956432,0.0,2548,569690,0
0.12777777777777777,0.14093428345209819,0.11455847255369929,0.012932612959702218,0.006320827125378121,3.453621228770791,2.947972749899336,0.8958317080242562,0.13462582636181172,0.02885221419869498,0.1399676468716274,0.0,0.07435860593666133,0.5513120820780262,10.304175452956432,0.37881109726947365,2520,569690,1
0.030904235024799696,0.03225806451612903,0.029503105590062112,0.013207684379725314,0.0065724968215796565,0.9827806534632758,1.0128445843351137,0.8922400131118895,-0.0414354684986286,0.010677987981388073,0.06648149624586841,0.0,0.03325846334288937,0.19890647783667526,10.304175452956432,0.4983423862923777,2621,569690,2
0.03239329268292683,0.03585049580472922,0.028941355674028942,0.0007002993510379783,0.0003533818263699337,1.1018540336639004,1.333197103267532,0.8789435786395161,-0.2219533275742911,0.0014192670560413644,0.03789046085357189,7.365172402457829e-05,0.06867022754559962,0.20625563602177205,70.93401677783476,0.0,2624,10607032,0
0.09791827293754819,0.10518174787316319,0.09069946195234435,0.0007076946443026542,0.0003492693887597194,1.1220340133679227,1.1872345947400471,0.8665686426936222,-0.060070362270469135,0.0014053551970666317,0.12161698064210963,0.0,0.06589039549019199,0.46236172481387194,70.93401677783476,0.2943412589403366,2594,10607032,1
0.03680981595092025,0.037267080745341616,0.03636363636363636,0.0007045093581114517,0.00035117744762130465,1.2072997609715765,1.2397631776084512,0.8622976692595004,-0.03104180684546725,2.760869877211963e-05,0.0,0.0,0.013579790426233024,0.22746905864633904,70.93401677783476,0.9082471998124384,2608,10607032,2
0.03718854592785422,0.03852080123266564,0.035945363048166784,0.019010900398865323,0.009680043774389102,1.0938255128328862,1.2006863149910065,0.8956592194496297,-0.1172805409513737,0.03952444972334071,0.021079642254266798,0.0023456204540072976,0.0684741126477196,0.22924983869442,2.7573991348126548,0.0,2689,396622,0
0.25518831667947733,0.2632398753894081,0.2473444613050076,0.01901643359918156,0.009373131317497712,1.082407193233568,1.1066699552415464,0.9105734650435388,-0.028807005012949506,0.03908099938283695,0.2929905742884894,0.0,0.06781101974938843,0.8193983227328664,2.7573991348126548,0.9809362962314809,2602,396622,1
0.043544112078758045,0.04649390243902439,0.040632054176072234,0.018808867758027627,0.009512489419561655,0.7689006886639185,0.7758837433660244,0.9260960535302276,-0.029155315259148006,0.020555571076156427,0.027038719993487313,0.0,0.04114093797976368,0.2583122524503341,2.7573991348126548,0.4951607388517144,2641,396622,2
0.03965256797583082,0.04144687264506405,0.03785011355034065,0.0038997555659219733,0.0020020458973558325,1.1012109300189872,1.1302751414829741,0.8845011712399302,-0.04096227147555581,0.008954703147192211,0.03242991043799101,0.0004827363553942905,0.07449355299778161,0.24069695243112893,35.19392783812134,0.0,2648,1889107,0
0.22866092404072044,0.22713178294573644,0.23022151898734178,0.003896261010925863,0.0019311179161468376,1.2009539602629618,1.0899377502252212,0.8669285180088547,0.09049435978414481,0.008567151618625606,0.22847420956220776,0.0,0.07179375793490668,0.7756696798502982,35.19392783812134,0.8649273814880069,2554,1889107,1
0.04787437763309077,0.048799380325329204,0.04696969696969697,0.003972527576485725,0.001976046771233421,1.1641495268299729,1.2643163500413959,0.8829542431473932,-0.09333664520117106,0.0025094171848306776,0.04145785695984845,0.0,0.028358907317404678,0.27729791041730817,35.19392783812134,0.6644403578160883,2611,1889107,2
0.031188314251875248,0.030278884462151396,0.032081377151799685,0.013102786268219365,0.006398565185540708,1.0211013902239352,1.0083371975738085,0.8662668344755099,-0.008649810186179321,0.026650549229144057,0.058057650591005865,0.0010914907060646183,0.06722463302267663,0.20031663028148644,10.140845443080593,0.0,2533,565236,0
0.08282904689863843,0.08464419475655431,0.08097784568372804,0.01330828244872397,0.006676868841447092,2.793809303287037,2.7378153045373743,0.9266630764586402,0.009568721114160853,0.02605497568208638,0.1374959374903061,0.0,0.0651137860558605,0.4120699000250333,10.140845443080593,0.1594001170822723,2644,565236,1
0.03619047619047619,0.03577106518282989,0.036576444769568395,0.01307239178697368,0.006645048110148317,1.236459225809084,1.318002709640647,0.8535842948707295,-0.08016783781112036,0.015874300388975776,0.0,0.000566908601845516,0.044507695005591486,0.22454433340920113,10.140845443080593,0.3490587529514348,2625,565236,2
0.03524399690162665,0.040498442367601244,0.030046224961479198,0.007505041965975766,0.0038093214775210197,1.2323485142411619,1.278443785894183,0.9092636178109463,-0.0588031361248426,0.01729397406952234,0.0655019201556034,0.0006648150482317201,0.07471784635179003,0.22004400796249457,21.342523846467042,0.0,2582,968254,0
0.11440677966101695,0.10454545454545454,0.12460815047021943,0.007610787849288701,0.0038289932668126875,3.0199270091344874,2.616502239365304,0.8807259363506283,0.13088179659346838,0.017303775344600376,0.1842259223789062,0.0,0.07386615621738796,0.5130666885003238,21.342523846467042,0.3241427681485642,2596,968254,1
0.02962129733783277,0.03088803088803089,0.028425655976676383,0.007676593406431086,0.003939479433317627,1.2050730467477275,1.244017287918399,0.858177299014972,-0.03338309786834394,0.007708029513207814,0.02146747587257611,7.208047085502042e-05,0.03868053392823316,0.19248911312700395,21.342523846467042,0.5865559710853188,2667,968254,2
0.024343122102009274,0.027439024390243903,0.02115987460815047,0.0007178547398839593,0.00035962215772738804,0.6619578510943389,0.6951432166963856,0.8576546362225667,-0.06240046588972551,0.0014261697095745355,0.05471232628363727,7.463991200274573e-05,0.0659150431929282,0.16517618780782584,70.30308684475821,0.0,2588,10281022,0
0.09308719560094265,0.09208400646203554,0.09403669724770643,0.0007305522772284659,0.0003538786335280963,0.9590491077455681,0.8703539016497795,0.8840808289497295,0.07362317159359748,0.0014411764123738425,0.06604624366209072,0.0,0.0671566630657291,0.4466913798678468,70.30308684475821,0.26665682386694706,2546,10281022,1
0.02535101404056162,0.022222222222222223,0.028594122319301033,0.0007096434090513307,0.0003563505093630262,1.1323319466049047,1.0696366777678632,0.9122256025676592,0.048133746608167806,0.0003792071047726969,0.09700929526654266,0.0,0.025661277751586338,0.1705125521267276,70.30308684475821,0.7558301553657076,2564,10281022,2
0.026771653543307086,0.027842227378190254,0.02566158781074579,0.014975379311562016,0.007471511186676001,0.9546732499503582,0.8938810346447017,0.8658298061298627,0.05020658782336923,0.027464948086556893,0.051764750899137124,0.0012548093602622057,0.06168265052449405,0.1779340107206948,6.9610306915440905,0.0,2540,485224,0
0.15213215520553208,0.1515625,0.15268329554043839,0.01522966895229669,0.007676767676767677,2.722017480477232,2.531981126029768,0.8970094513153283,0.05633104979491096,0.027665150560547476,0.15355197707602478,0.0,0.06283997477006183,0.6151504034088632,6.9610306915440905,0.4055688010550922,2603,485224,1
0.03213317847464189,0.0294351630867144,0.03469079939668175,0.015160034029124927,0.007603566581986347,0.9777542595250208,0.7632805212418059,0.8852089241094374,0.20900690143717768,0.006443190437582136,0.0537816307999054,0.0,0.022630460426671214,0.20497934520068767,6.9610306915440905,0.7937916241506879,2583,485224,2
0.034839203675344564,0.03255109765329296,0.037180480247869865,0.0021772352014831522,0.0010675686777311794,1.0431839732123653,0.8981238115040802,0.8726335372188098,0.13463808322943308,0.004213615673629281,0.0017568466636791946,0.0003244370275099253,0.06931426293081282,0.2181077466825486,48.017802304057,0.0,2612,3496536,0
0.18271119842829076,0.1809672386895476,0.18448139350752177,0.0020554061020072885,0.0010395485949142586,1.196151401880106,0.913922363708654,0.9026752518916737,0.22271738189550913,0.004047661673682116,0.1759244735427469,0.0,0.06883843848359546,0.685972352598797,48.017802304057,0.6717338936185102,2545,3496536,1
0.03194287861706126,0.03316510454217736,0.030612244897959183,0.0021530746592633696,0.0010873660406718214,0.9496213880093807,1.0816194473156782,0.852722096262374,-0.15341375778505204,0.00026488540787361446,0.06208433115776842,0.0,0.015888524020491106,0.2040436226828897,48.017802304057,0.9163479289725198,2661,3496536,2
0.03123809523809524,0.03156274056966898,0.03092006033182504,0.0025583799218736572,0.0012890109971052497,0.8336600133183638,0.7584610177432202,0.9097172489419059,0.07838336566344327,0.004807610913449604,0.01093398673966995,0.0003389068069129519,0.06293419258307684,0.20056334240784812,44.172300724438294,0.0,2625,2908733,0
0.10112359550561797,0.10586443259710586,0.09653647752394989,0.002615187034720572,0.0013107845659290271,1.2768785645037113,0.8715294354639518,0.8315127406460279,0.2804141814627732,0.006699680879697972,0.10915047995679775,0.0,0.08185541679631547,0.4725472219330292,44.172300724438294,0.32275446717720657,2670,2908733,1
0.027392120075046905,0.02526002971768202,0.029567854435178165,0.002577176594778382,0.0013084731615706589,1.3663666252346913,1.690651105510661,0.8716116252772436,-0.2632491154263923,0.00013058199705629173,0.5,0.0,0.013890994949552126,0.18113993011363438,44.172300724438294,0.9392918170556839,2665,2908733,2
0.04160789844851904,0.0443213296398892,0.03879310344827586,0.00019488707440222907,0.00010126415225443783,1.0821255138751456,1.0153105437033605,0.8670081160898322,0.061630577577282075,0.00037917477678769,0.10980515038587774,0.0,0.06477595781528879,0.24961638873794117,97.52971590124383,0.0,1418,20000000,0
0.1406025824964132,0.16111111111111112,0.11869436201780416,0.00019642680358733915,9.957053243663665e-05,0.7263511562943993,0.752029056736813,0.8771511768161453,-0.041342628023157066,0.0003878870836023377,0.02496357873854627,0.0,0.06558258373459303,0.5858147480150903,97.52971590124383,0.4337653294129225,1394,20000000,1
0.05328185328185328,0.0549618320610687,0.0515625,0.00019054047624116722,9.25196538178896e-05,1.1224075086429133,0.8698702351676019,0.8720782597715188,0.21143629521296636,0.0002660514347384575,0.17838647190865603,0.0,0.05596865715377964,0.30017775029392263,97.52971590124383,0.42942821869208725,1295,20000000,2
0.036218070911170415,0.03834355828220859,0.03411675511751327,0.0003908978390152522,0.0001929115769966146,1.0679476922036804,0.9121221132732609,0.8809397800960512,0.14065759667829103,0.0005933799822358431,0.0,3.4548454167232666e-05,0.06099258704091645,0.22467498049100174,83.60101721526766,0.0,2623,19423806,0
0.1434765471028774,0.14797864225781845,0.13866231647634583,0.0003791057840479877,0.00018661066630379217,1.0357478817759431,1.1660331095069891,0.8651193418907536,-0.12913661452324404,0.000638782367245686,0.22850295218329345,0.0,0.06253522007342903,0.5932716578939538,83.60101721526766,0.5007050871916717,2537,19423806,1
0.0346199761241544,0.03724247226624406,0.0319744204636291,0.00037600419736558843,0.0001847670215056167,0.979124328934984,1.152877485201118,0.7995780695893118,-0.19531413388450217,0.0005516818281592404,0.016684790577703126,2.2116628690773584e-05,0.05487963576044961,0.21705617826776352,83.60101721526766,0.362010126946317,2513,19423806,2
0.03609422492401216,0.029710711493354185,0.04212860310421286,0.0008288505969981743,0.00042138975686675583,0.9301341341296037,0.9054347713547426,0.9287453977044386,0.01802521016396035,0.0017980335532769567,0.04648362872840323,8.12890443310255e-05,0.07097601550956702,0.22408838555072255,67.37141477106768,0.0,2632,8925502,0
0.1384083044982699,0.1486590038314176,0.12808641975308643,0.0008441370878630689,0.0004162275953614867,1.0522592832222177,0.7631181929105307,0.8954935697792967,0.26575710388641194,0.0015033725516022736,0.12536475269945496,0.0,0.06183860059861138,0.5800550773780261,67.37141477106768,0.44363713952231015,2601,8925502,1
0.03161592505854801,0.033117932148626815,0.030211480362537766,0.0008274975019018837,0.0004100674274415138,1.1191837986948479,1.249673508067956,0.8436904333185211,-0.1251081905999965,0.00036593543190730675,0.02238029504767658,0.0,0.026421914810816058,0.20243201030777636,67.37141477106768,0.7890122586095661,2562,8925502,2
0.04289649744195199,0.0398749022673964,0.04595879556259905,0.0073643887991773896,0.0036800220135122415,0.9800337062806751,1.0510139630893707,0.7889736635071188,-0.07630640111155333,0.01413924739987715,0.04101412857706569,0.0004338947936293651,0.06574839804765946,0.2554184388430105,21.716843380792906,0.0,2541,985703,0
0.06023166023166023,0.04849884526558892,0.07203718048024788,0.007603070766040872,0.0037501339333547625,1.0127404549839742,1.0685235659258834,0.8814142839016371,-0.07879920829327249,0.015253779246271729,0.12847691907179146,0.0,0.06645703247653177,0.328363838153945,21.716843380792906,0.08104557097581647,2590,985703,1
0.03875968992248062,0.03996925441967717,0.037642045454545456,0.007654460735424607,0.003921318860110677,0.8537436626242357,0.9387702283178744,0.8865749974527614,-0.1030894459043869,0.006746673898328123,0.05073463414225456,0.0,0.03527999262976153,0.2365762247069026,21.716843380792906,0.42236931263224115,2709,985703,2
0.04101326899879373,0.038221528861154444,0.04398340248962656,0.0005330272987008777,0.0002568072243062926,1.1392421460552482,1.1502146790997765,0.9025223478538476,-0.02654290903336588,0.0009479882543344321,0.07016591871363612,8.895744818720753e-06,0.06843341511075435,0.2469188566477081,76.69270187310168,0.0,2487,13836636,0
0.10224144710971293,0.10205696202531646,0.10242376856919469,0.0005279367747708575,0.00026252311659020154,1.3874949295463577,1.5492872403986866,0.8577459197534196,-0.12985992054967807,0.0011743430883481528,0.14365458786374075,0.0,0.08088290724106806,0.4760608093513756,76.69270187310168,0.2665212169787615,2543,13836636,1
0.032407407407407406,0.026397515527950312,0.03834355828220859,0.0005368212952878446,0.00026758476872809487,1.0854748973988582,0.9261161666870823,0.9014882828955166,0.14440264196023256,0.0003933014099992748,0.0,0.0,0.0476492760500888,0.2063248028148217,76.69270187310168,0.4835513326242563,2592,13836636,2
0.024630541871921183,0.02528735632183908,0.0239880059970015,0.0032030634996859197,0.0016268061154101506,1.0105855524242127,1.0762203655955107,0.8435134725869468,-0.08256803541702874,0.007195893659714849,0.0,0.0007429298704225182,0.07641143072916448,0.1667041376275431,39.465563454121266,0.0,2639,2317624,0
0.13794450957405235,0.13292589763177998,0.1432,0.0031472218233673365,0.001577000322302137,1.1552706466281513,1.0933685447422017,0.8783198829613095,0.004535634776734456,0.006445542821303809,0.13156882840539594,0.0,0.06928771759557298,0.5788302497341253,39.465563454121266,0.5159422955762306,2559,2317624,1
0.025335892514395393,0.02927927927927928,0.021209740769835034,0.003221031827493248,0.0016058924230851505,1.4321530637594972,1.1304544842632682,0.8805879581471912,0.2055524991947795,0.0010388451144336297,0.0,0.0,0.024724422283402957,0.17043293413221416,39.465563454121266,0.715824373253046,2605,2317624,2
0.04763749031758327,0.053231939163498096,0.041831097079715863,0.008676986284657249,0.004256883638036294,1.212960944922378,1.3013168825118622,0.8767979663119627,-0.08709944537868838,0.021321733310850882,0.027572303543696983,0.0011276288602977522,0.07895733633350148,0.2762751302554892,19.059496337193526,0.0,2582,867438,0
0.17707150964812712,0.17591868647380765,0.1781524926686217,0.008528040460448331,0.004351276242657324,1.5857691322405874,1.59643805040978,0.8743365604622794,-0.008327242891592288,0.016600145761105883,0.2107638444941472,0.0,0.06480157290794655,0.6736285094917236,19.059496337193526,0.6072654081015486,2643,867438,1
0.03700877527661198,0.0387192851824274,0.035211267605633804,0.008469052157509555,0.004314360681211379,1.0576803438086357,0.9959923974363152,0.9127916355750747,0.04567571018707773,0.010012417948554021,0.019233606179156267,0.00010307430388361216,0.04361794739819018,0.22840528509373406,19.059496337193526,0.3765625751500166,2621,867438,2
0.030980392156862744,0.03220738413197172,0.02975724353954581,0.018506806674887202,0.009009613787888959,0.9616270528981121,0.9131514989632408,0.8988687419478889,0.02547543620041733,0.039672118605748576,0.08391585994759287,0.001191961247706434,0.07026482916191341,0.1992848972899782,3.1951272836462263,0.0,2550,404999,0
0.04521276595744681,0.0475482912332838,0.042768273716951785,0.01817610706609397,0.00928922598018628,2.4125165922435263,1.9306350529683993,0.9194481056245202,0.04687047876670566,0.04197593239669262,0.03240295154899407,0.002001767132015834,0.07485885558380964,0.2657020419868629,3.1951272836462263,0.07650716801265958,2632,404999,1
0.0303508080409933,0.02996845425867508,0.030732860520094562,0.018257583783592896,0.008959282409859801,0.910976094042621,0.834240977569791,0.8616727130912398,0.023479430669206824,0.021463871476903273,0.05872891170188922,0.0,0.04343441166969528,0.19614810355509063,3.1951272836462263,0.44612381291753844,2537,404999,2
0.03255109765329296,0.02936857562408223,0.0359375,0.0001872323803864759,9.436626268238638e-05,1.1621413924124424,1.3690242261278747,0.8752637763336966,-0.1893289469081405,0.0004739175855894683,0.10009208322469962,1.3706770528121736e-05,0.08753983651758639,0.207028411335814,98.69897173007949,0.0,1321,20000000,0
0.09520182787509521,0.09315866084425037,0.09744408945686901,0.00018811372728667845,9.38068074164105e-05,0.787336255200703,0.6915877290640551,0.8741016211209199,0.09870068808444936,0.0004014717176186697,0.12300831208913345,0.0,0.07325804043241521,0.4535985344084462,98.69897173007949,0.25594343839386796,1313,20000000,1
0.02982848620432513,0.028963414634146343,0.030656934306569343,0.00019108290719463934,9.579146861607901e-05,1.0084416979096185,0.832244999337984,0.8541153936070056,0.16560293153493919,6.411890081293354e-05,0.0,0.0,0.02655296480484667,0.19353099410779506,98.69897173007949,0.8676248020117319,1341,20000000,2
0.05867819641754169,0.056790123456790124,0.06056860321384425,0.0002282642737485729,0.00011563199599466193,0.814957320626742,0.6783037324334366,0.9190149189916479,0.16076912302442667,0.0005290561975724451,0.07298546159179602,4.091023075232601e-06,0.09119681098592343,0.32217535150623305,95.30990882809334,0.0,1619,20000000,0
0.221419185282523,0.2409972299168975,0.20375,0.00021581440218589057,0.00010872873887021696,1.485974976868149,1.2238844390977737,0.8698486927317901,0.16830903070525666,0.00045557033372768506,0.17491512978110973,0.0,0.08919839818262851,0.7627504400579161,95.30990882809334,0.784285075545731,1522,20000000,1
0.04086687306501548,0.04659498207885305,0.03470437017994859,0.00022680949688153016,0.00011536924014603817,0.9186506708568573,0.867665844462423,0.9050051613240788,0.04597152105581557,0.00017143934290087006,0.36965514191037296,0.0,0.04529896766231693,0.24625274984586956,95.30990882809334,0.8642391314781894,1615,20000000,2
0.031818181818181815,0.027777777777777776,0.036163522012578615,0.0005913790456284899,0.0003004697229521196,1.1250360917441098,0.9534832221819562,0.8416350426953321,0.12440222902312323,0.0011231460101959647,0.04954078221147833,4.596674549822659e-05,0.06513639787082796,0.20342956096781065,74.47670504641258,0.0,2640,12555758,0
0.21123953766440812,0.2111024237685692,0.21138211382113822,0.0005786402750248545,0.00028556421125833204,0.8350364412400137,0.6333972510700541,0.8770909847178675,0.23980213454049845,0.0011058763547156156,0.15178906918176133,0.0,0.06550312516197555,0.7438453997033837,74.47670504641258,0.7413041634244246,2509,12555758,1
0.031333588077951856,0.03108003108003108,0.031578947368421054,0.0005957563084814107,0.0002977075156188375,0.9370295800093278,0.7038423970365996,0.8941047225685731,0.2382183661411533,0.0007196918472057372,0.0932241156871068,0.0,0.045964787449542334,0.2010362697199436,74.47670504641258,0.44652080135000016,2617,12555758,2
0.04564633678557729,0.05203619909502263,0.039032006245121,0.0009688623710488553,0.0004839670820701984,1.0520952019785894,0.9819438288141181,0.9198564438912573,0.05380772983177136,0.0020222067954949094,0.056588445892427564,4.793297153009879e-05,0.06870015955484511,0.2676067854800963,64.31370260088576,0.0,2607,7698053,0
0.0683495145631068,0.07082371054657428,0.06583072100313479,0.0009602584049057438,0.0004779020859358891,1.5321677413636259,1.6428700761718857,0.8846872223125143,-0.08221349199532448,0.0019223357387826937,0.036578491699766104,1.0138305159674551e-05,0.06965368070685732,0.3597339562037241,64.31370260088576,0.1377904900880883,2575,7698053,1
0.04004533434076313,0.043745203376822715,0.036458333333333336,0.0009684985637648694,0.000491114118445519,1.1772468479167273,0.9439764245713234,0.8504493357400582,0.17232857814036395,0.0010643361311511767,0.08234016981572484,0.0,0.042951905981166966,0.24250000674161182,64.31370260088576,0.3808282417355474,2647,7698053,2
0.031413612565445025,0.030791788856304986,0.03206106870229008,0.00019383522563127327,9.548920289941502e-05,1.0870507482145013,1.044411039169304,0.8920616066346417,0.037531516475867215,0.0002798110691537187,0.0,1.7736939261435214e-05,0.06981822221855638,0.20143225630881323,98.3275826252323,0.0,1337,20000000,0
0.0851221317542561,0.0844062947067239,0.08588957055214724,0.00018965172773723638,9.64681792820054e-05,1.164410451239884,1.355660470669102,0.8910573962408261,-0.1666248667207489,0.0004157261538799616,0.10386743335804935,0.0,0.0748353975767286,0.41997505455261996,98.3275826252323,0.19576790351265372,1351,20000000,1
0.03870513722730472,0.03545051698670606,0.041666666666666664,0.00019340851220287726,0.00010148947409168707,0.8760467971762748,0.8876254953473929,0.8869222856385164,-0.03878857735468861,0.00020668009834551117,0.0806493187095756,0.0,0.05314357558376043,0.23632346434614426,98.3275826252323,0.4804958041684315,1421,20000000,2
0.03214695752009185,0.02663622526636225,0.037721324095458045,0.008858260959115719,0.004484912979300402,0.9490640890343199,0.9419505793405324,0.8982026508420239,0.00685186496678033,0.01823056603373064,0.009693128779937684,0.0013861939038878428,0.06789175006771603,0.20504703274147282,18.200926273034835,0.0,2613,832749,0
0.06097560975609756,0.059861857252494245,0.06207418622255867,0.008946668382889262,0.004503368086840863,1.048828528893606,1.1110909133516158,0.8282102887949954,-0.09942184412790873,0.01946500279914501,0.06279385462903271,0.00010429618918899783,0.07115231750612759,0.3313056130577884,18.200926273034835,0.10378468276257867,2624,832749,1
0.037368625924484235,0.037065637065637064,0.03767660910518053,0.008773781633756405,0.004409202859374062,0.796148606462565,0.938709379291878,0.8800230966486595,-0.18699882166266082,0.00873517311564999,0.04379277287277885,0.0,0.03844506972214069,0.23009454006798413,18.200926273034835,0.42889215268611625,2569,832749,2
0.0416030534351145,0.04195804195804196,0.04126031507876969,0.0005956994748170869,0.0002899911973282735,0.6199034068630742,0.6560029711091276,0.8983937029872855,-0.06597359355365631,0.0011836102359437922,0.0,8.507879831687585e-05,0.06911184641656935,0.24959446130060603,75.08639858180865,0.0,2620,12902094,0
0.06158357771260997,0.06146059291395517,0.06171003717472119,0.0005854471651647422,0.00030202342408650095,0.944636555947756,1.125656500596226,0.9205804135010162,-0.2065016788505396,0.0013469507448329076,0.09110337542092517,0.0,0.07786228573484627,0.33369931834291167,75.08639858180865,0.09312909797286689,2728,12902094,1
0.03249516441005803,0.03524904214559387,0.0296875,0.0005685389545527634,0.00028626279655607584,1.3284592614171888,1.2029296770484585,0.8822234058648742,0.0764826421380771,0.00035160916820735783,0.008730113010474607,0.0,0.0329886881746951,0.20675463548932926,75.08639858180865,0.6396529833892388,2585,12902094,2
0.047455032529659394,0.05555555555555555,0.039032006245121,0.009611161348662963,0.004822189824127558,1.123611397322346,1.3014501000200507,0.8949253882649371,-0.16852297980043515,0.01895143139891838,0.06254534872004118,0.00024953595440137667,0.0655021862028742,0.27548613787885334,16.672296442687017,0.0,2613,773692,0
0.18474511307014183,0.17131782945736435,0.19787717968157695,0.009662968220186467,0.004815794476879941,2.75003206086153,2.342551681256694,0.8753512242390565,0.1358030501219357,0.020485086546070234,0.14857725912713568,0.0,0.06960816926135516,0.6903482873206367,16.672296442687017,0.5776226249500063,2609,773692,1
0.03859250851305335,0.04011887072808321,0.03700848111025443,0.009913657031773548,0.00487929153351536,1.1998297475695487,1.0155591571329885,0.9157023293852088,0.14364034452978483,0.0004916640844642714,0.4686692917077844,0.0,0.01222527585312605,0.23580125369126073,16.672296442687017,0.9162009663198503,2643,773692,2
0.033308660251665435,0.03003003003003003,0.0364963503649635,0.00019827534731755453,9.649495469236894e-05,0.9026663765368145,0.9205856976540219,0.9069950028555434,-0.026869533600216683,0.0004195034380117752,0.02103340147062792,2.764241253991937e-05,0.07875234175011496,0.21072242532533375,97.41001194984631,0.0,1351,20000000,0
0.058357348703170026,0.06571428571428571,0.050872093023255814,0.0001966285173059879,9.913562732317879e-05,1.1028809656682501,1.0678025824966182,0.9071678705847738,0.0227486996691673,0.000495760607212882,0.1505355824179304,0.0,0.0807320598289985,0.32088939742819905,97.41001194984631,0.0941169489209257,1388,20000000,1
0.03256150506512301,0.03314121037463977,0.03197674418604651,0.00019437338691876392,9.872253609765959e-05,1.1279647185416881,1.059798669162293,0.8252669657693128,0.05076800853855033,0.00018818619256761197,0.09296829604951483,0.0,0.040829948607993126,0.20707933656072736,97.41001194984631,0.5653451209845926,1382,20000000,2
0.037319422150882825,0.0416,0.033011272141706925,0.001273979088606955,0.0006174165478040708,1.0276636344005765,1.0013739500383427,0.8865495432471064,0.012974331205428541,0.0025079505842362823,0.03802623825759385,0.00010697361158068725,0.0687370913986681,0.2298638692780161,58.343014619168834,0.0,2492,5766361,0
0.13289422704378148,0.13328255902513328,0.13249211356466878,0.0012662893560353849,0.0006393374076540157,1.0796737060307677,0.9632695197944734,0.9137264711651245,0.10619343138132957,0.002784041184463513,0.14608845015713626,0.0,0.07346095783779463,0.5653225217381217,58.343014619168834,0.46877609242142937,2581,5766361,1
0.041916167664670656,0.0410958904109589,0.042709867452135494,0.0013148515793456068,0.000662009312231291,1.0158252315270395,1.1850218906217627,0.8715364601758022,-0.17506907354744294,0.000657722189545048,0.19356829359910238,0.0,0.024715112101095362,0.2510098036334462,58.343014619168834,0.832566457902052,2672,5766361,2
0.0371647509578544,0.03238242097147263,0.041888804265041886,0.0015460587383507223,0.0007752571195188059,1.2694111822725251,1.0958463318095595,0.895086465563366,0.11056235575656156,0.0035925312281207453,0.028844066140864336,0.00021681926835839414,0.07689221588211763,0.22913812600887956,54.571609270679254,0.0,2610,4812171,0
0.06089992242048099,0.06853582554517133,0.05332302936630603,0.0015464665999738098,0.0007655128446106916,1.0376211229891323,1.1762115179539603,0.8938112355922934,-0.14142156314921833,0.0030597577718018115,0.11393973857185266,0.0,0.07061221165089301,0.331006965034494,54.571609270679254,0.11693981708200382,2578,4812171,1
0.0384900074019245,0.0364963503649635,0.04054054054054054,0.0015989889994901644,0.0008023153717033285,1.0378472132596153,1.0283656829485106,0.8862267344652672,-0.01670581877622948,0.0011351518809620792,0.024369234191829996,0.0,0.032115389574816404,0.23532557167939716,54.571609270679254,0.49399439809519724,2702,4812171,2
0.033013205282112844,0.030902348578491966,0.03500583430571762,0.0002413702977424022,0.00011897127693456866,0.9309225753461013,0.9543996038507532,0.9189938196631168,-0.03744120293916793,0.00040385375347493866,0.0,2.9161283259408666e-05,0.06739137674268482,0.20928482297650883,92.63884998688793,0.0,1666,20000000,0
0.25352907961603616,0.2502844141069397,0.25672645739910316,0.00024309988862267518,0.0001265148112696908,1.042798486537295,1.15956540636508,0.8907577029272101,-0.1574473335210527,0.00046734224252684825,0.2036359466983465,0.0,0.07168797413377381,0.8168238179761134,92.63884998688793,0.9569001320133658,1771,20000000,1
0.030939871570344425,0.033760186263096625,0.02810304449648712,0.0002475428249087092,0.0001223783143055177,0.9795722035675366,0.9589205022204067,0.8615077934615016,0.013808170981918234,0.0001999837497217032,0.0,0.0,0.03571643237925936,0.19908358807421134,92.63884998688793,0.668084565161847,1713,20000000,2
0.03990610328638498,0.042993630573248405,0.036923076923076927,0.016822125636893424,0.008321531474337061,0.8815689444733421,0.8817735948567441,0.8709399689218286,-0.0025399338981034556,0.0326073853998898,0.07099547233119398,0.0005706907012263986,0.06457502043043341,0.2418615104267044,4.8504529312972995,0.0,2556,438500,0
0.17914941663530298,0.1664110429447853,0.19142645971914266,0.01689313736684991,0.00866841753258405,2.2781595554067664,2.276385139663127,0.9189751338798315,-0.010601947194224122,0.03042896327614328,0.1856231595187171,0.0,0.06077507830441332,0.6782127463986518,4.8504529312972995,0.6513187095007131,2657,438500,1
0.04127579737335835,0.04433497536945813,0.03778135048231511,0.017553231338494964,0.00868052728095919,1.043443283744787,1.0521079520754548,0.8576418759981961,-0.022612256264594243,0.008979391759897658,0.04054909617898549,0.0,0.025029045144946766,0.24811140311725277,4.8504529312972995,0.6926381955330595,2665,438500,2
0.030089153046062408,0.029345372460496615,0.030814380044020543,0.021672594248551977,0.01094197744131694,0.9346803022562636,1.100681302578996,0.8735080653104361,-0.18642186390882165,0.0418663270151871,0.0793860992771117,0.001154590698404654,0.06439210793230372,0.19483875909304935,0.22681923684642058,0.0,2692,351337,0
0.15616438356164383,0.14710365853658536,0.16572807723250202,0.021207928045256605,0.010398437182043873,3.3702246138892127,2.62662958235962,0.8312335315859143,0.19664154914211923,0.03968441880631238,0.17040015864147784,0.0,0.0627136967687911,0.6250540637908868,0.22681923684642058,0.58340719717964,2555,351337,1
0.0349060222477944,0.03523238380809595,0.03456402199528672,0.02094536415771774,0.010588435981999253,0.9438883032860845,1.050086233693245,0.8602566147883589,-0.12689443287433977,0.01003126624176612,0.09867393044419508,0.0,0.024124752509144066,0.21842784461021186,0.22681923684642058,0.7550575752231484,2607,351337,2
0.05134474327628362,0.05375,0.04904306220095694,0.00022860417405083384,0.0001168373723046436,0.6604828034614443,0.5573352360102287,0.8960938033562866,0.044836669037166064,0.0004118628826812009,0.06315917551362278,0.0,0.07685864859178286,0.2920820973746106,93.91279166878607,0.0,1636,20000000,0
0.09387997623291741,0.09461077844311377,0.09316037735849056,0.0002378945015374584,0.00012019707177650629,1.1138534789153502,1.0388730342508832,0.9292927532200999,0.0434576487664783,0.0005132904701900574,0.15382983883950074,0.0,0.0809548792964193,0.4492897599622491,93.91279166878607,0.19441935272289518,1683,20000000,1
0.05048661800486618,0.05590851334180432,0.045507584597432905,0.00023926441975235632,0.00011741812121578323,1.0553232351558475,0.9432657770748812,0.9110118333394708,0.10450078989685023,0.00010303303014714001,0.3395510828294116,0.0,0.030459069491298136,0.28846049006288094,93.91279166878607,0.7824878619809874,1644,20000000,2
0.029643527204502813,0.026276276276276277,0.033008252063015754,0.0015628408206420133,0.0007792274624903584,0.9944374387036594,1.0325011137370155,0.8823803849317662,-0.05145179534697685,0.003634245965177867,0.05607053520051823,0.00018790253908633107,0.07530255249237779,0.1926010023462347,54.885336813926955,0.0,2665,4886870,0
0.16443594646271512,0.1659056316590563,0.16295157571099156,0.0015474074420562716,0.0007644947026217929,0.9175246089846507,1.0132263371974317,0.9187423919056297,-0.10697416621657403,0.0027996070221046766,0.14043641859684486,0.0,0.06261433206298903,0.6448169123919855,54.885336813926955,0.5623051465298898,2615,4886870,1
0.03316426063207179,0.0312,0.035034272658035034,0.001502133942176466,0.0007491670157225691,1.1547490918036942,0.9626889877227122,0.9074134117458229,0.16579416951336856,0.00029644390173535974,0.13364731172596991,0.0,0.01632047285112904,0.21002030736644473,54.885336813926955,0.9468220668322893,2563,4886870,2
0.04365620736698499,0.054775280898876406,0.033156498673740056,0.0002053045848834127,0.00010468748571794192,0.8801222857029875,0.6725888686283178,0.8559827070074777,0.22909753935022417,0.0004217029071913999,0.03663624566609416,1.6019472763058346e-05,0.07672781333656134,0.25881166038286113,96.61862635064074,0.0,1466,20000000,0
0.1133518776077886,0.1251798561151079,0.10228802153432032,0.00020757847141242292,0.00010271777078150866,0.9891420053951188,0.9075086468198945,0.8605481111246505,0.03869957412994478,0.0004189832053358681,0.17689266962304603,0.0,0.07269314768291371,0.5099441759357537,96.61862635064074,0.2514244835480793,1438,20000000,1
0.04781704781704782,0.041884816753926704,0.054491899852724596,0.00020901431748074744,0.00010307848944795576,1.0968169090605095,1.110240395494472,0.8654826103091515,-0.026348628096796445,0.00029440542437218575,0.1308251562091524,0.0,0.06160735695040912,0.2770505475170033,96.61862635064074,0.3511444139040847,1443,20000000,2
0.04047802621434079,0.03642121931908155,0.04432757325319309,0.0012568715727504975,0.0006327042227274967,1.1079435284851835,0.9156347665635746,0.8963854655226136,0.1690910321612305,0.0026445147900401767,0.022135776741968354,0.00014509716081205135,0.06916712957063759,0.24447964507562361,58.64646237861626,0.0,2594,5859312,0
0.10496613995485328,0.09992486851990984,0.11002260738507913,0.0012758626155427476,0.0006481733241805473,0.9803156476253326,0.9696058913865714,0.8357910517186852,0.009439612921948554,0.0027885905560890963,0.06655337106516919,0.0,0.07306538532906441,0.4845430526562578,58.64646237861626,0.27245787201728006,2658,5859312,1
0.03923076923076923,0.042163882259347654,0.03648548026805659,0.0012738179449834517,0.000633982897579819,1.2939645472346242,1.0273424955277595,0.8798007361149182,0.2051167523953901,0.0010074227480665273,0.08928554406535548,0.0,0.032770679901933296,0.2387541104628283,58.64646237861626,0.6038465135901881,2600,5859312,2
0.02884990253411306,0.023148148148148147,0.03467297084318361,0.020444914835891746,0.010129651642662222,1.0944322509878395,1.0195787490130244,0.8974653082756989,0.02061332677869418,0.04014220478816417,0.024145045340259068,0.0026310529762484497,0.06526984864944864,0.18859097369033595,0.851604380888904,0.0,2565,362015,0
0.08999613750482811,0.09076923076923077,0.08921644685802949,0.020408324635480913,0.010235790871999242,4.050684894454226,3.4073559938768008,0.9055191609877553,0.14211159756218933,0.04400545435578571,0.11304173571303427,0.0,0.07061405725083784,0.4364569244273369,0.851604380888904,0.2886413616554098,2589,362015,1
0.023691249522353842,0.021870286576168928,0.025561580170410533,0.020499664522240203,0.010328768204601966,1.0980451261649775,0.879008597151026,0.8720911350122581,0.19358864168073733,0.006742405100719475,0.08531029257159754,0.0,0.019966686957750765,0.16169208467783236,0.851604380888904,0.8056081314322232,2617,362015,2
0.02857142857142857,0.03235515425131678,0.024890190336749635,0.0007594995954299541,0.0003822318225366435,0.8769757502475765,1.0308785659267645,0.8748115442899351,-0.18321952532489832,0.0015282809375656735,0.030096400277907723,9.601495992454781e-05,0.06982177973702762,0.18717625687320816,69.92306895007393,0.0,2695,10069137,0
0.10472589792060491,0.11153262518968134,0.09796533534287867,0.0007367197577603039,0.0003750960075603472,0.9931834429995493,0.9818386394764067,0.8621234589347029,-0.0026391747367851487,0.0013724172699451308,0.1217605973958905,0.0,0.06743278836182712,0.48379977645130184,69.92306895007393,0.31999655472069566,2645,10069137,1
0.032044198895027624,0.03014318010550113,0.03386167146974063,0.0007505106578328026,0.00038504089871807615,0.985776331765434,1.138690510362244,0.9095777727779378,-0.1720595641733014,0.0005261075147803166,0.02746317405609518,0.0,0.03514783687580095,0.2045420338276644,69.92306895007393,0.5913619934280985,2715,10069137,2
0.03140007388252678,0.02746844840386043,0.03529411764705882,0.005456524087165807,0.002758321326602771,0.9059541926323681,0.9046560780577093,0.9054421277151612,-0.0032475414479371544,0.01016681431163877,0.03538174562350798,0.0005063865098396958,0.06409319660788321,0.20136528396481773,29.01683312322846,0.0,2707,1401178,0
0.21933229813664595,0.2261072261072261,0.2125678820791311,0.005270664862846404,0.002628190609115822,0.7459509988671734,0.6910492501038368,0.8900295721062875,0.03103342997944583,0.01037663841671854,0.19092831196493856,0.0,0.06541732691466297,0.7589464235276591,29.01683312322846,0.8527537558100526,2576,1401178,1
0.03213317847464189,0.032915360501567396,0.03136954858454476,0.005290870445034584,0.0026332019960547846,0.77269165306323,0.7291819484858587,0.9371293859297463,0.05530345854618802,0.004722069951550483,0.020730231923021668,0.0,0.0372346001927807,0.20497934520068767,29.01683312322846,0.45258568279943845,2583,1401178,2
0.040706605222734255,0.039483675018982534,0.04195804195804196,0.00045427499305056475,0.0002280570815314576,1.2531510945344941,1.2840657696679882,0.8352034550336853,-0.06432791693841214,0.0010895303332482634,0.044916405512486976,5.0987362735832546e-05,0.07732539147096486,0.24552262076917752,79.87105409189917,0.0,2604,16307066,0
0.06366892160764027,0.06850393700787402,0.058728881737731296,0.000448923044654964,0.00022016854239225695,1.1266107596497725,1.2590405605458197,0.866919564787399,-0.1255878184252638,0.0009197627167761863,0.022330988390667217,2.1900543858703736e-05,0.0693071323009229,0.3418401909484031,79.87105409189917,0.09860874776245285,2513,16307066,1
0.040873015873015874,0.04449838187702265,0.037383177570093455,0.00045691219857460215,0.00022074745790030625,0.7260918165353492,0.8313915374987231,0.8589984263871923,-0.1552987981989941,0.0001336945354845418,0.05044040625238571,0.0,0.020604928995361517,0.2462807156812134,79.87105409189917,0.8507620633761872,2520,16307066,2
0.03116583301269719,0.03308823529411765,0.029055690072639227,0.010350429149604611,0.005161313384463235,0.8720577345983004,0.6096734834035857,0.866984548264281,0.28435713429187537,0.026597263773665357,0.02602471589328537,0.001998392376477056,0.08207274522733572,0.2002051755902697,15.15652810864696,0.0,2599,719341,0
0.12216131558339859,0.117096018735363,0.1272584446190102,0.010239721063406053,0.005071213417866794,2.284946060262308,1.9304908654842021,0.8954629821316391,0.11262452956859859,0.021050387299787664,0.15682830946586448,0.0,0.06782877771531699,0.5355417548496353,15.15652810864696,0.38716910535002813,2554,719341,1
0.02828054298642534,0.02623688155922039,0.030349013657056147,0.010579078962785553,0.005266701221946177,0.9888202159412135,0.922054997261519,0.8801535798202982,0.05703462795231296,0.009961057218781722,0.0,0.00028096804459424164,0.036947866407647176,0.18569418088203304,15.15652810864696,0.45603981392410015,2652,719341,2
0.03322008305020763,0.027301092043681748,0.038771031455742504,0.008312675749598058,0.0042420107995926135,1.1224429743561202,1.2592167928206857,0.8880907596239924,-0.13463071339952573,0.016262436319949752,0.03750355416487994,0.0007915401990494892,0.06507333207556806,0.21029184515814664,19.621050519173032,0.0,2649,891536,0
0.2073217726396917,0.21003861003861005,0.20461538461538462,0.008337972650425858,0.004151388915551631,1.1140282806805402,0.9781588488108652,0.8890098351463056,0.06413083458950859,0.018741157960073147,0.3116637227095301,0.0,0.07314836763312295,0.7363321201310802,19.621050519173032,0.7260527588578383,2595,891536,1
0.03335860500379075,0.03333333333333333,0.03338278931750742,0.008348462584946809,0.004227110230151571,1.2566192385981445,1.1649253919281173,0.893077080096688,0.07088308631501061,0.0005816953296321097,0.0,0.0,0.016076134807834767,0.2109650553194204,19.621050519173032,0.9102184421894415,2638,891536,2
0.03742690058479532,0.035364936042136946,0.03964401294498382,0.0019473765062934347,0.0009801846033443212,0.8471259821784307,0.688036054056756,0.9046961558169974,0.18263633701965007,0.004532424601394059,0.05606344862107482,0.0001896986860311037,0.07535913349713524,0.2303676102329118,49.3400838901378,0.0,2565,3739228,0
0.16448885472713298,0.1747498075442648,0.15425940138142746,0.0019892936498476415,0.0009940737616484661,1.0640320799038796,0.9922590030209216,0.8716725818601441,0.06305627413046945,0.003991649660507636,0.12528470973058675,0.0,0.06646536795601585,0.6449409794660426,49.3400838901378,0.5582153365603486,2602,3739228,1
0.040268456375838924,0.03391107761868877,0.04649446494464945,0.0019993583720983523,0.001024313114416004,0.9189671176658698,0.9493478296336106,0.8731676335554812,-0.036536137768050043,0.0016542009506846289,0.11997467893422625,0.0,0.033782248719847065,0.2435217005719828,49.3400838901378,0.45064209750518014,2682,3739228,2
0.041185527328714396,0.04213036565977742,0.04029850746268657,0.00048154996080843385,0.00024358777223136902,0.7049944900526626,0.6157591513998394,0.8690918552130658,0.10362421031184149,0.001357036261347486,0.09640482944435284,3.657032152875791e-05,0.08895697768018862,0.24770163177165067,78.69150875230643,0.0,2598,15240410,0
0.19818397157520726,0.1868484362469928,0.20917573872472783,0.00048183892009574894,0.00023749717544318586,1.0620506029579746,1.0551534056591552,0.8509666538467748,-0.01954532209145232,0.0011033072038066278,0.2345672052825876,0.0,0.079314842133443,0.7182811355266447,78.69150875230643,0.6984156691153427,2533,15240410,1
0.041122213681783246,0.03825554705432287,0.044015444015444015,0.0004906087419653914,0.00024389834669353235,0.931700186699879,1.0178117615401112,0.9099952098559339,-0.1240190780723674,0.0003138659916913388,0.0,0.0,0.03513965978486131,0.2474140485604715,78.69150875230643,0.7411722902452818,2602,15240410,2
0.04236955668889761,0.04392156862745098,0.04081632653061224,0.0005156958800204997,0.00025524442682956384,0.9812139204626485,1.1117560840592844,0.8789159912274591,-0.17120397579786106,0.0011546894806384726,0.032218291641822334,5.6654967100712883e-05,0.0729100724913984,0.2530529818827545,77.08091216994846,0.0,2549,14264516,0
0.23477594791267714,0.23133776792313376,0.2384737678855326,0.0005195540287619422,0.00026147948517683714,0.7922438878837456,0.8342625157547541,0.894028995610434,-0.06111195454438056,0.0010110201723295715,0.3492238588942152,0.0,0.06809440268344719,0.7862443928330637,77.08091216994846,0.8517283484960203,2611,14264516,1
0.03752843062926459,0.039317507418397624,0.03565891472868217,0.0005191380965430591,0.0002642265673703627,0.8649932672283571,0.7623159359850201,0.9345283159331016,0.11332990604487614,0.0004480319925566884,0.02959555402830887,0.0,0.034770739730070076,0.2308430467447599,77.08091216994846,0.6052027673208349,2638,14264516,2
0.042346542346542344,0.04628224582701062,0.03821656050955414,0.00042339219830974506,0.00021431888268422494,1.1986944979002165,1.044894056079287,0.7982303401256418,0.11783190938341141,0.0006901076217832565,0.04477997575163418,1.0122076665001627e-05,0.0644535856351779,0.2529494454586252,80.98649931744038,0.0,2574,17158689,0
0.2270227808326787,0.23333333333333334,0.2208398133748056,0.0004390733670450213,0.00021196071150865077,1.0222044869504796,1.1534174286347683,0.877836761770233,-0.13894826547619213,0.0008840963583500878,0.25312030353407666,0.0,0.06665894106400205,0.7727851284916892,80.98649931744038,0.7840215366798235,2546,17158689,1
0.04046242774566474,0.04100227790432802,0.03990610328638498,0.00043397407512813977,0.00021607112911694603,1.39405298001613,1.457500094708379,0.8626873338603513,-0.047714034889409396,5.204931775330542e-05,0.5,0.0,0.017464829026631493,0.24440840071191117,80.98649931744038,0.9386937800123056,2595,17158689,2
0.02521640948438088,0.027799227799227798,0.02276064610866373,0.007077379621537023,0.0036003441804372716,1.058818351855216,0.9306688795817362,0.8758022917322055,0.08500190797555357,0.016271554762651692,0.0,0.0016833809399230478,0.07457313959858648,0.1698033605796621,23.110863175786744,0.0,2657,1054384,0
0.23100895987534087,0.22195704057279236,0.23969465648854962,0.0070361958412365035,0.0034828219676926544,1.6461528445032736,1.7580042651780527,0.8679786451757554,-0.06865020409947797,0.013395840862600242,0.23861456380585053,0.0,0.0636183661528513,0.7797660050231358,23.110863175786744,0.9072531344641251,2567,1054384,1
0.027130301872372947,0.028526148969889066,0.025830258302583026,0.0070478296826378675,0.003542187493655329,1.0738852663947482,1.1784318456000873,0.8931163287850735,-0.1285085946089852,0.0036833764319119974,0.035974162593031024,0.0,0.02699606848727919,0.1797896979216727,23.110863175786744,0.6630348924548545,2617,1054384,2
0.024803149606299212,0.02511773940345369,0.02448657187993681,0.015278111406633925,0.007351089784589916,1.447603126803445,1.3021815695831052,0.9084802380681298,0.09643229605535202,0.02570222391110247,0.04749700601709791,0.001202612961953141,0.05747763300565648,0.16761934828482902,7.331797781207916,0.0,2540,493763,0
0.19337016574585636,0.20656226696495153,0.1804949053857351,0.015296715764734485,0.007858199300142692,1.5357020511301118,1.5484516499581362,0.8828295550969045,-0.02460786122616416,0.027807281797627332,0.3186609796266056,0.0,0.061235108499961166,0.7084685876933914,7.331797781207916,0.692490305853435,2715,493763,1
0.031607006854531605,0.02442868400315209,0.03831982313927782,0.01488569602054955,0.007596159687128472,0.9487210810842045,0.8086208248094368,0.8834166826661601,0.1375762719535464,0.0036829003045481855,0.11015950676521405,0.0,0.01770805030923498,0.202387980544549,7.331797781207916,0.7988104856174505,2626,493763,2
0.032854984894259816,0.03387220939183987,0.03187546330615271,0.0005321331139171127,0.00027097855493317586,0.9587191775663292,0.8969262475761406,0.9157501855089144,0.06051015533728231,0.0010932635956874398,0.05055283799388594,4.779523570121054e-05,0.07108804471425215,0.20851334641221927,76.7738983547451,0.0,2648,13961153,0
0.14449796220822528,0.14571005917159763,0.1432813659985152,0.0005487293007426471,0.0002762067106871325,1.199201082705793,1.1171498646615403,0.870433866337498,0.06473999650877715,0.0011513739114206785,0.2075107501142049,0.0,0.07060657536565772,0.595898425096796,76.7738983547451,0.5107110651127373,2699,13961153,1
0.03992248062015504,0.042536736272235115,0.037296037296037296,0.0005237865594322808,0.0002639393209639228,1.1387157990102623,1.30509120418833,0.8955016684249726,-0.15866037791166712,0.00019814512879334943,0.0,0.0,0.026352669817267475,0.2419366526784022,76.7738983547451,0.7793869991562801,2580,13961153,2
0.020522388059701493,0.020378457059679767,0.020673813169984685,0.003820570292835433,0.001944015261970564,0.8524423606381336,1.0317796575530167,0.7676987626767852,-0.22037666975806877,0.00780197471432484,0.04402366019633096,0.0005204424786691925,0.06745014499513186,0.14436364121226897,36.096255572174904,0.0,2680,1969516,0
0.16058394160583941,0.1627196333078686,0.15842349304482226,0.0037633145022530562,0.0018881857458297427,1.447644852266907,1.4174919228153808,0.900021435130714,0.00994408834695379,0.008727562707836681,0.14513693497843308,0.0,0.07512809943291904,0.6357046999778722,36.096255572174904,0.5653342257247639,2603,1969516,1
0.026043661432401378,0.02968036529680365,0.02235929067077872,0.003797234220805362,0.001893902301914575,1.3620718171978383,1.34323813693791,0.8882277994404542,0.000828377333250014,0.00014433565476816343,0.0,0.0,0.013551376568174348,0.17414529572610749,36.096255572174904,0.875209914287802,2611,1969516,2
0.03757911392405063,0.04304635761589404,0.03257575757575758,0.0005464625411868164,0.0002707147372369727,1.317283635771609,1.2792681320966055,0.7914554413027556,0.025074852320070798,0.0009420132360753448,0.0,6.286773429234579e-05,0.07206053941739295,0.2310802281586543,75.93674637784999,0.0,2528,13342301,0
0.17305412880284474,0.17989002356637862,0.16613672496025436,0.0005495849086190574,0.0002710971357853896,0.9054388298100888,0.8795157664204781,0.8955059096719884,0.019292633643962217,0.0009356409293540139,0.17226413044492103,0.0,0.07304208832460828,0.6646438711037647,75.93674637784999,0.6249941389349335,2531,13342301,1
0.03395924890131842,0.03333333333333333,0.03456402199528672,0.0005484886097591351,0.0002680333834883083,1.1419408645423295,1.2843268657591413,0.8823753761047308,-0.1259427824406426,0.0008486104410797391,0.10736031996802238,0.0,0.06042368913499587,0.21387426833871725,75.93674637784999,0.3336168642804789,2503,13342301,2
0.03764705882352941,0.03646237393328161,0.03885804916732752,0.00039108813471460025,0.00019219016063253626,1.0872945121803883,1.091930029306185,0.9042523864900304,-0.007271389877125157,0.0007816097804286795,0.0138640312071656,4.863336732090716e-05,0.06955065009070295,0.23139802755876926,82.97070094406804,0.0,2550,18949738,0
0.20067643742953778,0.19610778443113772,0.20528301886792452,0.00039545613735484704,0.00020063084490014261,0.9865079344969636,0.960658545331687,0.915383050356175,0.017977160600763365,0.0007097703543095032,0.1928499392936476,0.0,0.0638642280577772,0.7232789085797158,82.97070094406804,0.6881489828526293,2661,18949738,1
0.035303146584804296,0.03493788819875776,0.03566009104704097,0.0003902810370316081,0.0001964977555070268,1.2812344561296232,1.2031945395866601,0.9012140936477024,0.05903112680968815,0.00019020982147022674,0.04901833583962741,0.0,0.02601567640479107,0.2203263566378191,82.97070094406804,0.7896806925027797,2606,18949738,2
0.049199531433033974,0.05214723926380368,0.046141607000795545,0.0008317422506843013,0.00040931819830947267,1.2112056628143333,1.4477289471380492,0.86444873807263,-0.19865185043913633,0.0016215486153756268,0.04889652736409306,2.940116250869007e-05,0.06488593406386478,0.2829868444767266,67.38835815311845,0.0,2561,8933877,0
0.17660728117738186,0.18488023952095808,0.16773675762439808,0.000826106831207741,0.00041297344398419887,1.218859238992041,1.264564618156178,0.9270625619753726,-0.045668623434372085,0.0019245076896580529,0.18580544351155628,0.0,0.0754189879591342,0.6725985097091075,67.38835815311845,0.5822039024913452,2582,8933877,1
0.03864168618266979,0.040310077519379844,0.036949685534591194,0.0008161320394186658,0.0004096650244887582,1.1670110376652338,1.300843384867205,0.9295419052576465,-0.1284449016240921,0.0005659118829569233,0.02920168252971177,0.0,0.03175163933513354,0.23602932986825778,67.38835815311845,0.7080966530803334,2562,8933877,2
0.04084663943557371,0.04105571847507331,0.040632054176072234,0.003279760153423516,0.0016894403391678517,0.9241505618798999,0.8298444737808885,0.8845420566710811,0.08735331517443101,0.006092730417481125,0.03672560231380969,0.00020687773713801854,0.06398247190766276,0.24616062411306924,39.0768320345304,0.0,2693,2277933,0
0.07698229407236336,0.08307692307692308,0.07087827426810478,0.0032444212202210497,0.0016297382695541931,1.3748061811921861,1.439192967977625,0.9020016291379243,-0.05550595765136875,0.006797999383196349,0.10322464896926264,0.0,0.06892442948813109,0.39145581927303386,39.0768320345304,0.1696270561641059,2598,2277933,1
0.04068682344158268,0.04256908140403286,0.03880597014925373,0.0033133819881169648,0.0016795743322924027,1.0352273458974526,0.9283104255523538,0.7995354508217543,0.09436624645685468,0.004147587322123425,0.07587131679362807,0.0,0.045545136083115605,0.2454324355738188,39.0768320345304,0.4499440183842325,2679,2277933,2
0.042666666666666665,0.04315886134067952,0.04220499569336779,0.00031890875352745936,0.00016070429908998513,0.659331839589032,0.6653832380100069,0.9073153161630774,-0.01724466997248562,0.00045486881330826696,0.0601353720336187,0.0,0.07343339425182745,0.254387926336642,87.97567581649484,0.0,2250,20000000,0
0.07631822386679,0.08080808080808081,0.0717614165890028,0.0003137176021575085,0.00015443020397644204,0.9449536978775758,1.0566148473861936,0.9016253569802574,-0.12095275487725224,0.0007692257215098544,0.169429792365933,0.0,0.09247174304501556,0.38907146250515307,87.97567581649484,0.15659948872895313,2162,20000000,1
0.03987313094698686,0.041474654377880185,0.03832442067736185,0.00031979802650973494,0.00015764892662653227,0.8461614066241306,0.8123478110545168,0.9158055700132113,0.038158639239177804,0.0,0.5,0.0,0.028072022577360616,0.24171019656474774,87.97567581649484,0.9574275594512682,2207,20000000,2
0.022489336952307096,0.01841903300076746,0.02664576802507837,0.0036196953557658482,0.0018109009355034185,0.879951255151919,0.7754280755345975,0.9027829833020231,0.10398746160274644,0.007333687407482081,0.021973995572747124,0.0005804675349276442,0.06866220630344547,0.1551981154380013,36.75866317698006,0.0,2579,2033982,0
0.10140280561122245,0.10932475884244373,0.09352517985611511,0.003586292486755848,0.0017513798697310315,1.2360723308876234,1.1268741063299195,0.8773860177027426,0.08448594718401692,0.007575323395142649,0.07763184891193568,0.0,0.07107665753048928,0.47342667489098467,36.75866317698006,0.2765681841246678,2495,2033982,1
0.030478395061728395,0.026840490797546013,0.034161490683229816,0.0036556148079449724,0.0018211327276942857,0.7707206506966036,0.7882193102556607,0.8223189963938251,-0.05715515937287992,0.006217971470788091,0.05651384630124359,0.00019515846343277741,0.0579944491536653,0.19678534114308224,36.75866317698006,0.34355964604237776,2592,2033982,2
0.026671820641669886,0.027649769585253458,0.025680933852140077,0.011839800207659621,0.0059164696034798995,0.9049887259807148,0.9010207051923543,0.8875940116677052,-0.008768799672952654,0.02728366698840038,0.01940786804466116,0.0022109229091803167,0.0747203004966148,0.17741620067384906,12.241447105025316,0.0,2587,624991,0
0.15702479338842976,0.1594090202177294,0.15479651162790697,0.011971433210379358,0.006087479504494718,2.2059638362377028,2.2539484154431904,0.8882865984813687,-0.029303237643256434,0.025623803265492642,0.1699495158189555,0.0,0.07017508912436476,0.6271441658983906,12.241447105025316,0.5144955679719849,2662,624991,1
0.033570300157977885,0.03560371517027864,0.031451612903225803,0.011639930819279092,0.005792512742612945,1.2641402500356864,1.3419790148140376,0.8840891556584094,-0.0971970050153351,0.015414917517303324,0.03386175119610175,0.00029548741760050245,0.049238760536855705,0.21199222643151228,12.241447105025316,0.30314520098295317,2532,624991,2
0.03137003841229193,0.031209362808842653,0.031525851197982346,0.00022916827845260264,0.0001115838064036675,1.1414068357228073,1.103728925940046,0.8719324245615022,0.024679310932422344,0.0005109927386970763,0.06318712928559932,2.1958855557527377e-05,0.07265177915342126,0.20121667525749237,94.3620995063504,0.0,1562,20000000,0
0.20062893081761007,0.2236503856041131,0.17857142857142858,0.00022564564547833342,0.00011357283200713837,1.061853722170475,0.931292088719376,0.8949630462981156,0.10356301689992574,0.0003803833445395537,0.19870374948435016,0.0,0.06571740481447819,0.7231841745979467,94.3620995063504,0.7308372962455735,1590,20000000,1
0.03123008285532186,0.03194103194103194,0.030463576158940398,0.00022358340625390646,0.00011207743271960999,1.2033283389605889,1.3958251999569287,0.8695303986227423,-0.16142605882810163,7.602201495065111e-05,0.16918357642378057,0.0,0.028499850483976127,0.20052364141380435,94.3620995063504,0.6346401971845124,1569,20000000,2
0.040152963671128104,0.03930817610062893,0.04095309009679821,0.0006829799977168843,0.0003407732673210556,1.11746316366001,0.9149994593629854,0.8861023874258557,0.17080755023085903,0.001388884634126138,0.0963223456740407,1.0717160023360014e-05,0.07537525629597512,0.24299308278299966,71.79011637949866,0.0,2615,10964801,0
0.20992063492063492,0.20595333869670152,0.21378230227094752,0.00066711444927429,0.0003282812755655557,0.737735659798604,0.8440156954931857,0.8962984905916256,-0.14574267901141552,0.0013128630921157884,0.2736858765395783,0.0,0.07042735393006125,0.7413310091024216,71.79011637949866,0.7785727678143888,2520,10964801,1
0.043594646271510516,0.04670126019273536,0.04028436018957346,0.0006735136866346297,0.0003407309519345244,0.9387216897178363,0.7840865521510256,0.8395619973177663,0.15706562997151705,0.0008463642011998629,0.13469186371462188,0.0,0.04898734011557063,0.25853744665652695,71.79011637949866,0.4313605837243265,2615,10964801,2
0.03470388532629196,0.04046242774566474,0.028413575374901343,0.0008687291543234938,0.0004359267439166349,0.8999344288839322,0.978186787669528,0.8867505800420906,-0.0890551645762996,0.0014359393132547021,0.02106142336059885,6.658746731538133e-05,0.06314839741305063,0.21745890977250656,66.9447562876314,0.0,2651,8685875,0
0.21644685802948022,0.23100303951367782,0.20126782884310618,0.0008594453304950477,0.00042396671680371855,1.527926396223251,1.703404723899139,0.8859903163830045,-0.11722899183140124,0.0017562036212726102,0.18227237370493932,0.0,0.07076822861069752,0.7536262928023865,66.9447562876314,0.8327730631785598,2578,8685875,1
0.038535645472061654,0.034055727554179564,0.042977743668457406,0.0008603034037326083,0.0004267802203567422,1.3070458546566135,1.32546905940104,0.8821846620249738,-0.01523327864572375,0.0010527101282244995,0.15562351016874362,0.0,0.04804681333092107,0.23553741706493236,66.9447562876314,0.48977043988066016,2595,8685875,2
0.031151419558359622,0.0330188679245283,0.029272151898734177,0.0006839831128401241,0.00033858699476138095,0.967899372466691,0.9063360401699764,0.8648150030256287,0.06135562307450891,0.0014424078159710819,0.05278631975441978,6.68479798024078e-05,0.07264853766867382,0.2001337056560358,71.22043255922006,0.0,2536,10695027,0
0.09956366521221738,0.10972762645914397,0.0889967637540453,0.000678515342156527,0.0003368525359544318,0.9396925191753838,0.9476509569237657,0.8780557569435384,-0.02273328301378901,0.0015983548579480479,0.13394656889755266,0.0,0.07951699444686659,0.4676109171043417,71.22043255922006,0.292804256097033,2521,10695027,1
0.0382262996941896,0.04157218442932729,0.03480278422273782,0.0007053992557116373,0.0003493609339154947,0.9848629675403806,0.8881114193836277,0.8673581893806069,0.08083438871692057,0.0005495904135859761,0.08240634801796222,0.0,0.03244503881629295,0.23409988532768336,71.22043255922006,0.5167973016158056,2616,10695027,2
0.033420707732634336,0.03674540682414698,0.030104712041884817,0.00022100797643724853,0.00010903917621831273,0.8346188607544717,0.8760636425189695,0.8728680927996602,-0.059137721813654384,0.0005011226691377597,0.08602832819336659,1.4453521255295772e-05,0.07646309305100493,0.21126659272772758,95.36635132516463,0.0,1526,20000000,0
0.09154481881754609,0.08406524466750313,0.09922680412371133,0.00021650448473575524,0.00011235947030331342,0.728661051992023,0.7385711427299596,0.8790856957511579,-0.04191559465409245,0.00038431157253513554,0.06328357410528399,0.0,0.06851912988800431,0.4416053091514687,95.36635132516463,0.25637869641082084,1573,20000000,1
0.030104712041884817,0.030303030303030304,0.029925187032418952,0.00021519181328037842,0.00010916769279296755,0.8405334336912679,0.763782379594497,0.8452743709742363,0.047711044971135964,0.0,0.5,0.0,0.010877674079678103,0.19491671203059924,95.36635132516463,0.9457708213060598,1528,20000000,2
0.04965089216446858,0.05155420773313116,0.04765687053216839,0.010294726615382166,0.005132431872839919,1.0480327438986303,0.9662771196011357,0.8716275073246843,0.013985895898203128,0.021837412591577846,0.02842412853200232,0.0008492581812284477,0.06964323572863376,0.2849121173956558,15.136180919826803,0.0,2578,718216,0
0.21938191529950402,0.21571648690292758,0.22297808012093726,0.010241613858966181,0.005208240187107171,1.1016553879501016,0.997435716778988,0.8987783112132947,0.09431054239548545,0.023615639149724126,0.2360201029021107,0.0,0.07476045314236505,0.7590372914714196,15.136180919826803,0.7705930003772535,2621,718216,1
0.04917402996542451,0.048265460030165915,0.050117462803445575,0.010300048346759672,0.005178873062896548,1.0796049141338802,0.7604499634707497,0.8985673085140323,0.20874392199179137,0.007709397771704489,0.054575840322616614,0.0,0.03159586749670722,0.28287788131019087,15.136180919826803,0.5697448416248065,2603,718216,2
0.030026605853287723,0.026905829596412557,0.033255993812838364,0.018444495601643542,0.009176903919804115,1.0254005968505342,0.959209822190512,0.8735431263905529,0.007792981985735572,0.03591453318484775,0.05546115928764107,0.0014960435113462248,0.06481906601327168,0.19452526732250738,3.4324840544642576,0.0,2631,409626,0
0.04629981024667932,0.04690990320178704,0.0456656346749226,0.01815619068884671,0.00919322875962934,0.8939304474671379,1.0650840257765373,0.8295969934114857,-0.19468207762547565,0.044815804794253754,0.0631775218770815,0.0013976063575253076,0.07926427736795014,0.27046585020170816,3.4324840544642576,0.09716717126305965,2635,409626,1
0.02749003984063745,0.030792917628945343,0.023947151114781174,0.017877001488588073,0.008750248388524973,0.7501692227736882,0.6186140255575591,0.8737995208856241,0.15664205183578353,0.012314411520319167,0.0,0.0,0.02994284531380949,0.18164396008773984,3.4324840544642576,0.7265391151439211,2510,409626,2
0.04705274043433299,0.04697286012526096,0.0471311475409836,0.00027321766023512007,0.00013818068904150686,1.3891623080876374,1.5586679555774134,0.8884654286356186,-0.12419637159240066,0.0004176373442391442,0.009589395677860902,1.1558372426147098e-05,0.07564096919172236,0.2737427683674897,91.42964477834687,0.0,1934,20000000,0
0.1913978494623656,0.17494600431965443,0.20770877944325483,0.0002687077023755775,0.0001328538879368884,1.139063524562231,1.100091063285054,0.8926933532901122,0.0329238963888482,0.0005858465199361354,0.24604925075521145,0.0,0.08038604464854852,0.7043865111850689,91.42964477834687,0.6322639213679722,1860,20000000,1
0.03796095444685466,0.04449388209121246,0.031746031746031744,0.00026687271878099797,0.00013168672556386414,0.805852084827697,0.8605973351322823,0.8463522230045024,-0.08052351407271803,0.0004816188959069722,0.12191069742249294,0.0,0.06776797011164003,0.2328638334465641,91.42964477834687,0.35197866023370683,1844,20000000,2
0.04262542436816296,0.039647577092511016,0.045771916214119475,0.00045070854071125715,0.00022412837017924268,1.2673346890253734,1.4503609265066708,0.8791764293921321,-0.16258833049580126,0.0009363096989483266,0.08952548043126397,8.690561677642222e-06,0.07003475571205259,0.2542028074505697,80.60851011913708,0.0,2651,16898530,0
0.11278195488721804,0.11287758346581876,0.11268715524034673,0.0004389916936482137,0.0002136206450701013,0.9321666787865259,1.0649198440762726,0.9092036043506985,-0.1529365096821037,0.0008480479244086711,0.11365103397816849,0.0,0.06769549026182309,0.5082505651340838,80.60851011913708,0.279900450511868,2527,16898530,1
0.036580670003850596,0.03969465648854962,0.03341103341103341,0.0004318197015794473,0.00021954498140208003,1.0330388856634711,1.0141343252475994,0.8124002055036066,-0.006554332216244355,0.00018996788695617347,0.07445530058697103,0.0,0.026394468274825323,0.22638878910801027,80.60851011913708,0.5718863212489362,2597,16898530,2
0.036846275752773376,0.033634126333059886,0.03984674329501916,0.001001908268276398,0.00048621735611029197,0.7319747799971617,0.7618313393377527,0.8951138312822728,-0.04486751470983127,0.0020077248631601334,0.013007000820692225,0.00012918356098586372,0.07464018774872239,0.2276407448157951,63.59589883456963,0.0,2524,7414213,0
0.25188536953242835,0.25,0.25375375375375375,0.0010179270403395506,0.0005110833985195926,1.2315751140675477,1.094547186575192,0.9099567189629795,0.053673045643712565,0.0018932178274266975,0.23046514498731516,0.0,0.06724696853099657,0.814252712005413,63.59589883456963,0.9181167996663208,2652,7414213,1
0.032971295577967415,0.03068450039339103,0.03519510328997705,0.001006712703241453,0.000496994513396489,0.9706441102120182,0.8699748842687256,0.874550666445991,0.09221853366829512,0.0009153248358117904,0.0849732391038706,0.0,0.03933208668217641,0.20908058322277745,63.59589883456963,0.5183180476656457,2578,7414213,2
0.0351311232063335,0.03773584905660377,0.03254437869822485,0.0002922458436027656,0.00014433745110488497,0.8429235545489232,0.8359509231993204,0.8831538111511279,0.006610675370516191,0.00044839893647753075,0.02239692051962353,1.715845884836178e-05,0.065927566083602,0.21950479770733064,89.91948185417388,0.0,2021,20000000,0
0.14654744162940883,0.15711462450592886,0.13586413586413587,0.00028226652016234325,0.0001437759375219628,0.9366655564497331,1.042794869446925,0.8953615153253164,-0.11370741923184734,0.000526986853310498,0.18438496131665993,0.0,0.0756061238993304,0.601132405123329,89.91948185417388,0.5975813549729522,2013,20000000,1
0.03400689995071464,0.036779324055666,0.03128054740957967,0.000286963412164949,0.000144910095391409,1.339802985145646,1.2886716602525676,0.8884769994863856,0.02585600333923311,0.0003269904860631672,0.07821451662827865,0.0,0.04670369294270767,0.21410438289479,89.91948185417388,0.35872514146643714,2029,20000000,2
0.0332541567695962,0.03677058353317346,0.02980392156862745,0.007280346209475026,0.0036101598989269562,1.089682279111308,1.2637418235038351,0.88952657024272,-0.17434953692780553,0.014378295937871429,0.004459427502393403,0.001112583038653097,0.06894701025070901,0.21045752162894002,22.01304580039326,0.0,2526,999881,0
0.22168284789644013,0.215748031496063,0.22795341098169716,0.0073598095747617895,0.003536141743209163,1.925914584419816,1.8652346355526306,0.9192107194777108,0.020577812957873833,0.017063806576271656,0.2177135935907956,0.0,0.07511135909076155,0.7632284507862801,22.01304580039326,0.8307885892201112,2472,999881,1
0.03787299158377965,0.039334341906202726,0.03637770897832817,0.007524689045299715,0.0037380344288128952,0.792330003619057,0.7861785057705121,0.8912122284990861,0.00535360612001087,0.0,0.5,0.0,0.008617489342733802,0.23245346504925946,22.01304580039326,0.998578651117463,2614,999881,2
0.03741496598639456,0.03460972017673049,0.040372670807453416,0.000883033051102712,0.000449760433728157,0.8986745715321112,0.8845946314354449,0.8720300405200565,0.012840831483705848,0.001754884601893832,0.0637013423918328,4.743574278657709e-05,0.06593241218586088,0.23031169678727273,66.1249992578259,0.0,2646,8403338,0
0.0956221198156682,0.09396485867074103,0.0972972972972973,0.0008836993511321059,0.0004426997134182385,0.8161846189293119,0.816547454397133,0.9242248799469026,-0.004654021446038604,0.0016981674364832616,0.09479890568708302,0.0,0.06411200442408911,0.454962390084685,66.1249992578259,0.24073686979122905,2604,8403338,1
0.030904235024799696,0.02817974105102818,0.03363914373088685,0.0008932521992321123,0.00044535172421292875,0.9672783756463521,0.7884076933890672,0.8650331641288517,0.1453438691821776,0.0004143863976333226,0.0,0.0,0.02533953989976294,0.19890647783667526,66.1249992578259,0.822713921743053,2621,8403338,2
0.028196214754731556,0.026515151515151516,0.029944838455476755,0.004834114099296983,0.0024193932733577984,1.090551807934955,0.7645060028379886,0.8573251443808481,0.2866145615722849,0.009094450682098673,0.04975871083033276,0.0004188695863282765,0.06299362628431235,0.18526369589990535,30.814953281178326,0.0,2589,1528876,0
0.24387442572741194,0.22987616099071206,0.25757575757575757,0.004879333385006019,0.0024391997706479846,0.8292126321931003,0.8382926984852355,0.8817173084023068,-0.02610889584179698,0.008963173289579242,0.1925888987643112,0.0,0.061764688962494596,0.8014241648495997,30.814953281178326,0.8620533265660196,2612,1528876,1
0.030210325047801148,0.03252647503782148,0.027842227378190254,0.004902611299369557,0.0024438293076346537,0.9020891557659959,0.8550319416858273,0.9112264868686571,0.030089243726492,0.0012114370893669417,0.0,0.0,0.017699412303194946,0.195445533413643,30.814953281178326,0.9173450056579806,2615,1528876,2
0.0306047197640118,0.024464831804281346,0.03632478632478633,0.016292194980193023,0.008295988131108425,1.462771086539469,1.4439473880823643,0.9080488158284492,-0.008478777449925265,0.037955942344605614,0.02933753889566891,0.0025978470009248088,0.0754214771096709,0.19741549101958977,6.186071631857748,0.0,2712,467492,0
0.24649532710280375,0.24453125,0.2484472049689441,0.01583838482746381,0.007857993090596418,1.742051613787248,1.9581730363830288,0.85516076362209,-0.19986022269417633,0.03685121475830689,0.2573523446543579,0.0,0.07533837974685166,0.8056759469530586,6.186071631857748,0.8766511697973914,2568,467492,1
0.033820138355111454,0.03161141094834233,0.03601532567049808,0.015953849214243088,0.007963152820920874,1.019204919410218,1.0192459594692511,0.8941490409890637,-0.021482997433210617,0.023587819890156705,0.02868455240340175,0.000770442120569587,0.05182939579630577,0.21320190944906411,6.186071631857748,0.34773116620662653,2602,467492,2
0.03355704697986577,0.039110429447852764,0.027664768104149716,0.0004628134333618793,0.00022488134024662194,0.6067747347648228,0.6475278136280427,0.8558960406628454,-0.06940080820814662,0.0008324222393683965,0.00485132685139195,5.831720151011364e-05,0.06563475502817318,0.21192797897135754,79.65248309856143,0.0,2533,16093956,0
0.1837837837837838,0.18321785989222478,0.18435321456235476,0.00046198672751000515,0.0002298397280543437,1.1741365539859792,1.2325268826995892,0.8712211012631785,-0.05629289457362865,0.0007738416099910913,0.23023247183449883,0.0,0.06057321264728536,0.6882849619184828,79.65248309856143,0.6301792522957502,2590,16093956,1
0.03766333589546503,0.03557617942768755,0.03972498090145149,0.00046285857335873405,0.00023098542537004717,0.8455190551782144,0.8756062875549967,0.8691485470544441,-0.05220324053612822,0.0002929427032297385,0.022865638714754173,0.0,0.03003500662825775,0.2314741331733808,79.65248309856143,0.7791689785241278,2602,16093956,2
0.02702702702702703,0.023655913978494623,0.030434782608695653,0.0002596358469749888,0.00013213928938204383,0.9667268749557586,1.0656302963896453,0.8746278629562034,-0.11169644780064225,0.00040858467288699675,0.0,3.22879046596147e-05,0.07567638477738134,0.1792560669283215,91.99708916725982,0.0,1850,20000000,0
0.22495706926159129,0.2429245283018868,0.20800889877641823,0.0002556490475019359,0.00012478873595582064,1.1301804619416638,1.0862763872280221,0.8641906171919057,0.031250849464153074,0.00043070116363219636,0.05133640946549471,0.0,0.07429980985562175,0.7691162213036068,91.99708916725982,0.7530999429352659,1747,20000000,1
0.03640375068946498,0.03571428571428571,0.03707742639040349,0.0002620155899276007,0.00012950770570848964,1.093324983083198,1.0762031617944823,0.9078308824792632,0.011508120845110725,0.0003188220348741996,0.0,1.1297559536720997e-05,0.05858672818890581,0.22555326335516918,91.99708916725982,0.45794918188477224,1813,20000000,2
0.037823234272481666,0.03534956794972506,0.04021244309559939,0.00048011421333300026,0.00023973326782536204,1.2398672088923808,1.2239021172752163,0.8771046716565616,0.004383902802973855,0.000813993103553442,0.0,5.287395277835996e-05,0.06774778935908751,0.23222119933887414,78.92262224130212,0.0,2591,15439833,0
0.0766798418972332,0.07736156351791532,0.07603686635944701,0.0004732315618713954,0.00023407152522671168,1.7455507220693651,1.5367453122016654,0.895063732655774,0.03404893552012791,0.0009379028922291654,0.07560248462962886,0.0,0.0758481456804734,0.39037097356269107,78.92262224130212,0.14535816388095185,2530,15439833,1
0.035168195718654434,0.03380503144654088,0.036458333333333336,0.00048331141328381835,0.00024207211509677748,1.1629856767884117,1.3735758557742566,0.8795321294887628,-0.18552108816101276,0.0003122502164560835,0.0014341247314967418,0.0,0.03695455111459133,0.21968195696092707,78.92262224130212,0.5578633122905543,2616,15439833,2
0.037698412698412696,0.03266932270916335,0.042687747035573126,0.0009162452577499675,0.0004514935568106997,0.853328200336332,0.9132273663817151,0.880006352420312,-0.07416367799730232,0.0015665418809780183,0.0,0.00010317926134368376,0.06664492596180828,0.23163810358611525,65.15206117595457,0.0,2520,7970922,0
0.16382505559673832,0.15731166912850814,0.17038690476190477,0.0009447617245342183,0.00048349148952832343,1.097158402609444,1.0809702952573144,0.8773214256333179,0.010814997489520129,0.0017495693302974093,0.17558571735487033,0.0,0.07191486778503214,0.6433822748079077,65.15206117595457,0.5595658674177465,2698,7970922,1
0.033734005428460646,0.03421461897356143,0.033255993812838364,0.0009405252209687661,0.00046219789346007005,0.9481402517732799,0.7868787753555133,0.860742929656017,0.14552226917942945,0.0002621958288966401,0.0,0.0,0.026733630326455694,0.21278517765169871,65.15206117595457,0.8528234122944465,2579,7970922,2
0.039647577092511016,0.04420731707317073,0.03541076487252125,0.00019450850280026526,9.728996724713967e-05,1.0912259737123364,1.0414548626506055,0.9001241532965121,0.02518448536176185,0.0003534648822495136,0.0,2.3936352057192365e-05,0.0769309468756627,0.24067400352725526,97.88719671842365,0.0,1362,20000000,0
0.1536764705882353,0.16374269005847952,0.14349112426035504,0.00019350240495846164,9.71440645048017e-05,1.090839268958225,1.1619950466979025,0.866789332345558,-0.07474803488489805,0.0004856423708351221,0.19399222349310527,0.0,0.08673594862473971,0.6189647107148328,97.88719671842365,0.4729558639766,1360,20000000,1
0.05244252873563218,0.05,0.05491329479768786,0.00019929794263805187,9.943467245597426e-05,0.9261164415458873,0.9632672085031573,0.8878136429527348,-0.04540662087710826,0.00020896238652645191,0.025891820153013122,0.0,0.052206121386025366,0.2966834060778743,97.88719671842365,0.37646167810580333,1392,20000000,2
0.03831269349845201,0.03458646616541353,0.04226475279106858,0.0012170607395980881,0.0006068863278891277,0.7978429870160085,0.7609758458541276,0.9034357277407109,0.00418453240542775,0.0027759961095547804,0.02219455254706519,0.00017484282145574973,0.07902938528653788,0.2345017345448313,59.53461153034376,0.0,2584,6083671,0
0.15787416959749903,0.16785998408910102,0.14823348694316435,0.0012147124620857316,0.0006008987416349095,0.9375214955393562,0.9237312741970826,0.9245324985303437,-0.006682391660442748,0.0026776753081376873,0.16117447982953342,0.0,0.0736030902563498,0.6291995508940781,59.53461153034376,0.5644684375139043,2559,6083671,1
0.038358266206367474,0.03312788906009245,0.04354469060351413,0.001246423401200164,0.0006121751708607437,0.9675852258523748,1.1734244334365354,0.8643164913689493,-0.220330748957907,0.00010765685077873121,0.5,0.0,0.01647232541037419,0.23471359211240408,59.53461153034376,0.9714248392178213,2607,6083671,2
0.0448,0.03278688524590164,0.05625,0.00018190126025363905,8.927231068592415e-05,1.6759472649132685,2.0169097032228023,0.8853856494769022,-0.20366247625603387,0.0002878242058167133,0.00883051972540201,1.0346207875178709e-05,0.07154299349277109,0.2638828608091269,98.83730222179604,0.0,1250,20000000,0
0.1977859778597786,0.2199710564399421,0.1746987951807229,0.0001855395025241728,9.676906309478605e-05,1.3661715227904365,1.5137691397636486,0.900717051078988,-0.12063431596168966,0.00041003129784086573,0.2693846627486447,0.0,0.08202971014118056,0.7174778892690066,98.83730222179604,0.6302279299541349,1355,20000000,1
0.044642857142857144,0.05069124423963134,0.03896103896103896,0.00018708280053308953,9.600583578330369e-05,0.8252046985164392,0.6667427575642403,0.8774898404494881,0.17624961585312132,0.0001205431723527533,0.1843988038689906,0.0,0.031981918256617,0.2631887790276082,98.83730222179604,0.8735729293418639,1344,20000000,2
0.029148853478429847,0.03240391861341371,0.025682182985553772,0.0021892545345155107,0.0011073229638899958,1.307142393377542,1.4067169298544149,0.8712899502007225,-0.0843335379055679,0.00445601095531396,0.02400311760829309,0.0002997726606422705,0.06726456052090449,0.19010527524181847,46.8771128374789,0.0,2573,3320007,0
0.17733990147783252,0.17364341085271318,0.1808747220163084,0.0022424599058742823,0.0011343399830558234,1.0792607948881319,1.0701746913828978,0.9285014911657384,-0.0010094449981311406,0.004704339245676228,0.2286042409326367,0.0,0.06899535199676296,0.6742230260763586,46.8771128374789,0.612768529195617,2639,3320007,1
0.029036004645760744,0.029571984435797664,0.028505392912172575,0.0022319429614576516,0.001112096579754073,1.2887830598564014,1.4623240185044744,0.8818213757541329,-0.1522648732345661,0.0019807012072960073,0.05269509214440922,0.0,0.03544710569161059,0.189534190272586,46.8771128374789,0.46900967772677293,2583,3320007,2
0.04049493813273341,0.03956043956043956,0.041474654377880185,0.0017268549286227777,0.0008831298359802393,1.0574489426868205,1.1823707174745255,0.8660143775003423,-0.11924276893380487,0.0035425584198440357,0.06337370249286209,8.924799395249424e-05,0.06770940907564763,0.2445568782713619,52.35498223543704,0.0,2667,4315892,0
0.21208622016936104,0.21947449768160743,0.20475460122699388,0.0017167330847357347,0.0008596901607832379,1.143988963618379,1.2451477003032234,0.8723758484194729,-0.09025326137391136,0.00407295628080615,0.22077344775395777,0.0,0.07660782334486456,0.7454515947936742,52.35498223543704,0.7998776726706655,2598,4315892,1
0.0351008215085885,0.034856700232378,0.035328046142754144,0.0017299806473935234,0.0008866771624344221,1.1257547513114778,0.9067140730564238,0.8841854350711689,0.18212072790105868,0.0013941207391683576,0.04296097719319797,0.0,0.03482501631034352,0.219359950855752,52.35498223543704,0.6398077442839163,2678,4315892,2
0.039185555128697654,0.03215686274509804,0.04593373493975904,0.0006486455421503795,0.0003224029685349318,1.146810651234266,1.0759273428561715,0.9014829109125785,0.059510418472582004,0.0011756638437826759,0.13433058484336366,0.0,0.06926091504613989,0.2385454474699215,72.81099392258616,0.0,2603,11532354,0
0.10255387071029529,0.10808709175738725,0.09672131147540984,0.0006420025226747785,0.000310410635119235,1.214350321825208,1.3972361260450845,0.94216924372719,-0.16290176070371984,0.0011081603526851107,0.13741675139554865,0.0,0.06364401934498912,0.4770392870325003,72.81099392258616,0.26776999882929536,2506,11532354,1
0.04242424242424243,0.04684014869888476,0.03783783783783784,0.0006649475541039302,0.0003269624777117481,0.7451622622259058,0.8202396579767612,0.8842844827592868,-0.12696901899760657,7.235870300206075e-05,0.48473123149762365,0.0,0.01866566786619594,0.2532989253586311,72.81099392258616,0.9611434990237531,2640,11532354,2
0.030903328050713153,0.02967121090617482,0.03210649960845732,0.001365769097240071,0.0006653544106222619,0.7256480606670538,0.5377340766665462,0.8748352171215487,0.24464637457975402,0.002892202092516771,0.02282682831049756,0.0001963589684284007,0.0695438183721031,0.19890196946383146,57.038066556176226,0.0,2524,5420302,0
0.1440677966101695,0.14722004698512137,0.14101592115238817,0.0013636467841256232,0.000684063198374902,1.2421708198698573,1.3414379534293066,0.8295565396574552,-0.08504624900940352,0.0030702834929200087,0.1367078960022436,0.0,0.07325469848001714,0.5947936590297478,57.038066556176226,0.46705940164370274,2596,5420302,1
0.02490566037735849,0.022354694485842028,0.027522935779816515,0.0013608699022082367,0.0006986255793978744,1.0538625222767586,0.9599978313421021,0.8145200379456934,0.07378510832657362,0.001648809012847594,0.10458509281851755,0.0,0.04443138439309567,0.16816204493914663,57.038066556176226,0.42505417320717837,2650,5420302,2
0.040893600908746684,0.04624715693707354,0.03555219364599092,0.00044718270111406634,0.00022985782671122016,0.9262935866348618,1.01259065334302,0.9228132061942513,-0.11396397001184226,0.0008427278755512669,0.005752645636034006,5.155220934615616e-05,0.07307082801968368,0.24637442128582845,80.10949465303683,0.0,2641,16412953,0
0.09394964299135664,0.07822878228782287,0.11026033690658499,0.00044549795122289146,0.00023158234971754524,0.8484647466990003,0.849114849498468,0.9081357561842085,-0.008797753650133435,0.000833683260083963,0.13284305536691768,0.0,0.06941536575893013,0.4495175857387882,80.10949465303683,0.24544280659910617,2661,16412953,1
0.036755892928485814,0.041831097079715863,0.03155339805825243,0.00045038231584062924,0.0002178370891882309,0.9689399109315877,0.8904095068776913,0.920935640539742,0.07972939946500164,0.0002618792229955081,0.05016200916923737,0.0,0.030279418024673866,0.22721504045264038,80.10949465303683,0.7616898558870072,2503,16412953,2
0.04067164179104477,0.04217298070050036,0.039032006245121,0.0006772668062610064,0.0003418220415780597,0.9005529551360762,0.9589541929735452,0.8998397857758438,-0.07004960729613041,0.0012638513625725133,0.06611636611011279,2.0395647683969225e-05,0.06418370389501087,0.24536321257721885,72.11473053767654,0.0,2680,11199581,0
0.2767319277108434,0.27724240177909565,0.27620504973221116,0.0006670870718270379,0.0003387730903962931,1.2164448981869096,0.9840270150435114,0.9099999292404428,0.17369419325024085,0.0012438800791673254,0.23966901301434482,0.0,0.06581367629758177,0.8509595262119787,72.11473053767654,0.9844194324452228,2656,11199581,1
0.04966887417218543,0.05098934550989345,0.04843304843304843,0.0006873152074995427,0.0003467191414223751,1.0057075373215854,0.989071580088566,0.8363030132290532,-0.012681379761968719,0.00020534542263072632,0.21548338699916167,0.0,0.022309428354798374,0.28498869002027705,72.11473053767654,0.8494070383200469,2718,11199581,2
0.03113278319579895,0.035687732342007436,0.026495079485238455,0.0010425787242367346,0.000530037162245449,0.7759613951690412,0.6383522292411703,0.9320365859258637,0.09039406603799137,0.0019490820030841581,0.06542857073995959,6.132168493538334e-05,0.06593747945655427,0.20004128146909722,63.00450454940211,0.0,2666,7186628,0
0.16807339449541284,0.15384615384615385,0.1820830298616169,0.0010587148509451916,0.0005415802456965736,1.3882445160681096,1.2757183366424725,0.9106761057068236,0.043090133475906366,0.0024199133345724033,0.1750231263507995,0.0,0.07903143074715802,0.6532784878166925,63.00450454940211,0.5618837364173751,2725,7186628,1
0.036921881072677805,0.033255993812838364,0.040625,0.0010301255556235988,0.0005115832956223739,1.255270777628203,1.457983131670809,0.8567057481858893,-0.1847434517253301,0.0007200537559901769,0.22817436982280562,0.0,0.030224307880271237,0.22799659180925635,63.00450454940211,0.8279591388468464,2573,7186628,2
0.038975926633549866,0.038288288288288286,0.03968871595330739,0.002390526418792062,0.0011966349728345113,0.8005426424533056,0.6959241509140012,0.8763827890737211,0.12103147798565385,0.004743606483119665,0.046132167545025735,0.00016800621618411472,0.06584921123538207,0.23757698746465328,45.6420494385426,0.0,2617,3124525,0
0.1772508038585209,0.17069368667186283,0.18423236514522823,0.002332679500441806,0.0011373126782479352,1.2060698909316483,1.24457601064056,0.8484995816303578,-0.04448801062356985,0.005069718912069148,0.1585803480625324,0.0,0.07108788096229354,0.6740257443557681,45.6420494385426,0.6000411334450408,2488,3124525,1
0.03391136801541426,0.0350076103500761,0.03278688524590164,0.002374622276353528,0.0011868537764132135,0.8628552512157514,0.8107154471663773,0.9169433704203482,0.04391522768444835,0.0023000468652299893,0.02482136828968314,0.0,0.04099576848077448,0.21364294328733652,45.6420494385426,0.45578128809635765,2595,3124525,2
0.03413498836307215,0.037296037296037296,0.030983733539891558,0.01921090841187029,0.00982458279821496,0.8657338994346994,0.7399299237956141,0.921592212375854,0.11716313000910834,0.0415580196440548,0.053432087271452336,0.0017989871306550395,0.07080809747694164,0.21472244845508154,1.5956648490468628,0.0,2578,375169,0
0.21170130869899922,0.21056721056721056,0.2128146453089245,0.019921912198838206,0.009896200361870298,0.9939191966280898,0.8449011790635162,0.8741281725489829,0.10939569428106544,0.034967586841574444,0.18675715271892693,0.0,0.05949931291484028,0.744722168632403,1.5956648490468628,0.72657088244424,2598,375169,1
0.03369524522650692,0.030724213606437453,0.03680981595092025,0.02016092164213221,0.010175703270244736,1.0587331385765926,1.3195830542102516,0.8504938071853687,-0.2503746352640472,0.02235233541960496,0.021265971963431066,0.0002120265504984612,0.04157969217680596,0.21259753940028883,1.5956648490468628,0.5776472449164687,2671,375169,2
0.036126629422718805,0.033112582781456956,0.0392156862745098,0.0005665584618185215,0.0002888738074407007,1.2080168062099383,1.1975945759732627,0.8935105816439428,0.004803787199341699,0.0010268034567849252,0.0,7.499038211327407e-05,0.07573851166866329,0.2242419303965139,75.83808721581775,0.0,2685,13278109,0
0.23954802259887006,0.23914699162223915,0.2399403874813711,0.0005708112621438617,0.0002856746278966923,1.291772614578368,1.1459981045895795,0.9042707835769861,0.10095756613729828,0.00129530974232992,0.29790440794941164,0.0,0.07859244587749152,0.7942878485408212,75.83808721581775,0.8557995029830833,2655,13278109,1
0.03413885692366705,0.03282442748091603,0.03546646106399383,0.0005640332670973458,0.000280456747534385,1.1804377288667842,1.0277514175958293,0.8787911477577269,0.118697304042309,0.0005302303807845104,0.049763335806501725,0.0,0.04344261185189916,0.21474110425496828,75.83808721581775,0.5922795537487022,2607,13278109,2
0.039700374531835204,0.046999276934201015,0.031857031857031856,0.0024512714181189462,0.0012530910753164055,1.0937737738278468,1.0782356235935893,0.8085263726658131,-0.0009455375584043304,0.005457998913064788,0.009404846999951023,0.0003880516550477605,0.07256387289367573,0.24091672705650757,45.13918610451964,0.0,2670,3043647,0
0.05533904910366329,0.059907834101382486,0.05063291139240506,0.0024229284806534255,0.0012046569427158864,0.8672609574554186,0.6643343816632225,0.9050800543281696,0.2284969979646753,0.0047908451561602715,0.04127184733503236,7.877356987567478e-05,0.06731794215920471,0.308657821844126,45.13918610451964,0.08719585503545482,2566,3043647,1
0.037397740553174914,0.03304484657749803,0.041666666666666664,0.002411760758963281,0.0012044727370153193,0.8408943766813216,0.7345787467093216,0.8990238152208248,0.11273478429693028,0.0018153132150361781,0.0,0.0,0.033374179087909246,0.230230985785135,45.13918610451964,0.660828762665068,2567,3043647,2
0.031635802469135804,0.038221528861154444,0.025190839694656488,0.0009601673790012865,0.0004885657334847536,1.1166246709684584,1.2207901878778926,0.8938294787942173,-0.11490580470592299,0.0018317802765584613,0.043912588688081115,8.269585965112776e-05,0.06541008666438777,0.20253013291456295,63.97885220552505,0.0,2592,7579555,0
0.08342770856927142,0.07604562737642585,0.09070464767616192,0.0009949959992869195,0.0004991940155513352,1.0065994782706238,1.0475073595325095,0.8879068600300151,-0.05847394375349029,0.002162613871899096,0.16109586348203206,0.0,0.07109188150546665,0.4141432509010293,63.97885220552505,0.2497249332373801,2649,7579555,1
0.027715355805243445,0.03110773899848255,0.02440828402366864,0.000996829486547986,0.0005033159472547508,1.0990458883241974,1.1371353261612438,0.896622780302985,-0.04409273027232158,0.0004395652883483555,0.04450425019130836,0.0,0.023072584843520955,0.18280178418453952,63.97885220552505,0.7069957642563793,2670,7579555,2
0.036384096024006,0.0374251497005988,0.035338345864661655,0.0004388288714092175,0.0002209476432817703,1.279979862276999,1.4811770436425664,0.895384870801615,-0.25592258991396716,0.0009306327720713095,0.05973012919828336,3.274712582155993e-05,0.07285781105390617,0.22546036215860937,81.09517516012808,0.0,2666,17243618,0
0.20085803432137286,0.2020684168655529,0.19969395562356543,0.0004280274494135825,0.00021235727172918452,0.9321977556057596,0.8665812914089905,0.8952290188701554,0.026197894795163584,0.0008051227022891252,0.2594145436948209,0.0,0.06630826160277757,0.723640847878338,81.09517516012808,0.7682438948627953,2564,17243618,1
0.034956794972505895,0.040123456790123455,0.0296,0.00043216489762363977,0.0002109050851734305,1.0990662390568278,1.3637734391261536,0.8856178714925667,-0.24326558991237765,0.0005621979412170906,0.019578547043049073,1.4233855385846394e-05,0.04854911513367003,0.21867094618735627,81.09517516012808,0.41063247607923936,2546,17243618,2
0.03997949769349052,0.04008016032064128,0.03987408184679958,0.00028647507666832984,0.00013934501984041675,1.0864295328520175,1.0754798088455744,0.8992278134879923,0.009687664840240742,0.0006963905099936626,0.023519756682307887,4.446860858377427e-05,0.09315570902331477,0.24219817887838596,89.62746267386329,0.0,1951,20000000,0
0.0698012603005332,0.07459867799811143,0.0647410358565737,0.00029324252077985797,0.00014737133261116857,1.1820024907812816,1.3698255990704982,0.8852978804586966,-0.185364245656551,0.0005744090563606005,0.003200152655862027,1.732580023544906e-05,0.07140595054949356,0.3651815552773584,89.62746267386329,0.10422860564128036,2063,20000000,1
0.03940886699507389,0.04038461538461539,0.03838383838383838,0.0002911432467620758,0.00014496462863061412,1.004294574326994,0.8797910276484281,0.8487248859501653,0.12255902970900397,0.00019704860296698628,0.0,0.0,0.038013818456141976,0.23957527097249595,89.62746267386329,0.677858041660466,2030,20000000,2
0.03525264394829612,0.03356752537080406,0.036949685534591194,0.0008403271647885452,0.00041288592219113854,1.3129410485382003,1.2036345433685252,0.893205670733152,0.07294672473871247,0.0017576484105661877,0.003513359918708175,0.00013941167068461335,0.07541002645180384,0.2200852935568988,67.22814556505689,0.0,2553,8832663,0
0.22184039709812906,0.22868217054263565,0.21519939804364183,0.0008566542645598071,0.0004235562618240768,1.0873655892383025,1.1750647786237987,0.8636626034795505,-0.09304234080557787,0.001907314482213713,0.2507981063535855,0.0,0.07256027527020507,0.763513804284174,67.22814556505689,0.7680430891137667,2619,8832663,1
0.03162055335968379,0.0390625,0.024,0.000832116056248716,0.0004092639234660287,1.2715641732572502,1.4376555833803777,0.8229335426608996,-0.13241830252159661,0.0009442754762105405,0.03322800020048187,7.973107916100508e-06,0.04563777779769852,0.20245485905940985,67.22814556505689,0.4010521523920453,2530,8832663,2
0.024018299656881435,0.026214340786430222,0.021870286576168928,0.0006308403009124034,0.0003187621092839981,0.8519680926723673,0.7179420675199424,0.8848822728141196,0.1554329899914504,0.0010917723574888395,0.05710080748750812,4.8034651534295666e-05,0.06212025718140358,0.16344335871860893,73.1650306596405,0.0,2623,11754545,0
0.25496302063059556,0.25727773406766324,0.2526964560862866,0.0006325475738106836,0.0003121426656011614,1.0350445114112554,1.0955435761562964,0.8639804631823409,-0.06797866654074987,0.0011287341103463514,0.18347477165455361,0.0,0.07350892959668491,0.8190499770477592,73.1650306596405,0.9069342872349275,2569,11754545,1
0.026295731707317072,0.021722265321955005,0.030711610486891385,0.0006293399296131055,0.00031892390407585724,1.3053924584793968,1.3323998397721883,0.8910200660158096,-0.02089795728687287,0.0007063090647250476,0.1691438606722054,0.0,0.043611019890958884,0.17546052453023037,73.1650306596405,0.3979375040475943,2624,11754545,2
0.032529659395331034,0.032334384858044164,0.03271375464684015,0.0034293758823199087,0.0017061993869957961,0.9378304891189441,0.9371554436094783,0.8868683620532785,-0.012819652470717492,0.007813091944073203,0.049054655620742134,0.0003998065398263939,0.07399638500416215,0.20692349467653784,38.25902449960522,0.0,2613,2189369,0
0.04874274661508704,0.04935459377372817,0.04810725552050473,0.0033642637671532755,0.0016866993479618343,1.652266253876842,1.844533350699606,0.8787731227384142,-0.11886036001854193,0.006874347964857388,0.08539751578005111,1.4448352806260899e-05,0.06748470851236074,0.28103203810451904,38.25902449960522,0.06742492350033508,2585,2189369,1
0.027671022290545733,0.031013615733736764,0.02421875,0.003450515097227253,0.0016981729303925312,0.8908622956411552,0.94845424515338,0.8710678892267556,-0.07556807821357306,0.0007077181298515012,0.14476335215745237,0.0,0.01653545609632221,0.18257418440208523,38.25902449960522,0.8428601548504442,2602,2189369,2
0.03917050691244239,0.039032006245121,0.039304610733182165,0.010060847269526616,0.004982587731047415,1.0075112097032495,0.9935453367109063,0.859831379372008,0.011694797412315713,0.023632583948936935,0.02634800680103514,0.0014293162568470184,0.07595542177632973,0.23847598261111413,15.93761075441751,0.0,2604,746414,0
0.20151636073423784,0.2020850040096231,0.20095313741064336,0.009854461891995405,0.004798927613941018,1.116643098025467,1.1146887906257101,0.878907922523273,0.0009644937882325115,0.020541889237551406,0.271679499854749,0.0,0.06862614487203297,0.724950469485004,15.93761075441751,0.7253296243960193,2506,746414,1
0.04550804236955669,0.044832826747720364,0.046228710462287104,0.009936579103676879,0.004883983828629457,1.0562312951752777,0.9988144139530345,0.9236584056411242,0.037637422931643745,0.0,0.5,0.0,0.009451364495506254,0.2669999156722619,15.93761075441751,0.9935003604980408,2549,746414,2
0.03901120123599845,0.03787878787878788,0.04018912529550828,0.0100133524285335,0.00501733490177535,0.9134315488930164,0.774313777995949,0.9054564949678718,0.1365298643873975,0.02186404056080441,0.02881234686007407,0.0011831010565825553,0.07136900474088143,0.2377400703547769,15.6573882415593,0.0,2589,736573,0
0.2264808362369338,0.220576773187841,0.2323076923076923,0.010213610252049614,0.005014589485087275,1.1195652925347932,1.333410211715239,0.8734869349088132,-0.2005023580775341,0.02218103433871486,0.21983956166077712,0.0,0.07104264042145775,0.7718259852939,15.6573882415593,0.8195642521416698,2583,736573,1
0.03393061380099123,0.038461538461538464,0.02947845804988662,0.010170319887979085,0.005087099364258036,0.8812229475623112,0.8160189420551135,0.8481184141266611,0.06187280295131374,0.010043587741296014,0.08935494754470394,0.0,0.03822166113429643,0.21373593682509842,15.6573882415593,0.47957245689410233,2623,736573,2
0.03559127439724455,0.04024767801857585,0.031037093111279335,0.009377136835461175,0.0047393536849245745,1.0800345805637082,1.1088184581940528,0.9194384392910904,-0.0281061794868341,0.019179109593807274,0.032672581789045835,0.0009887566418517455,0.06753907605729327,0.22169960841340397,17.052539306254864,0.0,2613,787476,0
0.10454545454545454,0.10329341317365269,0.1058282208588957,0.009650141599430341,0.004783397262954581,1.0458696691101579,0.7876031069497684,0.8954718451819641,0.1821459122664104,0.0199207851361706,0.19481023503779374,0.0,0.06806552769333905,0.4832409252418531,17.052539306254864,0.3354149554755756,2640,787476,1
0.03032629558541267,0.021176470588235293,0.039097744360902256,0.009431737797689225,0.0047249378774962365,1.0792736458084673,1.0036506664167655,0.8919073045201312,0.067935658305141,0.0,0.5,0.0,0.012258882953971954,0.19602558400143755,17.052539306254864,0.9132439876813305,2605,787476,2
0.03276792598303778,0.03380503144654088,0.03177004538577912,0.006070694673682528,0.00304945429580412,0.835348117251073,0.8233098676876138,0.8813225999714117,0.004753950113205579,0.012676709551918356,0.045852741942356785,0.0006065183851418268,0.06872742908765456,0.20808836606614872,26.052388635961275,0.0,2594,1213887,0
0.1286833271167475,0.13186813186813187,0.12537993920972645,0.00618041006567642,0.0031555283538523106,2.1295487901075867,2.0035426825477147,0.9100251022184873,0.053860663263158706,0.011509993608926274,0.10841510108994014,0.0,0.06246780176427059,0.5538161157437217,26.052388635961275,0.40479510431187554,2681,1213887,1
0.034469838890970404,0.04040404040404041,0.02894356005788712,0.006155467919094187,0.0031400886613269082,1.2828143180266423,1.2889446571391072,0.9111907016898906,-0.015168835332875302,0.006209277868134915,0.0,0.00010982587791277484,0.040444554401077644,0.21633481910806418,26.052388635961275,0.47045611708702073,2669,1213887,2
0.023984526112185687,0.02092675635276532,0.0272654370489174,0.002133389708235205,0.001063198842449972,0.9579365561672482,1.0921220927536905,0.9104602264426642,-0.1411689405277767,0.0043781368820532485,0.035166873119873286,0.00029489290039482494,0.06773009505379088,0.16326281588810274,47.833130493992726,0.0,2585,3474202,0
0.14863842662632376,0.14779411764705883,0.14953271028037382,0.002146247625222462,0.0010877283345003238,1.074322135566617,1.0945303381696785,0.8756854607238436,-0.025039958413165225,0.004264666868550197,0.16582467229410708,0.0,0.0659240014909904,0.6064224520519668,47.833130493992726,0.48767411505634545,2644,3474202,1
0.024308152580403888,0.023065476190476192,0.02556390977443609,0.0021889279639968023,0.0010996042411661562,1.1493585586552306,1.134010245220869,0.836782741272944,0.00034058155058764737,8.89023641158765e-05,0.0,0.0,0.011976381602732795,0.1649899453695001,47.833130493992726,0.9386785824838271,2674,3474202,2
0.03173965447971073,0.030105777054515868,0.03333333333333333,0.0010432157680953544,0.0005068444362266908,1.2728825769268333,1.5598826784864372,0.9072772843092121,-0.22859398157817828,0.00227164092910039,0.05957615806091111,9.825101949493195e-05,0.07287494623407309,0.2030424844070133,62.39994656139702,0.0,2489,7016016,0
0.1503267973856209,0.13723916532905298,0.16236162361623616,0.0010766515647688986,0.0005295708623229776,0.92379826329202,0.969899683275452,0.911696880521094,-0.07432579806774309,0.0019656270994874085,0.08702859410240366,0.0,0.06306985806728263,0.6106575114311461,62.39994656139702,0.4434360944142769,2601,7016016,1
0.03741630563213864,0.040702314445331206,0.03421461897356143,0.0010558698728455724,0.0005170402328167615,0.7984200409651966,0.8882562625102927,0.8913266494147706,-0.13723847904903652,0.0004238325216344776,0.0,0.0,0.025281295563937805,0.23031797329523507,62.39994656139702,0.8480189065945363,2539,7016016,2
0.043580683156654886,0.04222048475371384,0.044952681388012616,0.001487234305576765,0.000740853858068457,1.0379735654923976,1.0790474850430585,0.8943972448616855,-0.03966138370789299,0.002954119894911974,0.11628395998006459,0.0,0.06590415132173111,0.2584752320305011,55.00834235186063,0.0,2547,4912632,0
0.2732219199378158,0.285829307568438,0.26145755071374904,0.0014981683074276277,0.0007485023407788904,1.1729621808783492,1.1337317482424973,0.925577918439847,0.023784839410444018,0.003925825843875454,0.1749676939749442,0.0,0.08513963383267485,0.8460499914744761,55.00834235186063,0.9400759454376583,2573,4912632,1
0.0548474314407107,0.057663125948406675,0.05192761605035405,0.0014964962039422467,0.0007529010244862955,0.8423939452743419,0.9530214257448507,0.9411545526286591,-0.14055328340952666,0.001935729967687926,0.08976651364042561,0.0,0.04670200410869267,0.30664207658766185,55.00834235186063,0.4007592743431424,2589,4912632,2
0.0348297213622291,0.034509803921568626,0.03514132925897632,0.003125949484950357,0.0015828832978858952,0.8696006643134392,0.9897937607414052,0.8885720051679608,-0.16799662462391646,0.007125158097805924,0.0392410127037783,0.00038964948980028263,0.07402615561035615,0.21806230564405338,39.57347226721466,0.0,2584,2331821,0
0.1529182879377432,0.15348837209302327,0.15234375,0.0031646868485391655,0.001574379636226414,1.172816144861209,1.1358203697755658,0.8766158817573956,0.024704112584147033,0.006368219305069222,0.12794900799953562,0.0,0.06662358327588844,0.617095393388105,39.57347226721466,0.47945400842058084,2570,2331821,1
0.031029065200314218,0.029508196721311476,0.032428355957767725,0.0031100073998206403,0.001559597959413699,1.1863366997914266,1.2318756048505952,0.8850905273285733,-0.0755989213867589,0.0033725781856309162,0.08128263233787043,0.0,0.04090706078444345,0.19952660419735374,39.57347226721466,0.38897679444985206,2546,2331821,2
0.043769716088328074,0.0410958904109589,0.04633204633204633,0.0004924797031214674,0.0002422281860194029,1.2951626459883452,1.5744444773575041,0.8602266940672567,-0.2519670541851099,0.0009795477520958844,0.01774868532753434,4.886017407645914e-05,0.06930207034553244,0.25931692301308473,78.07546369874544,0.0,2536,14953151,0
0.13270676691729325,0.1382419233658903,0.127163280662152,0.0004982610545879142,0.00025414657817907034,1.4713940751037309,1.1531718596417562,0.8947067814935845,0.19081131425877101,0.0010354996067810352,0.13702618291988614,0.0,0.06845154105159364,0.5648150477733761,78.07546369874544,0.41906388392986893,2660,14953151,1
0.035899333826794964,0.03579098067287044,0.03601532567049808,0.0005135821317354882,0.0002580805132879467,0.9637135368064934,1.119102324949646,0.7804030593464525,-0.1667598444852511,0.00022172977619484266,0.04717798483820662,0.0,0.024410733929843057,0.22316399759021296,78.07546369874544,0.743681260114798,2702,14953151,2
0.03134920634920635,0.03637770897832817,0.026058631921824105,0.011359105897175531,0.005550697471569195,0.9997864068394069,1.0503711744103137,0.8913569861987909,-0.051977121696583965,0.024903760397271765,0.019372467634462643,0.0017948613790344096,0.07161613517271272,0.20111357777149003,13.048627918033418,0.0,2520,649567,0
0.23933559833899584,0.2315018315018315,0.24766355140186916,0.01151761964793706,0.005828113552509125,1.2745696919620144,1.3139303334672041,0.8779976931737922,-0.052188933665598014,0.024391988014590568,0.2142345649987549,0.0,0.06954829340322564,0.7939336558176124,13.048627918033418,0.8937063225456447,2649,649567,1
0.030528375733855185,0.03266932270916335,0.02846153846153846,0.011294516949469237,0.005616483224191105,0.9804869751438142,0.9655690009230026,0.9147340900924613,0.013411905194973914,0.007320231920112332,0.09797393084536998,0.0,0.02881428097698098,0.1970347544306601,13.048627918033418,0.6674657850937056,2555,649567,2
0.041237113402061855,0.04766949152542373,0.034482758620689655,0.00026776967780452855,0.00013159987098499898,1.3594771506542382,1.3234467499689142,0.8968661148898448,0.010168833078948357,0.0005294210019064156,0.035773838508940156,2.0626528905495723e-05,0.06565007392492557,0.24793583772272643,91.11479810529013,0.0,1843,20000000,0
0.07692307692307693,0.06759656652360516,0.08643326039387308,0.0002670218574217607,0.00013190322419067975,0.9335900796217129,0.8461302261737109,0.8798583261788654,0.016549317619559363,0.00046898751143150476,0.0,5.921348018377205e-06,0.06182212755837976,0.39124356362925566,91.11479810529013,0.10590995311667799,1846,20000000,1
0.04008667388949079,0.03981797497155859,0.04033092037228542,0.00026935935545184834,0.00013185822597828483,1.0504026978706582,1.0668312841880416,0.8265692325048984,-0.04185642747370493,0.0002808137205078216,0.07932540616827292,0.0,0.04201849614024778,0.24268944459266772,91.11479810529013,0.5188877696146483,1846,20000000,2
0.05048076923076923,0.04522613065326633,0.055299539170506916,0.00018186631411555468,8.914735271650128e-05,1.3216319471791889,1.3350196420409572,0.8891094751273844,-0.0168551374092158,0.00032281306133341727,0.06198494135080354,0.0,0.08365300656093852,0.288435730427588,98.97730247154149,0.0,1248,20000000,0
0.17558402411454407,0.17352941176470588,0.1777434312210201,0.00018851827280687134,9.479490262020398e-05,0.8041081679234162,0.7598878429210516,0.8820881923741485,0.04201401989467407,0.0003963297915859317,0.23252175831019312,0.0,0.08210515054909766,0.670320617209301,98.97730247154149,0.561851951955277,1327,20000000,1
0.06568265682656826,0.060117302052785926,0.0713224368499257,0.00019137801673082487,9.6796271993381e-05,1.020849833136564,0.9595356609574491,0.9094094696273551,0.05705092502243092,0.0,0.5,0.0,0.024473504605942893,0.34960158334655533,98.97730247154149,0.9896360107811273,1355,20000000,2
0.0411631419939577,0.0397196261682243,0.04252199413489736,0.00042364852874669177,0.000212144724682534,1.126126239145607,1.0108376265096604,0.8854141418398536,0.07131544493501638,0.0008258137430116259,0.020163238318187126,4.1195241248002425e-05,0.06649941007606958,0.24759996986397673,81.75058101884972,0.0,2648,17829455,0
0.1848906560636183,0.17882919005613473,0.19085173501577288,0.0004112023344688213,0.00020155405792030514,1.4205117644355787,1.1641650334690667,0.8793228354092456,0.17806966408466757,0.0008512416362272756,0.2844620109278034,0.0,0.06989467452958494,0.6906598974988079,81.75058101884972,0.6431789074758042,2515,17829455,1
0.04181459566074951,0.04395604395604396,0.03965107057890563,0.0004196709500932081,0.00020310535671750336,0.9707229761566406,0.8214854907671592,0.8750774247305513,0.15143215599006737,0.0003006517741461792,0.11157825097452975,0.0,0.032343115818039225,0.25055106393243254,81.75058101884972,0.6675951472368288,2535,17829455,2
0.025321386832878847,0.02766798418972332,0.02304147465437788,0.0023557040359274413,0.0011669417715603515,0.8253886833559682,0.7247430120597782,0.8827026632504132,0.03915166418218516,0.00400028348776253,0.0,0.00034927529628109554,0.06288716641885145,0.1703565461345416,45.77099615431056,0.0,2567,3142585,0
0.15098634294385432,0.14369933677229182,0.15871774824081314,0.0023568272918780457,0.0011993430002684418,0.9704475009565036,0.9381876190116029,0.8948813568625535,0.030790297308882678,0.005291026964225826,0.23251465018925352,0.0,0.07471812469433917,0.6123031340211238,45.77099615431056,0.5337815359202046,2636,3142585,1
0.02320273868391023,0.02074391988555079,0.025995125913891144,0.0023620851460082353,0.0011953651297123486,1.0965446530071479,0.8633052630148882,0.8821828319603714,0.1894710526056773,0.000616915505957812,0.12490268818710662,0.0,0.021379781850021158,0.15906377446079567,45.77099615431056,0.7968557407689252,2629,3142585,2
0.025739531310026893,0.030232558139534883,0.021325209444021324,0.001180039419843238,0.0005940132681980175,0.8282668617884945,0.800719511622684,0.8733122922058996,0.024144254380897782,0.0023649449826552813,0.04681447962759648,0.00013122643921564597,0.0680522348432594,0.17255362014817388,60.06599934140815,0.0,2603,6258950,0
0.16582130316035895,0.17167721518987342,0.1601231716705158,0.0011976996135599036,0.0005848169383795072,1.1080869040548036,1.1825158421043969,0.918568195496993,-0.0973728711057367,0.0019735965405877423,0.21379081489097515,0.0,0.05978055815154876,0.6480558317144954,60.06599934140815,0.6010771037632885,2563,6258950,1
0.02997694081475788,0.02923076923076923,0.030721966205837174,0.0012081873858484208,0.0005935996181981857,1.1216481604166795,1.2424734228806673,0.8993295084247567,-0.1321642660535456,0.0011068364824330047,0.0,2.119363129546794e-05,0.04272131218547273,0.19427620397866818,60.06599934140815,0.5045025035758247,2602,6258950,2
0.047100038925652,0.04499612102404965,0.04921875,0.0029607916599832186,0.0014876342214936219,1.0041629673781218,0.9958349085330944,0.8931915268753967,-0.011818806685164884,0.005836522489511915,0.0370256633554111,0.00017395379474495097,0.06548710826757466,0.2739480100032545,40.735986564309826,0.0,2569,2467354,0
0.08991825613079019,0.08120649651972157,0.0987460815047022,0.0029650547123190965,0.001486577977351241,0.7596336414347962,0.6808094732927114,0.8885059406015096,0.08876281809596516,0.005778471419840081,0.11423504184037121,0.0,0.06654786363786507,0.4361969078155223,40.735986564309826,0.23314593101740627,2569,2467354,1
0.04803659931376287,0.056990881458966566,0.03902065799540933,0.003012885720045509,0.0015194768782309882,1.2879995225793455,1.4879062428384342,0.8912220080064911,-0.16610273593707148,0.0020123889018885625,0.05920442750919922,0.0,0.02936319675677898,0.2779972905632171,40.735986564309826,0.53084678625277,2623,2467354,2
0.028428736073761045,0.03197026022304833,0.0246422893481717,0.0030458224760215114,0.0015032756740773596,0.7558591126797874,0.6841769745194906,0.907022764341875,0.0835213334793547,0.005664814952128106,0.006373313415799284,0.00044803845236686786,0.06564954167986455,0.18644978405571716,40.78156344543499,0.0,2603,2473324,0
0.041315990818668706,0.04239212717638153,0.04021655065738593,0.0029989127930709755,0.001509271860047657,1.064601604931445,1.0674574065533995,0.8644245628221947,-0.0062524051489243615,0.006081190747616296,0.032717900119854496,0.0002611875660561979,0.06705384488496667,0.24829376139824985,40.78156344543499,0.07637542062816477,2614,2473324,1
0.02847113884555382,0.025437201907790145,0.03139356814701378,0.0029196229363823455,0.00147972192308447,1.0193412657502459,0.8282364771297087,0.8856938774802237,0.17953741135888837,0.0032334483314568367,0.022045552273011193,7.438458279947495e-05,0.04154621692097762,0.1866657749166486,40.78156344543499,0.48680428651595287,2564,2473324,2
0.0285821737495299,0.026646928201332347,0.03058103975535168,0.0028672805049243387,0.0014695641600990395,0.9897949526087101,0.764951118646344,0.9127419907838803,0.21088636856407356,0.00591512557041575,0.02220491145087016,0.0004159981771300628,0.06802878628704771,0.18723091956714225,41.708108027152555,0.0,2659,2585762,0
0.1322792132664867,0.12705882352941175,0.13732928679817905,0.002855481491830319,0.0014318823261102334,1.6542405856950764,1.8718956223490582,0.873347446747605,-0.16234859328815412,0.005577600073311768,0.12665427236352547,0.0,0.06665213511546575,0.5636559669303586,41.708108027152555,0.44201247587597553,2593,2585762,1
0.02691107644305772,0.02403846153846154,0.029635258358662615,0.0028493631176450124,0.0014158463243491883,0.8906657533641409,0.7018015821322362,0.8951594877560101,0.19693141833389827,0.0033559428447988903,0.04973350601010924,4.568889377737107e-05,0.04349463877016725,0.17865624179107806,41.708108027152555,0.4718924671247026,2564,2585762,2
0.03134674922600619,0.03310759969902182,0.02948207171314741,0.0058510379394928645,0.0029249529958695225,0.8427769359994828,0.952420667067095,0.8672057264412129,-0.1319027945298471,0.013717198819431306,0.0,0.0013193562181895507,0.07913229313358475,0.20110141615617366,26.87194833696285,0.0,2584,1262887,0
0.1980084258904634,0.20110410094637224,0.1950856291883842,0.005985619128640469,0.0029537802957626657,0.9574521435039439,0.9613732979935226,0.8841190663496175,-0.06467640738918468,0.012603986439148,0.21026377756938228,0.0,0.06921330635531259,0.7179270198517411,26.87194833696285,0.7206537338769782,2611,1262887,1
0.029654654654654656,0.025411061285500747,0.033936651583710405,0.005933678032388747,0.0030120652207095313,0.9160000169778315,0.9841251326117969,0.8778515358742318,-0.0759501684337747,0.00059928536745479,0.0,0.0,0.015288885414218138,0.19265700064711472,26.87194833696285,0.8942041970189538,2664,1262887,2
0.03732736095558044,0.04420289855072464,0.03002309468822171,0.012279036942019103,0.0063874834888678015,0.834111760282404,0.8933414510705094,0.912756419138176,-0.09222680015725314,0.024109423056157597,0.06551535396535103,0.0006090017204137428,0.06527067509213426,0.2299010935333624,11.376472749223188,0.0,2679,599606,0
0.18954996186117468,0.20296296296296296,0.17531446540880502,0.012356791949153552,0.006243882923623167,0.9977168011492116,0.8645357215706763,0.908685473352925,0.11864333528174068,0.03044965250329109,0.27807734219529673,0.0,0.07914940074431644,0.700529065103386,11.376472749223188,0.6633241936062245,2622,599606,1
0.03900445765230312,0.03582554517133956,0.04190340909090909,0.01255901165004188,0.006405619431965278,1.0635370614450246,1.1050693937088278,0.8996640904334832,-0.06240660919167659,0.005602329195793845,0.054259296294361374,0.0,0.023214410785031742,0.23770889686426658,11.376472749223188,0.7241634348824003,2692,599606,2
0.030627871362940276,0.03223330775134305,0.029029793735676088,0.015495843509299268,0.007667198947961675,1.1526808144392668,1.290743791121398,0.7746510448809915,-0.12979506363393598,0.02955491067871647,0.05682701657469187,0.0011406438010027617,0.063713511208497,0.19753089470739973,6.997037396935757,0.0,2612,485975,0
0.0944755804643715,0.08649959579628133,0.10229976209357652,0.015128210406820634,0.007346475426951389,0.6241064723459373,0.7586186217176267,0.8589694059091719,-0.22428128995499966,0.031907450834574344,0.06437060512031857,0.0,0.06930821940771961,0.45123486741485563,6.997037396935757,0.28156142189600075,2498,485975,1
0.029896512073591414,0.03250188964474679,0.027216174183514776,0.015425963608134653,0.007671814535574401,1.0959871314970617,1.29836856877836,0.8538461010189604,-0.21916040891288646,0.008051550419440754,0.0,0.0,0.02531718159486296,0.19387260524390024,6.997037396935757,0.7791751009441286,2609,485975,2
0.026963657678780773,0.026013771996939557,0.027955271565495207,0.009297516907053903,0.004649666946482497,1.3449770136686274,1.4201549130129063,0.8977737433097754,-0.07051246737994422,0.02080007551366809,0.01063231310334018,0.001811759932358271,0.07285670731415946,0.1789283419117607,17.035059310512402,0.0,2559,787137,0
0.04611837048424289,0.043377226955848176,0.04881769641495042,0.009374659944140157,0.004719068518988719,0.836790791265858,0.7461767171091238,0.8824950512670391,0.08406627788454125,0.019167972420364335,0.10541813820906851,0.0,0.06752112652952812,0.2696734255815282,17.035059310512402,0.0515778400541269,2602,787137,1
0.03411197626992955,0.03671071953010279,0.03146067415730337,0.009466237148035024,0.004897456663773348,0.8968140813593044,0.9934889734293235,0.889238802354749,-0.13624285504876316,0.004399817949754513,0.041259736682941806,0.0,0.023732988200139908,0.21461146108382823,17.035059310512402,0.7496434867206527,2697,787137,2
0.06019766397124888,0.06690140845070422,0.05321100917431193,0.00032208737189633744,0.00015900787088960904,1.0221792076659837,0.9735977728760622,0.912432315626601,0.03552435728368814,0.0005748064180034647,0.0,2.087511138295835e-05,0.07552086322789314,0.32822907206345875,86.96654364737401,0.0,2226,20000000,0
0.14965986394557823,0.162041181736795,0.13846153846153847,0.0003332097847081857,0.00016803375077908506,0.9155777626021966,1.077386719564117,0.8631448237664452,-0.17834890374713067,0.0006361091553732631,0.1520308069439992,0.0,0.07844716093784175,0.6089884591711846,86.96654364737401,0.4271309004481864,2352,20000000,1
0.048428207306711976,0.04666666666666667,0.05025996533795494,0.00033804979338465196,0.00016813209668866907,1.011934072937622,1.0794932030980726,0.8748925924312221,-0.0698562958299283,0.000425424022566864,0.1303279968540996,0.0,0.05658951873150214,0.27968219910322517,86.96654364737401,0.46869752064402914,2354,20000000,2
0.02674972517405643,0.02619760479041916,0.027279253409906678,0.006235726226073035,0.0032126291997268855,0.8880734461030193,0.864451914596428,0.8781081016430481,0.026356122892444794,0.013348370840885544,0.009406756853125491,0.0011536369315528297,0.07178898571843696,0.17782032073413556,26.049845603253896,0.0,2729,1214212,0
0.18032786885245902,0.17978395061728394,0.1808590806330068,0.006138044226391119,0.003086082040602627,1.20838117287888,1.0917393448684773,0.892144357605386,0.059224922510440196,0.012663829124197454,0.15568151555465656,0.0,0.06803421634102648,0.6807937753703206,26.049845603253896,0.6686419137654456,2623,1214212,1
0.023300229182582125,0.024849397590361446,0.021705426356589147,0.00610696186591282,0.0030811382087029796,0.8818058859116629,0.779586665301431,0.8599952948882097,0.09455263818171676,0.0026681719063656175,0.03466505915771824,0.0,0.024593882200629424,0.15958950109182896,26.049845603253896,0.7739769504129087,2618,1214212,2
0.02681694520015546,0.027237354085603113,0.026397515527950312,0.003574264460773909,0.0017906118492155895,0.6815176006163916,0.7975846018159461,0.9046981784595157,-0.17545976524083043,0.006311455702305491,0.02104703039612015,0.0004107947353143656,0.05979235794711255,0.17816874591686638,36.95235039907928,0.0,2573,2053887,0
0.10101010101010101,0.10446631339894019,0.09736632083000799,0.003557532349112879,0.0017916431748418217,1.55840077947419,1.246353622943896,0.7955397370411538,0.19353973683579315,0.006864359163646581,0.1474601074618137,0.0,0.06433015431774071,0.47218938467675076,36.95235039907928,0.2951254725364111,2574,2053887,1
0.02348993288590604,0.02932551319648094,0.017450682852807285,0.003685329257547095,0.001866676689091843,1.1752143644405597,1.2129555324522387,0.8702392865316326,-0.0467228958105983,0.0010213373050193505,0.0,0.0,0.018531889104325367,0.1606107713322494,36.95235039907928,0.8850077490106489,2682,2053887,2
0.027935069837674593,0.02742772424017791,0.02846153846153846,0.004868069278158782,0.0024633267464837846,1.0592277370415233,1.089756577696831,0.892232699706413,-0.0394571001564024,0.008583114906148024,0.03569821321283166,0.0004452419906204617,0.05971863622310964,0.1839282041630364,30.919143750579835,0.0,2649,1537017,0
0.06598984771573604,0.06811145510835913,0.06382978723404255,0.004739825694932655,0.0023815369049877437,1.574054321096506,1.4574760977855514,0.8947271790102406,0.03944854147102469,0.011124581984316565,0.094167550282276,0.0,0.07590217736380651,0.35077711767807895,30.919143750579835,0.141927497858382,2561,1537017,1
0.029423151374370887,0.0359375,0.023023791250959325,0.0047424661381965235,0.0024023906716928063,0.9828710064813474,1.0534721487625633,0.8615516264296534,-0.10661145107735355,0.005584188161131337,0.0,0.00027533244082562035,0.04348630005024138,0.1914906903818801,30.919143750579835,0.46491472900187936,2583,1537017,2
0.028393621159082068,0.026148969889064975,0.030557677616501147,0.007571572959759308,0.003776972075968409,1.0149180908960562,0.9795425612497324,0.911778007065065,0.026059570954291768,0.01651405906528702,0.0364355698085366,0.0010386171035770332,0.07130170888553944,0.18627084493287083,21.406016142838315,0.0,2571,971645,0
0.054600992745322645,0.05703125,0.05227781926811053,0.007640293624666352,0.003847323399923318,0.8127313926943898,0.7298355469577588,0.871517965528086,0.07289476468953235,0.015200327572249612,0.08528183738587289,0.0,0.06599221897933888,0.3056290939443995,21.406016142838315,0.12140263279224472,2619,971645,1
0.0310463779225757,0.03139717425431711,0.030711610486891385,0.007648672730320326,0.0038360990298742276,0.8759062970585175,1.0477793401684021,0.8766175508719363,-0.19679188900474862,0.0064762783910991915,0.022586771019191477,0.0,0.03431865240591868,0.19961255054019228,21.406016142838315,0.5222168833465333,2609,971645,2
0.03969754253308128,0.033460076045627375,0.04586466165413534,0.011100575498974368,0.005610743778862451,0.7618182594682164,0.8630726797862519,0.87454046397905,-0.13775811202880886,0.0214637870549053,0.0313751289331744,0.0009148334187102486,0.06444229493462898,0.2409037103019006,13.791950090441452,0.0,2645,673270,0
0.15847201210287443,0.15444015444015444,0.16234247590808007,0.011021888988076937,0.005606362925062605,2.3112063676826513,2.7397967560007106,0.8900601953251097,-0.19722307848793585,0.021685526971336848,0.2118086787885273,0.0,0.06703957510546418,0.6306415591366532,13.791950090441452,0.4655056288964578,2644,673270,1
0.04069329314242653,0.0382262996941896,0.04309063893016345,0.011240549886429129,0.005623453232532122,1.374407550854039,1.5583019497913078,0.8137442648471322,-0.17277467129663332,0.0049712406929855735,0.10895680783648194,0.0,0.02310851063676169,0.2454619325493524,13.791950090441452,0.7830355197327659,2654,673270,2
0.03387894937190712,0.02725208175624527,0.04058192955589587,0.0007125829045715754,0.000359093667813069,1.2577150090770906,1.421155086391553,0.892561426282046,-0.14089862260075892,0.0013729150014833455,0.0762124895863658,3.1841846004741016e-05,0.06425104679388001,0.21348626305341256,70.71860608265003,0.0,2627,10453588,0
0.2244735796583234,0.220873786407767,0.22794691647150664,0.0007081052848590204,0.00034387439745131284,0.9178008504239263,0.9921281467474055,0.9010859601841998,-0.1262983527821026,0.0013297106206913783,0.19963355882713787,0.0,0.06786877530232346,0.768252405293401,70.71860608265003,0.7878210288557381,2517,10453588,1
0.030210325047801148,0.031297709923664124,0.029118773946360154,0.0007133010567564718,0.00035719690988475174,1.1607075908215148,1.2844082552253262,0.8385016759563866,-0.11681842370516464,0.001050364245939562,0.045251158662831616,2.9473941300127342e-05,0.05659388308222871,0.195445533413643,70.71860608265003,0.3657140764083836,2615,10453588,2
0.030165912518853696,0.022026431718061675,0.03875968992248062,0.002041982368320745,0.0010464419788959642,0.8404037631852807,1.0424084361105697,0.9051369687424178,-0.25687286117537894,0.004668872697312514,0.07700700427179402,0.00017870999899477987,0.074222475913651,0.19522321973609094,48.76597273186351,0.0,2652,3621388,0
0.18851195065535853,0.18869365928189458,0.18832684824902723,0.002056851793847749,0.0010232975744612696,1.2150389359500566,1.1921784701046014,0.9011180873196342,0.013838843215368421,0.004481989274226745,0.18013289650978465,0.0,0.0712460697425952,0.69834817652452,48.76597273186351,0.7117077903114881,2594,3621388,1
0.03248259860788863,0.029850746268656716,0.035034272658035034,0.002050599873445087,0.0010201714645496334,0.7125682823834381,0.620467018174611,0.8658571054538005,0.10737921465067939,0.0021610726162947054,0.050850033458526685,0.0,0.04170593793365313,0.20669311005143873,48.76597273186351,0.3501579609443346,2586,3621388,2
0.03610794374762448,0.030792917628945343,0.04129129129129129,0.004102368178149253,0.002059795930669978,1.081425112012487,1.080017787393621,0.9089093437429401,-0.0029799428522176486,0.008176771178355446,0.007378856892214996,0.0005770454188934006,0.06935177075157306,0.224153395870193,34.47552703704253,0.0,2631,1823922,0
0.061016949152542375,0.05740181268882175,0.06461307287753569,0.004112328447364938,0.002079663243381697,1.0860747010546266,1.13036776448051,0.8852804458051688,-0.07411146544487288,0.009096394109712733,0.04217535027654604,0.00017872648797188353,0.07215872222290072,0.3314686695997569,34.47552703704253,0.12246654193899997,2655,1823922,1
0.04466966966966967,0.04607250755287009,0.04328358208955224,0.0041396785449616825,0.002084707683133823,0.9087280484200584,0.8772950443375355,0.90975039279358,0.03231026114241553,0.0029705885286760393,0.055382713451364744,0.0,0.030739639698892703,0.2633072658758316,34.47552703704253,0.6217708715911057,2664,1823922,2
0.038055764883195176,0.044294294294294295,0.03177004538577912,0.0005774847201019119,0.0002901087350275363,1.2156794153692108,0.8976223224302774,0.8651928904634278,0.2525374249028546,0.0011621518720987282,0.019064347242811197,6.690450496160674e-05,0.0682510452901498,0.23330580519562455,75.28680242718279,0.0,2654,13069256,0
0.2547244094488189,0.23971518987341772,0.26959247648902823,0.000560134021217986,0.0002776078856377921,0.8911745113752512,0.8444093595857352,0.8974615595548409,0.048395381014285206,0.0011571626039927245,0.3110274735270689,0.0,0.07145625471645715,0.8186806235665101,75.28680242718279,0.9390671717462995,2540,13069256,1
0.03493613824192337,0.03840245775729647,0.03161764705882353,0.0005725622987999251,0.00029092590941122366,0.8624992393357118,0.837991792382337,0.9033617033928113,0.023269566708389876,0.0,0.5,0.0,0.008697655332815465,0.2185720543516943,75.28680242718279,0.9953089562232444,2662,13069256,2
0.03092006033182504,0.026785714285714284,0.035168195718654434,0.008151262070765445,0.004119906043771672,0.8263446514586404,0.9035462168262715,0.8757470541962012,-0.1009844861024329,0.016259809737843873,0.03969071428943625,0.0008436669548390445,0.06613813358722637,0.19898513565275713,20.254447540968624,0.0,2652,918750,0
0.222441722639273,0.2269108280254777,0.21803921568627452,0.007936643582863188,0.003932585142565922,1.2977886824550755,1.0902464585066027,0.9043628312934103,0.1304349016512936,0.01533538068981472,0.2352810230860977,0.0,0.0644048967930137,0.764601020633484,20.254447540968624,0.8445245073832862,2531,918750,1
0.031383184812088336,0.02917981072555205,0.03351104341203351,0.008173992830649363,0.0040139032526457395,0.8377396001054902,0.7679986503691563,0.8618706941096214,0.0777561434516732,0.008143271239775596,0.07487202163020865,0.0,0.038462863232055305,0.20128172593617133,20.254447540968624,0.5550473481379554,2581,918750,2
0.03334582240539528,0.031386861313868614,0.03541185527328714,0.0017595851703487305,0.0008933484534260533,0.7453328351446593,0.7517937374685698,0.8575649642724666,-0.01701230579402978,0.003458322505290999,0.061295744365141396,0.00011641381830645238,0.06695285341013467,0.21090296850187656,52.16611780795558,0.0,2669,4267002,0
0.08307453416149069,0.07621247113163972,0.09005481597494126,0.001746049546164365,0.0008623128126762662,0.8340689247356572,0.9805096706289382,0.8541029326485707,-0.18370784918081734,0.003512446816298203,0.08910089913872798,0.0,0.06988947093199716,0.41292091919927115,52.16611780795558,0.17172520632113264,2576,4267002,1
0.030418250950570342,0.03028009084027252,0.030557677616501147,0.0017585514250728852,0.0008806150510170769,1.0233733282885316,0.9935630056577148,0.8669433619047828,0.0020916581939350843,0.0016929920602668012,0.054479048187615224,0.0,0.03916623277633685,0.19648504861166066,52.16611780795558,0.4604736119029021,2630,4267002,2
0.04474187380497132,0.04758190327613104,0.042010502625656414,0.0004235652630224634,0.00021001576844970456,1.4086379835624878,1.3998858923519495,0.8530531626103214,-0.04387676701615687,0.001014238987829981,0.0456751034175125,4.218160644254521e-05,0.08047415059585511,0.2636262213110013,81.72662305565427,0.0,2615,17785737,0
0.06268882175226587,0.0637329286798179,0.061654135338345864,0.0004155657734438853,0.00021268228992644148,0.9929135952973143,1.0292989960222865,0.8833629321059139,-0.05805477672962633,0.000810074161234843,0.06572436302065864,0.0,0.06653616917595141,0.3380273340250672,81.72662305565427,0.08080954215624181,2648,17785737,1
0.04897801774006942,0.05830670926517572,0.040268456375838924,0.0004173655564716085,0.00020832124887986154,0.8014428347277623,0.8487960800204479,0.8872169784556002,-0.0827348168259637,0.0001177329497457538,0.09074175027638402,0.0,0.020317973609935206,0.2820396858562,81.72662305565427,0.8485562291737041,2593,17785737,2
0.02857142857142857,0.029940119760479042,0.027190332326283987,0.0007469091541185929,0.0003802446602785564,0.9611303537738844,1.1012686312760411,0.8780347481828532,-0.16330866883051232,0.0014365235689777747,0.03554447974271026,8.080621496136254e-05,0.06415727746026316,0.18717625687320816,69.70656789896175,0.0,2660,9992651,0
0.19081272084805653,0.20318725099601595,0.17879256965944273,0.000730856799828175,0.0003642129268562633,1.2666267543541332,1.3201229508494707,0.8970439681674083,-0.06372129703196192,0.0014229594079596672,0.24295970704144607,0.0,0.06481369505931377,0.7031685163618207,69.70656789896175,0.7148325632162763,2547,9992651,1
0.021596606247589665,0.023882896764252697,0.019305019305019305,0.0007389116085029299,0.00037067088428092423,1.1261606709038154,1.0307187300214042,0.9251611385902876,0.07633279493756896,0.0003649034069439118,0.0,0.0,0.027851029740438626,0.15031355813233835,69.70656789896175,0.710847989792355,2593,9992651,2
0.0428842504743833,0.039735099337748346,0.04623824451410658,0.0006451555299010947,0.00031793245208329614,1.0988827944401265,1.1885194866016564,0.8693828037044036,-0.10079707569137883,0.001263132891754753,0.021042319093329594,5.946572423733216e-05,0.0667188465377341,0.25536357293797857,73.25572971997364,0.0,2635,11841815,0
0.12381703470031545,0.11372867587327376,0.13333333333333333,0.0006200449930703337,0.0003059210316004604,0.9431516839086823,0.7880389478953477,0.8954706865856847,0.15890966129809647,0.0010679678218141868,0.14382094353722535,0.0,0.06025632454569726,0.54023418532926,73.25572971997364,0.3662124788897877,2536,11841815,1
0.040832351786415394,0.04361132364192808,0.03790322580645161,0.0006269438969640984,0.00030720009726193894,1.0663140364723431,0.9494182187100776,0.9100750621611248,0.1072780473214292,0.0003414640258880286,0.1154815766384975,0.0,0.025946355936085144,0.24609556194063337,73.25572971997364,0.743206354444137,2547,11841815,2
0.03940694498634413,0.03656597774244833,0.0421455938697318,0.0005536650841179404,0.00027268324569451987,1.3188613199725003,1.4135671288169345,0.8349407828257258,-0.08434603487474461,0.0010581560880806326,0.046759995308363944,3.341718741877022e-05,0.06546808590912216,0.23956641557301905,75.82978835606552,0.0,2563,13426630,0
0.2395713738997321,0.23182861514919664,0.2473200612557427,0.0005535406383104603,0.0002780472295088875,0.9138993460905869,1.0748107248906786,0.891648872852578,-0.20753225705843595,0.0011907167771382223,0.24443808796901295,0.0,0.07211638898854358,0.794326762310869,75.82978835606552,0.7942756450046945,2613,13426630,1
0.04153846153846154,0.044832826747720364,0.0381619937694704,0.0005597731279952119,0.0002766939415945914,0.7650560840428868,0.7266555604159456,0.8852477634255648,0.047749466069614346,0.0005214350413385296,0.051931821819816426,0.0,0.036668780148924246,0.24930205177371406,75.82978835606552,0.45502770412376004,2600,13426630,2
0.033256880733944956,0.036237471087124135,0.030326004548900682,0.0025160993649131417,0.0012636045188352425,1.0678345864517376,1.1973739844814268,0.9003107319643281,-0.14354219182467592,0.004890095832268561,0.08014883351051391,0.00011073292827597366,0.0647180248830819,0.21047076409702387,44.54222383539641,0.0,2616,2957243,0
0.08058326937835764,0.08417770849571317,0.07709750566893424,0.0024977728634578197,0.0012583019683299976,1.3556615062699462,1.45780668163503,0.8769175972757344,-0.10783364250375388,0.004484399967980457,0.0885991387489503,0.0,0.06559017111187863,0.4042310490624491,44.54222383539641,0.19778784774441066,2606,2957243,1
0.031010719754977028,0.03488372093023256,0.02723146747352496,0.002553121595737229,0.001261826605121219,1.0191889975057598,1.0482708427160075,0.8728663611895737,-0.03999643563604772,0.0037915834189323596,0.07074935985961171,4.486319636111706e-05,0.052011606314628755,0.1994355153650387,44.54222383539641,0.34769707079640727,2612,2957243,2
0.026039642440730666,0.030557677616501147,0.021360759493670885,0.014307256507462266,0.007252279549586369,1.1232944981747275,0.9737980214161552,0.8905336867170346,0.12623949439514756,0.03171388973085238,0.010646982584146095,0.002789533074908191,0.07228755564825179,0.17412429662643372,7.853145010792706,0.0,2573,506440,0
0.2688976377952756,0.2773837667454689,0.26042486231313927,0.014555316984970054,0.007175952084981354,0.9063113586447171,0.7244365023646775,0.861146675785317,0.19645647062079685,0.03145777625625287,0.2472207798029957,0.0,0.07075281853856948,0.8398783646035408,7.853145010792706,0.9689213816621807,2540,506440,1
0.03044496487119438,0.027195027195027196,0.03372549019607843,0.014673036356868098,0.007225123802862977,0.7837741962557122,0.84821508177169,0.8759770953408783,-0.0973267316712081,0.017641799526999093,0.04094918355511905,0.00021395390070173955,0.044174819857864034,0.1966184499236407,7.853145010792706,0.4394391011430193,2562,506440,2
0.0372199012533232,0.0338849487785658,0.04032258064516129,0.00039186360001127666,0.0001953382920919522,0.9331546145123294,0.8785456880200118,0.8632611354935079,0.03205882427099412,0.000634402233888801,0.0,3.937948902272601e-05,0.07032237355848658,0.22939701092026635,83.55576225923242,0.0,2633,19257629,0
0.18100224382946897,0.1834504293520687,0.17875089734386218,0.000396763996111431,0.0001983449103761388,1.2065538321432216,1.227707037235773,0.8945732540938682,-0.023356749060556348,0.0008050270588687824,0.2127154382337967,0.0,0.07188823614721178,0.6822646793488513,83.55576225923242,0.6239960738971054,2674,19257629,1
0.03404743687834736,0.031931464174454825,0.03609022556390978,0.0003927921199446931,0.00019391097290565208,0.9824975226342322,0.8067619233303122,0.8698096728696815,0.1653207589481834,0.00017088096976489351,0.26695015423903273,0.0,0.026144586893054416,0.21430006371223845,83.55576225923242,0.9141086784041055,2614,19257629,2
0.03745610612563402,0.04,0.034733441033925685,0.0007889151452421254,0.0003923146133596366,0.808549086011951,0.8030148324207671,0.8926723092944873,-0.009345620539210921,0.0016321174694325909,0.046611828891184134,6.556910059065166e-05,0.07318606188451908,0.23050441377552802,68.41681338045241,0.0,2563,9331143,0
0.062406015037593986,0.057926829268292686,0.06676557863501484,0.0007965748201504948,0.0004073219956940246,0.9683422580453819,0.9561253361129811,0.8810473498267097,-0.0035114369125679896,0.0016883151079587352,0.08715890001053983,0.0,0.07453190268981477,0.3369227688551735,68.41681338045241,0.11347045282679674,2660,9331143,1
0.03429878048780488,0.037347560975609755,0.03125,0.0008101819241996793,0.0004017987845586767,0.7766529656582974,0.7076599319501177,0.8975771730616582,0.07532455717912523,0.0003797875832737444,0.4223939159880855,0.0,0.025461202940031284,0.21551174965143663,68.41681338045241,0.805878167067217,2624,9331143,2
0.0239105283455457,0.024720893141945772,0.02315160567587752,0.006664712407522434,0.003348498212111155,0.5770115286253928,0.5572808197099127,0.9283758653809417,0.022584995497042414,0.013156790979042775,0.03833891118844106,0.0008333287525440851,0.06556544614216742,0.16286700104375834,24.07333838664837,0.0,2593,1105033,0
0.22156862745098038,0.22708840227088403,0.2164009111617312,0.006579636355173658,0.003296929201354456,1.006942899994638,1.0265506948803034,0.9177865838430392,-0.02194178705096346,0.01730235829643886,0.2616608744428442,0.0,0.08373588285062838,0.7630214446653865,24.07333838664837,0.8438611029099453,2550,1105033,1
0.036618620958317104,0.04072043852779953,0.03255813953488372,0.006718270019590641,0.0033216100039077765,0.965354098137121,0.9647137083414808,0.8442962104661437,-0.0015702341899282812,0.0044917636300054065,0.03642016444822322,0.0,0.02938154316316175,0.22656785058943701,24.07333838664837,0.6799234274165475,2567,1105033,2
0.034324942791762014,0.03886397608370702,0.029595015576323987,0.0009783768399910173,0.0004919087391095777,0.7806952676565825,0.7718134403795881,0.8487347591148122,0.010557720995832381,0.002060612001082177,0.054760331237081086,8.35943712204412e-05,0.06922556526111807,0.21563771533913406,64.07029466430953,0.0,2622,7613224,0
0.2529934337582078,0.24358974358974358,0.26286619160728425,0.0009762658385200388,0.00048578747951727474,0.9728554494471892,0.9737716871277563,0.8988609155731245,-0.03171412821063124,0.0017862637384043433,0.24330339208445514,0.0,0.06650964517436309,0.815988222527974,64.07029466430953,0.9575430565121487,2589,7613224,1
0.022011385199240986,0.019508670520231215,0.02478017585931255,0.0009953773587206784,0.0004944051536718167,0.9081146822849786,0.9989925557536848,0.8762315764177593,-0.11311705261619048,0.0005846717759666064,0.06943731694604757,0.0,0.02713091345156659,0.1525896496935943,64.07029466430953,0.6628946001095588,2635,7613224,2
0.02738184546136534,0.028679245283018868,0.02609992542878449,0.012852938527413517,0.006489760248879628,1.2243147073478893,1.1059518175035585,0.9085685052882637,0.09187276649514074,0.02417134398745855,0.024321824058259577,0.0015773475169061787,0.06297427481304925,0.18108701273307135,10.931728381893723,0.0,2666,587116,0
0.12366818873668188,0.13043478260869565,0.11669242658423493,0.01281514955466808,0.006391765615803324,0.8183871098194305,0.8034571983817403,0.9242377697869942,0.013213335139303142,0.02783561433326919,0.17954080671612804,0.0,0.07105298327949859,0.5398138424823128,10.931728381893723,0.411390703399826,2628,587116,1
0.02844311377245509,0.027210884353741496,0.029651593773165306,0.012987139327198086,0.006498433760725334,0.8171232626264113,0.9226331668749248,0.8777593416485459,-0.1329815250653943,0.019051464642314102,0.058200423033592734,0.0004455222735790529,0.051509137174574025,0.1865230315655657,10.931728381893723,0.3378347730250054,2672,587116,2
0.03272302298402805,0.03789636504253674,0.027472527472527472,0.0008623593747379841,0.0004261987899407788,1.3046331784851701,1.3531474306648184,0.8727431187153261,-0.0784108214904735,0.0019388347100308125,0.0368933209222566,0.00011297629678849845,0.07481579828262411,0.20786903609917695,66.74446624335216,0.0,2567,8600574,0
0.0998829496683574,0.10952380952380952,0.09056024558710668,0.0008582413510217091,0.00042571561499296314,1.0137984389244423,1.0583846937532582,0.8516512992122791,-0.04441525911199943,0.0020066970796278746,0.18812160250692894,0.0,0.07897118334971134,0.46862444296709804,66.74446624335216,0.3380281477720813,2563,8600574,1
0.025235404896421846,0.02539208364451083,0.02507598784194529,0.000859005487269243,0.0004410480697543686,0.9343117567203633,1.1082691834961698,0.8607649257965768,-0.20716278600022944,0.00045917067659004377,0.08974677034136846,0.0,0.030634812627035442,0.16990350609932003,66.74446624335216,0.6973409193275433,2655,8600574,2
0.03230890464933018,0.03926096997690531,0.025020177562550445,0.003103802007835514,0.001518983705338707,1.1859256569086303,1.1877040211161163,0.8868551711749981,-0.02600044428651402,0.00710214623407402,0.040350075579941205,0.0004077588931709349,0.07427145877482423,0.205841915461341,40.059516327544706,0.0,2538,2388618,0
0.10346153846153847,0.10530482977038796,0.10172026925953627,0.003140417956730424,0.0015552546071426862,1.2390564339886365,1.1932485930869265,0.8849550131966135,0.023359678554906903,0.006821111284090167,0.07107894956020405,0.0,0.07105167348864319,0.47987334157461725,40.059516327544706,0.35405992237607203,2600,2388618,1
0.0356330553449583,0.039700374531835204,0.031465848042977744,0.0031430362663552743,0.0015780985288628118,0.8979809121370079,0.8506421987881791,0.8803121125947456,0.0326662914944183,0.00293238894914062,0.04541918280565155,0.0,0.03670947574757032,0.22189845110859627,40.059516327544706,0.3527744658093245,2638,2388618,2
0.029225908372827805,0.030540328895849646,0.027888446215139442,0.0023288715366926904,0.0011619118681587964,0.830539332872702,0.920292516960016,0.845032141133563,-0.10882189792328469,0.00423361365715774,0.03589305397984103,0.00021781619423692794,0.061235729112890304,0.19049484757504564,45.60422905146753,0.0,2532,3114898,0
0.12088752869166029,0.11492537313432835,0.1271585557299843,0.002371815982673038,0.001198980270490683,0.7896246867194634,0.7870012939639908,0.8800838771821304,-0.001325131534317521,0.005603089809385801,0.12938117136234809,0.0,0.07632674322657411,0.5319066697339441,45.60422905146753,0.3779013050292209,2614,3114898,1
0.03003120124804992,0.025296442687747035,0.03464203233256351,0.0023764578902024185,0.001175619917128883,0.9221845103584916,0.9144934931855937,0.9108437857551657,-0.01411914479335487,0.0033193691771516,0.016384569743427783,0.00015146383026328055,0.04956409356207779,0.19454830641712087,45.60422905146753,0.3380918642986521,2564,3114898,2
0.0321955003878976,0.036265432098765434,0.028081123244929798,0.019336812109100328,0.009540727582250842,0.9854403632375932,0.8500207638866611,0.8661441085222709,0.136018892496976,0.041225995315025805,0.04691734892872788,0.0020285948297456583,0.06994180381776974,0.20528542234837377,2.2435754835889887,0.0,2578,387026,0
0.23300970873786409,0.24015151515151514,0.2254980079681275,0.019274317875030426,0.009497008903215337,1.1481276262450446,0.9376021955760876,0.882646828515082,0.17933581647978467,0.03481976840418431,0.29974106791516053,0.0,0.060921287138586924,0.7832211182191515,2.2435754835889887,0.901874245596559,2575,387026,1
0.037065052950075644,0.03469545104086353,0.03934669636228656,0.019640176038542553,0.009753686221995964,1.2045309368553756,1.732731720701021,0.7619856242273308,-0.4556637090128682,0.015345334255775011,0.10148683526447976,0.0,0.03250612624826914,0.22866981519296115,2.2435754835889887,0.6365455431173525,2644,387026,2
0.045181927229108354,0.046948356807511735,0.04333605887162715,0.0038405371132381703,0.0018492844282265429,0.9447724831489163,0.9476801659970974,0.9116708341846227,-0.010058899265324727,0.008419150305933766,0.055871351744444825,0.00023952388254232346,0.07325202815915466,0.2655663240549121,35.705879221173205,0.0,2501,1932735,0
0.22869599682917163,0.23197492163009403,0.22534081796311148,0.003809849248015195,0.0018660938949218281,1.246116611826839,1.4906663222505292,0.8697836013805464,-0.20723598151017045,0.007836998687541025,0.2943936219192289,0.0,0.06952234297721636,0.7757311979392467,35.705879221173205,0.8587889341385387,2523,1932735,1
0.04312354312354312,0.041181041181041184,0.045066045066045064,0.0038363237534905074,0.0019030058472701034,1.177990793234604,1.3816154612965323,0.9193964031217945,-0.1841341771038445,0.0019918139748782825,0.25579591842840826,0.0,0.02524097945317409,0.2564346409985563,35.705879221173205,0.7108781869587288,2574,1932735,2
0.0381372942593336,0.037480063795853266,0.038803556992724336,0.010788575642212847,0.005339626847755256,1.035763718572402,0.7921107150072275,0.8917093105551892,0.23195917050343517,0.02463374319818294,0.08358294264406645,0.0006033897549825294,0.07413589634904567,0.23368558214875693,13.54829742206256,0.0,2491,665764,0
0.13245283018867923,0.14285714285714285,0.12250922509225093,0.011202486007622841,0.005687085808467534,1.0235377299486172,1.061277343072272,0.9129206706095676,-0.07513175337176468,0.02220655027681608,0.160412033992591,0.0,0.06579245330975156,0.5641269121764156,13.54829742206256,0.41163676869173627,2650,665764,1
0.030349013657056147,0.03420669577874818,0.026148969889064975,0.011259665709219402,0.005658813881697301,0.8061447870341154,0.9366145862594609,0.8158224192358154,-0.2002888013605013,0.010225577499537621,0.06867913113236511,0.0,0.036021563998607925,0.19613913576241182,13.54829742206256,0.4866501045245771,2636,665764,2
0.03891509433962264,0.042173560421735604,0.03585049580472922,0.011429833090983702,0.005673657635797569,1.0546454901128086,0.8558943779174264,0.9244770466830976,0.15665807262006223,0.02654863668351228,0.05658501422493784,0.0010512475896887082,0.07522880213198316,0.23729563266419262,12.727589619281442,0.0,2544,640065,0
0.05134099616858238,0.060178306092124816,0.041930379746835444,0.011564139778943843,0.005827844144244725,1.2879374921167095,1.189732987953292,0.8762826111831673,0.06754713492630163,0.024186638080626835,0.05908419080535833,0.00036858137561141674,0.06881999293082479,0.2920663308534687,12.727589619281442,0.052142727322735505,2610,640065,1
0.04354648881914476,0.04021655065738593,0.046974522292993634,0.011351922999692106,0.00568711708455487,0.9698876815758967,0.7518003518900371,0.8785871706904274,0.22234333514223054,0.006977578705822893,0.0,0.0,0.027886833588274363,0.2583228458382321,12.727589619281442,0.7216285515560601,2549,640065,2
0.03887605850654349,0.030139103554868624,0.04754601226993865,0.01708086916074158,0.008631802777593196,1.166124129444596,0.9855781231232231,0.8924281965371577,0.12594277987312735,0.03912390598814648,0.03383703051824606,0.0021004106985037093,0.07433525414576633,0.23711501326902154,4.440098772254164,0.0,2598,429965,0
0.16183385579937304,0.15772870662460567,0.1658878504672897,0.017083437318026785,0.008491806006155895,1.0247378437635246,1.077690046005826,0.911842582039843,-0.06439040139898816,0.0316090756147876,0.22779545371404203,0.0,0.06213357460079429,0.6386787253784036,4.440098772254164,0.49675977801703836,2552,429965,1
0.030710172744721688,0.03412462908011869,0.027048528241845664,0.01722387049242349,0.00864512189455938,1.3742263344078158,1.31685621519355,0.8445385225299612,0.03201329835148029,0.021743767774173015,0.02257002666488668,0.0006468741661081645,0.045840370444670216,0.19794093136147495,4.440098772254164,0.38571958259955164,2605,429965,2
0.04405458089668616,0.04899598393574297,0.03939393939393939,0.006532591748620772,0.003204455504917246,0.969489448507084,0.9904423325289993,0.9217898758890877,-0.026735067423777285,0.012395200033281635,0.0820759675764225,4.868045711944554e-05,0.06344078189808047,0.26058299146022046,24.77697827472004,0.0,2565,1143110,0
0.1519663993890798,0.15199398043641835,0.15193798449612403,0.006509840951046296,0.0032711576075959803,1.6397687779138543,1.5651320785617397,0.8636040809483856,0.040258282256921046,0.014068428144582753,0.20702280872509968,0.0,0.07074852183512509,0.6147394215524992,24.77697827472004,0.4742922634409526,2619,1143110,1
0.03260015710919089,0.03881987577639751,0.026232114467408585,0.006522200977267899,0.0031817443357202665,1.1367469211997736,1.1412371552988465,0.9020336007921831,-0.01430576461925468,0.0006481794303981243,0.5,0.0,0.0136051574184628,0.20726842413437607,24.77697827472004,0.9401993628509566,2546,1143110,2
