qber_key,qber_zs,qber_zsr,ret_monitor,qber_zc,qber_xc,asymmetry,ctrl_sift_ratio,xctrl_dispersion,jump_energy,spectral_entropy,autocorr_lag1,h_ctrl,sifted_rate,distance_km,eve_fwd,eve_ret,label
0.0,0.0,0.0,0.0,0.0,0.0,0.0,0.0,nan,0.0,nan,0.0,3.4661976109059578e-09,0.27586206896551724,3.682039832441604,0.0,0.0,0
0.16666666666666666,0.16666666666666666,0.0,0.0,0.16666666666666666,0.0,0.16666666666666666,0.5,nan,0.0,nan,0.0,0.41381685030363374,0.2857142857142857,3.682039832441604,0.1388990768809455,0.1388990768809455,1
0.1111111111111111,0.0,0.1111111111111111,0.0,0.0,0.0,0.1111111111111111,0.0,nan,0.0,nan,0.0,3.4661976109059578e-09,0.45,3.682039832441604,0.18163764869607177,0.4917608336475189,2
0.375,0.25,0.125,0.0,0.14285714285714285,0.0,0.125,0.2857142857142857,nan,0.0,0.0,0.0,0.37123232664087563,0.23529411764705882,0.8181295702938524,0.0,0.0,0
0.2727272727272727,0.18181818181818182,0.09090909090909091,0.0,0.0,0.09090909090909091,0.09090909090909091,0.25,0.9999999999999997,2.0,1.0,-0.1111111111111111,0.26676498780302604,0.2972972972972973,0.8181295702938524,0.1757883461190337,0.1757883461190337,1
0.2222222222222222,0.1111111111111111,0.1111111111111111,0.0,0.125,0.0,0.0,0.5625,nan,0.0,nan,0.0,0.3372900666170139,0.3103448275862069,0.8181295702938524,0.15707757021071622,0.33937013247456355,2
0.0,0.0,0.0,0.0,0.0,0.14285714285714285,0.0,71428571.42857142,1.0000000000000004,1.0,nan,0.0,0.37123232664087563,0.325,0.013300919570333747,0.0,0.0,0
0.08333333333333333,0.0,0.08333333333333333,0.0,0.1111111111111111,0.125,0.08333333333333333,118055555.55555555,1.0,1.0,1.0,0.0,0.52374567143314,0.3157894736842105,0.013300919570333747,0.10548358659970614,0.10548358659970614,1
0.16666666666666666,0.0,0.16666666666666666,0.2,0.1111111111111111,0.25,0.16666666666666666,180555555.55555555,1.0,4.0,0.7984806893213606,0.08333333333333333,0.6812908868842176,0.3157894736842105,0.013300919570333747,0.08817389610658422,0.4236682957559731,2
0.2222222222222222,0.2222222222222222,0.0,0.0,0.0,0.0,0.2222222222222222,0.0,nan,0.0,nan,nan,3.4661976109059578e-09,0.3333333333333333,3.682849928141491,0.0,0.0,0
0.16666666666666666,0.16666666666666666,0.0,0.2,0.0,0.2222222222222222,0.16666666666666666,0.6666666666666666,1.0,4.0,0.7642697788839778,-0.3333333333333333,0.5032583347756457,0.3157894736842105,3.682849928141491,0.29555249805170036,0.29555249805170036,1
0.0,0.0,0.0,0.4,0.2,0.125,0.0,162500000.0,1.0,2.0,1.0,-0.16666666666666663,0.6402569436810504,0.25,3.682849928141491,0.15896957595804348,0.29924820267968544,2
0.0,0.0,0.0,0.0,0.0,0.0,0.0,0.0,nan,0.0,0.0,0.0,3.4661976109059578e-09,0.20588235294117646,0.019661081553490334,0.0,0.0,0
0.23076923076923078,0.15384615384615385,0.23076923076923078,0.1,0.16666666666666666,0.36363636363636365,0.07692307692307693,1.7234848484848484,1.0,5.0,0.778384730780508,-0.0890870806374748,0.8344210035612927,0.325,0.019661081553490334,0.3214737200364481,0.3214737200364481,1
0.0,0.0,0.0,0.058823529411764705,0.0,0.0,0.0,0.0,nan,0.0,nan,0.0,3.4661976109059578e-09,0.1702127659574468,0.019661081553490334,0.07573364632186011,0.3249849292570192,2
0.0,0.0,0.0,0.0,0.0,0.5,0.0,249999999.99999997,nan,1.0,nan,nan,0.8112781244591328,0.1,13.12916519751295,0.0,0.0,0
0.5,0.0,0.5,0.0,0.0,0.5,0.5,249999999.99999997,nan,1.0,nan,nan,0.8112781244591328,0.25,13.12916519751295,0.3329638715969071,0.3329638715969071,1
0.75,0.75,0.0,0.0,0.5,0.0,0.75,0.3333333333333333,nan,0.0,nan,nan,0.8112781244591328,0.5,13.12916519751295,0.10821474399598466,0.23767775622369303,2
0.0,0.0,0.0,0.0,0.0,0.0,0.0,0.0,nan,0.0,nan,nan,3.4661976109059578e-09,0.8,14.00087840220916,0.0,0.0,0
0.5,0.25,0.25,0.0,0.0,0.25,0.0,0.5,1.0,2.0,nan,-0.5,0.5435644431995964,0.2857142857142857,14.00087840220916,0.1230832520195453,0.1230832520195453,1
0.3333333333333333,0.0,0.3333333333333333,0.0,0.0,0.25,0.3333333333333333,124999999.99999999,1.0,1.0,nan,0.0,0.5435644431995964,0.21428571428571427,14.00087840220916,0.17761744277653185,0.3506421128785263,2
0.0,0.0,0.0,0.0,0.0,0.0,0.0,0.0,nan,0.0,nan,0.0,3.4661976109059578e-09,0.25,11.845220744099043,0.0,0.0,0
0.0,0.25,0.25,0.0,0.25,0.0,0.0,0.5,nan,0.0,nan,0.0,0.5435644431995964,0.3333333333333333,11.845220744099043,0.09532621150249909,0.09532621150249909,1
0.0,0.0,0.0,0.0,0.0,0.0,0.0,0.0,nan,0.0,nan,nan,3.4661976109059578e-09,0.25,11.845220744099043,0.06338370196453388,0.30575420282903043,2
0.2,0.2,0.0,0.0,0.0,0.0,0.2,0.0,nan,0.0,nan,0.0,3.4661976109059578e-09,0.3125,7.7231928317412315,0.0,0.0,0
0.2,0.0,0.2,0.0,0.0,0.0,0.2,0.0,nan,0.0,nan,0.0,3.4661976109059578e-09,0.23809523809523808,7.7231928317412315,0.17458740741969092,0.17458740741969092,1
0.3333333333333333,0.3333333333333333,0.0,0.0,0.0,0.0,0.3333333333333333,0.0,nan,0.0,nan,0.0,3.4661976109059578e-09,0.21428571428571427,7.7231928317412315,0.1809273412369289,0.5641310706137429,2
0.0,0.0,0.0,0.25,0.0,0.0,0.0,0.0,nan,0.0,nan,0.0,3.4661976109059578e-09,0.25,9.494352419316959,0.0,0.0,0
0.0,0.0,0.0,0.0,0.0,0.0,0.0,0.0,nan,0.0,nan,0.0,3.4661976109059578e-09,0.4117647058823529,9.494352419316959,0.1373599880599322,0.1373599880599322,1
0.0,0.0,0.0,0.0,0.0,0.0,0.0,0.0,nan,0.0,nan,nan,3.4661976109059578e-09,0.4,9.494352419316959,0.13553494560309712,0.3520881032834194,2
0.0,0.0,0.0,0.0,0.0,0.0,0.0,0.0,nan,0.0,nan,0.0,3.4661976109059578e-09,0.3684210526315789,6.25742685598718,0.0,0.0,0
0.16666666666666666,0.16666666666666666,0.3333333333333333,0.0,0.0,0.2,0.16666666666666666,0.6000000000000001,1.0000000000000002,2.0,nan,-0.3333333333333333,0.4689955935892812,0.42857142857142855,6.25742685598718,0.13285864111109422,0.13285864111109422,1
0.4,0.0,0.4,0.14285714285714285,0.0,0.4444444444444444,0.4,222222222.2222222,1.0000000000000002,3.0,0.875756643593441,0.2581988897471611,0.7642045065086203,0.18518518518518517,6.25742685598718,0.041447683247971434,0.5681415447134583,2
0.14285714285714285,0.14285714285714285,0.0,0.0,0.0,0.1111111111111111,0.14285714285714285,0.3888888888888889,1.0,2.0,1.0,-0.14285714285714285,0.3095434291503252,0.23333333333333334,3.1781612115429096,0.0,0.0,0
0.2222222222222222,0.2222222222222222,0.0,0.0,0.2,0.0,0.2222222222222222,0.45000000000000007,nan,0.0,nan,0.0,0.4689955935892812,0.36,3.1781612115429096,0.32228754658659836,0.32228754658659836,1
0.16666666666666666,0.16666666666666666,0.0,0.3333333333333333,0.0,0.0,0.16666666666666666,0.0,nan,0.0,0.0,0.0,3.4661976109059578e-09,0.2222222222222222,3.1781612115429096,0.11969199639956957,0.45613868992906975,2
0.0,0.0,0.0,0.0,0.0,0.125,0.0,62499999.99999999,1.0,2.0,1.0,-0.16666666666666663,0.3372900666170139,0.2727272727272727,4.8938694424059435,0.0,0.0,0
0.2,0.0,0.2,0.25,0.0,0.16666666666666666,0.2,83333333.33333333,1.0000000000000002,2.0,nan,-0.24999999999999994,0.41381685030363374,0.25,4.8938694424059435,0.3457281265671776,0.3457281265671776,1
0.5,0.0,0.5,0.16666666666666666,0.16666666666666666,0.0,0.5,83333333.33333333,nan,0.0,nan,0.0,0.41381685030363374,0.2727272727272727,4.8938694424059435,0.15801187738813863,0.5039728406679125,2
0.0,0.0,0.0,0.0,0.0,0.0,0.0,0.0,nan,0.0,nan,nan,3.4661976109059578e-09,0.3076923076923077,12.069272877143483,0.0,0.0,0
0.0,0.0,0.0,0.0,0.0,0.0,0.0,0.0,nan,0.0,nan,nan,3.4661976109059578e-09,0.375,12.069272877143483,0.3668574651289316,0.3668574651289316,1
0.16666666666666666,0.0,0.16666666666666666,0.0,0.0,0.3333333333333333,0.16666666666666666,166666666.66666666,nan,1.0,nan,0.0,0.6500224216483541,0.375,12.069272877143483,0.16707492868865145,0.4228340614829788,2
0.0,0.0,0.0,0.0,0.0,0.0,0.0,0.0,nan,0.0,nan,0.0,3.4661976109059578e-09,0.15384615384615385,8.45482014406283,0.0,0.0,0
0.0,0.0,0.0,0.16666666666666666,0.5,0.375,0.0,437500000.0,1.0,5.0,0.603759374819711,-0.5477225575051661,0.9886994082884974,0.1111111111111111,8.45482014406283,0.2959786078158045,0.2959786078158045,1
0.4,0.4,0.4,0.0,0.25,0.0,0.0,0.3125,nan,0.0,nan,0.0,0.5435644431995964,0.35714285714285715,8.45482014406283,0.13524292054247486,0.33414691176361455,2
0.0,0.0,0.0,0.0,0.0,0.0,0.0,0.0,nan,0.0,nan,0.0,3.4661976109059578e-09,0.35714285714285715,9.396559220286091,0.0,0.0,0
1.0,0.5,0.5,0.0,0.0,0.0,0.0,0.0,nan,0.0,nan,nan,3.4661976109059578e-09,0.2,9.396559220286091,0.33238406054348696,0.33238406054348696,1
0.0,0.0,0.0,0.0,0.0,0.0,0.0,0.0,nan,0.0,nan,0.0,3.4661976109059578e-09,0.21052631578947367,9.396559220286091,0.023100985311245898,0.5065867488226514,2
0.125,0.125,0.0,0.0,0.0,0.0,0.125,0.0,nan,0.0,nan,0.0,3.4661976109059578e-09,0.34782608695652173,6.528878373749196,0.0,0.0,0
0.0,0.0,0.0,0.0,0.2,0.0,0.0,100000000.0,nan,0.0,nan,nan,0.4689955935892812,0.3,6.528878373749196,0.155466563625978,0.155466563625978,1
0.2222222222222222,0.1111111111111111,0.1111111111111111,0.1,0.0,0.16666666666666666,0.0,0.75,1.0000000000000002,2.0,nan,-0.24999999999999997,0.41381685030363374,0.2727272727272727,6.528878373749196,0.11797860916319829,0.3802478192115135,2
0.0,0.0,0.0,0.0,0.1111111111111111,0.125,0.0,118055555.55555555,1.0,2.0,1.0,-0.16666666666666666,0.52374567143314,0.2,2.332673694442419,0.0,0.0,0
0.4,0.4,0.4,0.0,0.0,0.375,0.0,0.46875,1.0,4.0,0.7743974703476992,-0.16666666666666669,0.6962122601251458,0.1724137931034483,2.332673694442419,0.39427414022797536,0.39427414022797536,1
0.125,0.125,0.0,0.0,0.0,0.0,0.125,0.0,nan,0.0,0.0,0.0,3.4661976109059578e-09,0.2222222222222222,2.332673694442419,0.10889523544067091,0.24226974620682565,2
0.0,0.0,0.0,0.0,0.0,0.0,0.0,0.0,nan,0.0,nan,nan,3.4661976109059578e-09,0.42857142857142855,12.722115296120268,0.0,0.0,0
0.0,0.0,0.0,0.0,0.0,0.0,0.0,0.0,nan,0.0,nan,0.0,3.4661976109059578e-09,0.4375,12.722115296120268,0.17862315692825242,0.17862315692825242,1
0.5,0.5,0.0,0.0,0.0,0.0,0.5,0.0,nan,0.0,nan,0.0,3.4661976109059578e-09,0.15384615384615385,12.722115296120268,0.18511524013971117,0.24335767253583396,2
0.0,0.0,0.0,0.3333333333333333,0.16666666666666666,0.0,0.0,83333333.33333333,nan,0.0,0.0,0.0,0.41381685030363374,0.16666666666666666,9.679442017152557,0.0,0.0,0
0.16666666666666666,0.16666666666666666,0.0,0.0,0.6666666666666666,0.0,0.16666666666666666,2.0,nan,0.0,nan,nan,0.9182958340544896,0.5,9.679442017152557,0.19516332626929944,0.19516332626929944,1
0.16666666666666666,0.0,0.16666666666666666,0.0,0.0,0.0,0.16666666666666666,0.0,nan,0.0,nan,0.0,3.4661976109059578e-09,0.3333333333333333,9.679442017152557,0.08223884097462077,0.30043676866732116,2
0.5,0.0,0.5,0.0,0.0,0.0,0.5,0.0,nan,0.0,nan,0.0,3.4661976109059578e-09,0.2857142857142857,14.66031593674568,0.0,0.0,0
0.25,0.0,0.25,0.0,0.0,0.0,0.25,0.0,nan,0.0,nan,0.0,3.4661976109059578e-09,0.4,14.66031593674568,0.31117674299987813,0.31117674299987813,1
1.0,1.0,0.0,0.0,0.3333333333333333,0.6,1.0,0.4666666666666667,1.0000000000000002,2.0,nan,-0.3333333333333333,0.9967916319816366,0.1,14.66031593674568,0.19044888912485256,0.3884721338448691,2
0.0,0.0,0.0,0.5,0.0,0.0,0.0,0.0,nan,0.0,nan,0.0,3.4661976109059578e-09,0.26666666666666666,8.740439181256203,0.0,0.0,0
0.0,0.0,0.0,0.0,0.16666666666666666,0.2,0.0,183333333.33333334,1.0000000000000002,2.0,nan,-0.3333333333333333,0.6873150928309273,0.2631578947368421,8.740439181256203,0.2956878310577834,0.2956878310577834,1
0.0,0.0,0.0,0.2,0.3333333333333333,0.0,0.0,166666666.66666666,nan,0.0,0.0,0.0,0.6500224216483541,0.15789473684210525,8.740439181256203,0.10131324816864287,0.5304175129092641,2
0.2857142857142857,0.14285714285714285,0.14285714285714285,0.0,0.1111111111111111,0.0,0.0,0.3888888888888889,nan,0.0,nan,0.0,0.3095434291503252,0.2692307692307692,6.973465627082128,0.0,0.0,0
0.0,0.0,0.0,0.25,0.0,0.25,0.0,124999999.99999999,1.0,3.0,0.9463946303571861,-0.25819888974716115,0.5435644431995964,0.27586206896551724,6.973465627082128,0.12960186057299888,0.12960186057299888,1
0.14285714285714285,0.0,0.14285714285714285,0.0,0.0,0.14285714285714285,0.14285714285714285,71428571.42857142,1.0000000000000002,1.0,nan,0.0,0.37123232664087563,0.28,6.973465627082128,0.17005157901099008,0.5192979278261698,2
0.2,0.2,0.0,0.0,0.125,0.0,0.2,0.3125,nan,0.0,0.0,0.0,0.3372900666170139,0.20408163265306123,0.29014467811261824,0.0,0.0,0
0.36363636363636365,0.18181818181818182,0.18181818181818182,0.3,0.2,0.15384615384615385,0.0,0.9730769230769231,1.0000000000000002,2.0,0.819924093995367,-0.0909090909090909,0.6732994089189621,0.28205128205128205,0.29014467811261824,0.24042648811590367,0.24042648811590367,1
0.5,0.125,0.375,0.0,0.09090909090909091,0.0,0.25,0.36363636363636365,nan,0.0,nan,0.0,0.26676498780302604,0.24242424242424243,0.29014467811261824,0.09790082972450315,0.2642597262978434,2
0.0,0.0,0.0,0.0,0.0,0.0,0.0,0.0,nan,0.0,0.0,0.0,3.4661976109059578e-09,0.15384615384615385,3.5008069043730594,0.0,0.0,0
0.0,0.0,0.0,0.0,0.1111111111111111,0.0,0.0,55555555.55555555,nan,0.0,nan,0.0,0.3095434291503252,0.16666666666666666,3.5008069043730594,0.05467177918978008,0.05467177918978008,1
0.125,0.125,0.0,0.0,0.0,0.16666666666666666,0.125,0.6666666666666666,0.9999999999999998,2.0,0.8563016702003321,0.38888888888888895,0.41381685030363374,0.25806451612903225,3.5008069043730594,0.057703357463177354,0.5964383027924209,2
0.0,0.0,0.0,0.0,0.0,0.0,0.0,0.0,nan,0.0,nan,0.0,3.4661976109059578e-09,0.23809523809523808,4.378286900606664,0.0,0.0,0
0.2857142857142857,0.0,0.2857142857142857,0.0,0.3333333333333333,0.0,0.2857142857142857,166666666.66666666,nan,0.0,0.0,0.0,0.6500224216483541,0.2692307692307692,4.378286900606664,0.2766229892100263,0.2766229892100263,1
0.0,0.0,0.0,0.0,0.0,0.2,0.0,100000000.0,1.0,1.0,nan,0.0,0.4689955935892812,0.13636363636363635,4.378286900606664,0.12051278460883125,0.4229991875399908,2
0.1111111111111111,0.1111111111111111,0.0,0.0,0.0,0.16666666666666666,0.1111111111111111,0.75,1.0000000000000002,1.0,nan,0.0,0.41381685030363374,0.3333333333333333,2.3384926946977043,0.0,0.0,0
0.0,0.0,0.0,0.1111111111111111,0.14285714285714285,0.1,0.0,121428571.42857142,1.0,2.0,1.0,-0.125,0.5334533565308074,0.3157894736842105,2.3384926946977043,0.0778377264742863,0.0778377264742863,1
0.0,0.0,0.0,0.0,0.16666666666666666,0.1111111111111111,0.0,138888888.8888889,1.0,2.0,1.0,-0.14285714285714285,0.5813214987637028,0.16666666666666666,2.3384926946977043,0.1817612799999821,0.5849622814802227,2
0.5,0.5,0.0,0.0,0.0,0.0,0.5,0.0,nan,0.0,nan,0.0,3.4661976109059578e-09,0.19047619047619047,9.067324455608269,0.0,0.0,0
0.0,0.0,0.0,0.0,0.0,0.0,0.0,0.0,nan,0.0,nan,nan,3.4661976109059578e-09,0.47058823529411764,9.067324455608269,0.07108210650274785,0.07108210650274785,1
0.14285714285714285,0.14285714285714285,0.2857142857142857,0.0,0.25,0.2857142857142857,0.14285714285714285,1.875,1.0000000000000002,4.0,nan,-0.5,0.8383729377099396,0.35,9.067324455608269,0.1431428658661069,0.3561916187670622,2
0.0,0.0,0.0,0.25,0.0,0.0,0.0,0.0,nan,0.0,nan,0.0,3.4661976109059578e-09,0.5,8.171463548472977,0.0,0.0,0
0.6666666666666666,0.3333333333333333,0.3333333333333333,0.16666666666666666,1.0,0.0,0.0,1.5,nan,0.0,nan,0.0,1.0,0.21428571428571427,8.171463548472977,0.49639132180820966,0.49639132180820966,1
0.0,0.0,0.0,0.0,0.4,0.125,0.0,262500000.0,1.0,2.0,1.0,-0.16666666666666666,0.8304955225035797,0.2608695652173913,8.171463548472977,0.09474538673971301,0.4928971395570635,2
0.07692307692307693,0.15384615384615385,0.07692307692307693,0.0,0.09090909090909091,0.0,0.07692307692307693,0.29545454545454547,nan,0.0,nan,0.0,0.26676498780302604,0.28888888888888886,1.2646992424747328,0.0,0.0,0
0.3333333333333333,0.3333333333333333,0.0,0.0,0.18181818181818182,0.0,0.3333333333333333,0.27272727272727276,nan,0.0,0.0,0.0,0.4394969869215134,0.18181818181818182,1.2646992424747328,0.1883224007943291,0.1883224007943291,1
0.2857142857142857,0.0,0.2857142857142857,0.1,0.2727272727272727,0.2857142857142857,0.2857142857142857,279220779.2207792,1.0,4.0,nan,-0.5,0.8543868938309276,0.2,1.2646992424747328,0.05749742117756336,0.5269121040292553,2
0.125,0.125,0.0,0.0,0.0,0.0,0.125,0.0,nan,0.0,0.0,0.0,3.4661976109059578e-09,0.2962962962962963,2.4252932664691667,0.0,0.0,0
0.3,0.1,0.2,0.0,0.0,0.4444444444444444,0.1,2.222222222222222,1.0000000000000002,6.0,0.8133786699423041,-0.6,0.7642045065086203,0.3448275862068966,2.4252932664691667,0.22134562574950983,0.22134562574950983,1
0.35714285714285715,0.0,0.35714285714285715,0.1111111111111111,0.2,0.0,0.35714285714285715,100000000.0,nan,0.0,0.0,0.0,0.4689955935892812,0.3888888888888889,2.4252932664691667,0.08776151775102203,0.2759766385761492,2
0.16666666666666666,0.16666666666666666,0.0,0.0,0.0,0.0,0.16666666666666666,0.0,nan,0.0,nan,0.0,3.4661976109059578e-09,0.2857142857142857,10.534066409817925,0.0,0.0,0
0.25,0.25,0.0,0.0,0.5,0.25,0.25,1.5,1.0,1.0,nan,0.0,0.954434002924965,0.3333333333333333,10.534066409817925,0.4634046200984455,0.4634046200984455,1
0.0,0.0,0.0,0.2,0.0,0.3333333333333333,0.0,166666666.66666666,1.0,3.0,nan,-0.40824829046386296,0.6500224216483541,0.0,10.534066409817925,0.059243730992962595,0.3839324982572443,2
0.14285714285714285,0.0,0.14285714285714285,0.0,0.0,0.1,0.14285714285714285,50000000.0,1.0,2.0,1.0,-0.125,0.28639695711595625,0.23333333333333334,2.3614551767083247,0.0,0.0,0
0.3,0.1,0.2,0.14285714285714285,0.0,0.0,0.1,0.0,nan,0.0,0.0,0.0,3.4661976109059578e-09,0.29411764705882354,2.3614551767083247,0.23230289186153208,0.23230289186153208,1
0.16666666666666666,0.0,0.16666666666666666,0.1,0.0,0.16666666666666666,0.16666666666666666,83333333.33333333,1.0000000000000002,1.0,nan,0.0,0.41381685030363374,0.2,2.3614551767083247,0.028831544106848878,0.31888290101305905,2
0.14285714285714285,0.14285714285714285,0.0,0.0,0.0,0.0,0.14285714285714285,0.0,nan,0.0,0.0,0.0,3.4661976109059578e-09,0.25925925925925924,7.3226277291394934,0.0,0.0,0
0.2,0.2,0.0,0.16666666666666666,0.0,0.14285714285714285,0.2,0.3571428571428571,1.0000000000000004,1.0,nan,0.0,0.37123232664087563,0.25,7.3226277291394934,0.2768103551967764,0.2768103551967764,1
0.2,0.2,0.4,0.0,0.0,0.0,0.2,0.0,nan,0.0,nan,nan,3.4661976109059578e-09,0.2631578947368421,7.3226277291394934,0.1689512559219113,0.30992995293894443,2
0.0,0.0,0.0,0.0,0.0,0.0,0.0,0.0,nan,0.0,0.0,0.0,3.4661976109059578e-09,0.20833333333333334,7.886566950494288,0.0,0.0,0
0.6666666666666666,0.0,0.6666666666666666,0.0,0.0,0.14285714285714285,0.6666666666666666,71428571.42857142,1.0000000000000002,1.0,nan,0.0,0.37123232664087563,0.17647058823529413,7.886566950494288,0.0958591005623797,0.0958591005623797,1
0.0,0.0,0.0,0.0,0.5,0.0,0.0,249999999.99999997,nan,0.0,nan,0.0,0.8112781244591328,0.45454545454545453,7.886566950494288,0.035583191741578084,0.2797952595373955,2
0.0,0.0,0.0,0.0,0.0,0.1111111111111111,0.0,55555555.55555555,1.0,2.0,1.0,-0.14285714285714285,0.3095434291503252,0.25925925925925924,5.387913245265751,0.0,0.0,0
0.0,0.0,0.0,0.0,0.16666666666666666,0.125,0.0,145833333.3333333,1.0,2.0,1.0,-0.16666666666666663,0.599314237309809,0.21739130434782608,5.387913245265751,0.31419554494339064,0.31419554494339064,1
0.5,0.16666666666666666,0.3333333333333333,0.1111111111111111,0.375,0.0,0.16666666666666666,1.125,nan,0.0,nan,0.0,0.6962122601251458,0.21428571428571427,5.387913245265751,0.029673732340062434,0.3166817380995498,2
0.3333333333333333,0.3333333333333333,0.0,0.0,0.5,0.0,0.3333333333333333,0.75,nan,0.0,nan,0.0,0.8112781244591328,0.46153846153846156,10.367010938268276,0.0,0.0,0
0.2,0.2,0.0,0.16666666666666666,0.25,0.0,0.2,0.625,nan,0.0,nan,nan,0.5435644431995964,0.3125,10.367010938268276,0.2987160196848025,0.2987160196848025,1
0.0,0.0,0.0,0.14285714285714285,0.0,0.0,0.0,0.0,nan,0.0,nan,0.0,3.4661976109059578e-09,0.16666666666666666,10.367010938268276,0.04424706232182662,0.2114578343514392,2
0.36363636363636365,0.36363636363636365,0.0,0.0,0.0,0.0,0.36363636363636365,0.0,nan,0.0,0.0,0.0,3.4661976109059578e-09,0.3142857142857143,1.4618920420850294,0.0,0.0,0
0.0,0.0,0.0,0.0,0.25,0.16666666666666666,0.0,208333333.3333333,0.9999999999999998,4.0,0.8710490642551529,-0.2222222222222223,0.7382848661434503,0.1388888888888889,1.4618920420850294,0.3603899162973096,0.3603899162973096,1
0.2,0.2,0.0,0.09090909090909091,0.1111111111111111,0.1111111111111111,0.2,0.5555555555555555,1.0,2.0,1.0,-0.14285714285714285,0.5032583347756457,0.14705882352941177,1.4618920420850294,0.17570739703501773,0.22080395252778331,2
0.0,0.0,0.0,0.0,0.0,0.3333333333333333,0.0,166666666.66666666,nan,1.0,nan,0.0,0.6500224216483541,0.1111111111111111,12.642234247205485,0.0,0.0,0
0.0,0.0,0.0,0.0,0.0,0.25,0.0,124999999.99999999,1.0,1.0,nan,0.0,0.5435644431995964,0.25,12.642234247205485,0.41379009108402487,0.41379009108402487,1
0.2,0.0,0.2,0.0,0.5,0.0,0.2,249999999.99999997,nan,0.0,nan,0.0,0.8112781244591328,0.3125,12.642234247205485,0.17058859375782617,0.5741532402810776,2
0.0,0.0,0.0,0.0,0.0,0.0,0.0,0.0,nan,0.0,nan,0.0,3.4661976109059578e-09,0.36363636363636365,10.824838252597345,0.0,0.0,0
0.0,0.0,0.0,0.0,0.0,0.0,0.0,0.0,nan,0.0,nan,nan,3.4661976109059578e-09,0.21428571428571427,10.824838252597345,0.3743441779985932,0.3743441779985932,1
0.25,0.0,0.25,0.0,0.0,0.0,0.25,0.0,nan,0.0,nan,nan,3.4661976109059578e-09,0.4444444444444444,10.824838252597345,0.08633374497228472,0.3434856473092768,2
0.0,0.0,0.0,0.0,0.0,0.0,0.0,0.0,nan,0.0,0.0,0.0,3.4661976109059578e-09,0.14285714285714285,7.145962181087451,0.0,0.0,0
0.0,0.0,0.0,0.0,0.2,0.0,0.0,100000000.0,nan,0.0,0.0,0.0,0.4689955935892812,0.24,7.145962181087451,0.05420544156407947,0.05420544156407947,1
0.0,0.0,0.0,0.0,0.0,0.2,0.0,100000000.0,1.0000000000000002,2.0,nan,-0.3333333333333333,0.4689955935892812,0.3076923076923077,7.145962181087451,0.07036757277766222,0.3499901398089704,2
0.2,0.2,0.0,0.0,0.0,0.0,0.2,0.0,nan,0.0,nan,nan,3.4661976109059578e-09,0.5555555555555556,13.273999072286253,0.0,0.0,0
0.25,0.25,0.0,0.4,0.0,0.0,0.25,0.0,nan,0.0,nan,nan,3.4661976109059578e-09,0.2857142857142857,13.273999072286253,0.10418600772877928,0.10418600772877928,1
0.0,0.0,0.0,0.0,0.0,0.0,0.0,0.0,nan,0.0,nan,nan,3.4661976109059578e-09,0.2857142857142857,13.273999072286253,0.023547290426928283,0.4146164485644507,2
0.16666666666666666,0.16666666666666666,0.0,0.2,0.0,0.0,0.16666666666666666,0.0,nan,0.0,nan,0.0,3.4661976109059578e-09,0.2857142857142857,7.749431983848946,0.0,0.0,0
0.25,0.25,0.0,0.0,0.0,0.6666666666666666,0.25,1.3333333333333333,nan,1.0,nan,0.0,0.9182958340544896,0.3076923076923077,7.749431983848946,0.34106816833657955,0.34106816833657955,1
0.2,0.2,0.0,0.0,0.0,0.0,0.2,0.0,nan,0.0,nan,nan,3.4661976109059578e-09,0.35714285714285715,7.749431983848946,0.07697301354648083,0.3259314602910244,2
0.09090909090909091,0.0,0.09090909090909091,0.0,0.0,0.2,0.09090909090909091,100000000.0,1.0,2.0,nan,-0.3333333333333333,0.4689955935892812,0.2894736842105263,0.12399445093177308,0.0,0.0,0
0.0,0.0,0.0,0.0,0.1111111111111111,0.0,0.0,55555555.55555555,nan,0.0,0.0,0.0,0.3095434291503252,0.36585365853658536,0.12399445093177308,0.11757174116123811,0.11757174116123811,1
0.4,0.1,0.3,0.0,0.125,0.09090909090909091,0.19999999999999998,1.0795454545454546,0.9999999999999997,1.0,1.0,0.0,0.49371525311790193,0.2857142857142857,0.12399445093177308,0.1431346223438525,0.2196462672981866,2
0.0,0.0,0.0,0.25,0.0,0.0,0.0,0.0,nan,0.0,nan,0.0,3.4661976109059578e-09,0.10344827586206896,4.696661355409048,0.0,0.0,0
0.14285714285714285,0.0,0.14285714285714285,0.0,0.0,0.08333333333333333,0.14285714285714285,41666666.666666664,0.9999999999999998,2.0,1.0,-0.10000000000000003,0.24988229283318544,0.21212121212121213,4.696661355409048,0.14167673090735736,0.14167673090735736,1
0.0,0.0,0.0,0.125,0.0,0.0,0.0,0.0,nan,0.0,nan,0.0,3.4661976109059578e-09,0.18518518518518517,4.696661355409048,0.12686080334668887,0.585382748400775,2
0.0,0.0,0.0,0.0,0.0,0.16666666666666666,0.0,83333333.33333333,1.0000000000000002,1.0,nan,0.0,0.41381685030363374,0.2222222222222222,5.740169560505512,0.0,0.0,0
0.2,0.2,0.0,0.0,0.16666666666666666,0.2,0.2,0.9166666666666667,1.0000000000000002,2.0,nan,-0.3333333333333333,0.6873150928309273,0.21739130434782608,5.740169560505512,0.10502923116132258,0.10502923116132258,1
0.0,0.0,0.0,0.1111111111111111,0.25,0.6,0.0,424999999.99999994,1.0000000000000002,2.0,nan,0.0,0.9837082626231859,0.2903225806451613,5.740169560505512,0.19936400914392682,0.4253883085175938,2
0.0,0.0,0.0,0.0,0.0,0.0,0.0,0.0,nan,0.0,0.0,0.0,3.4661976109059578e-09,0.2903225806451613,3.9727252488393376,0.0,0.0,0
0.25,0.25,0.0,0.09090909090909091,0.125,0.16666666666666666,0.25,0.5833333333333333,1.0000000000000002,2.0,nan,-0.24999999999999994,0.599314237309809,0.13793103448275862,3.9727252488393376,0.2941148722462181,0.2941148722462181,1
0.75,0.0,0.75,0.16666666666666666,0.0,0.3333333333333333,0.75,166666666.66666666,1.0,2.0,nan,0.16666666666666669,0.6500224216483541,0.18181818181818182,3.9727252488393376,0.19235875682272172,0.4399504676132676,2
0.0,0.0,0.0,0.0,0.0,0.0,0.0,0.0,nan,0.0,nan,nan,3.4661976109059578e-09,0.45454545454545453,11.346971493481282,0.0,0.0,0
0.5,0.0,0.5,0.0,0.0,0.25,0.5,124999999.99999999,1.0,2.0,nan,-0.5,0.5435644431995964,0.125,11.346971493481282,0.36306400258521015,0.36306400258521015,1
0.5,0.0,0.5,0.3333333333333333,0.0,0.5,0.5,249999999.99999997,nan,1.0,nan,nan,0.8112781244591328,0.2,11.346971493481282,0.19517040464944022,0.3173981480981496,2
0.0,0.0,0.0,0.125,0.0,0.0,0.0,0.0,nan,0.0,nan,0.0,3.4661976109059578e-09,0.1,4.779366058995687,0.0,0.0,0
0.4,0.4,0.0,0.0,0.0,0.0,0.4,0.0,nan,0.0,nan,0.0,3.4661976109059578e-09,0.21739130434782608,4.779366058995687,0.3919465964028614,0.3919465964028614,1
0.3,0.1,0.2,0.0,0.0,0.14285714285714285,0.1,0.7142857142857142,1.0000000000000002,2.0,nan,-0.19999999999999998,0.37123232664087563,0.37037037037037035,4.779366058995687,0.03053080278414832,0.41650370103155965,2
0.25,0.0,0.25,0.0,0.0,0.0,0.25,0.0,nan,0.0,nan,0.0,3.4661976109059578e-09,0.2222222222222222,7.115381526430554,0.0,0.0,0
0.5714285714285714,0.5714285714285714,0.0,0.375,0.0,0.3333333333333333,0.5714285714285714,0.2916666666666667,nan,1.0,nan,0.0,0.6500224216483541,0.3181818181818182,7.115381526430554,0.4084650655361571,0.4084650655361571,1
0.0,0.0,0.0,0.0,0.0,0.0,0.0,0.0,nan,0.0,nan,nan,3.4661976109059578e-09,0.16666666666666666,7.115381526430554,0.14585970252913238,0.4763058507492602,2
0.3333333333333333,0.3333333333333333,0.0,0.16666666666666666,0.0,0.0,0.3333333333333333,0.0,nan,0.0,nan,0.0,3.4661976109059578e-09,0.21428571428571427,8.92540605858229,0.0,0.0,0
0.3333333333333333,0.3333333333333333,0.0,0.2727272727272727,0.6666666666666666,0.0,0.3333333333333333,1.0,nan,0.0,nan,nan,0.9182958340544896,0.16666666666666666,8.92540605858229,0.49909671721712767,0.49909671721712767,1
0.16666666666666666,0.16666666666666666,0.0,0.0,0.14285714285714285,0.16666666666666666,0.16666666666666666,0.9285714285714286,1.0000000000000002,1.0,nan,0.0,0.6216297820565386,0.2727272727272727,8.92540605858229,0.07023458459899833,0.2556659389706972,2
0.3333333333333333,0.3333333333333333,0.0,0.0,0.16666666666666666,1.0,0.3333333333333333,1.7500000000000002,nan,0.0,nan,nan,0.9798687566511528,0.21428571428571427,12.064880364589444,0.0,0.0,0
0.0,0.0,0.0,0.0,0.0,0.0,0.0,0.0,nan,0.0,nan,0.0,3.4661976109059578e-09,0.1875,12.064880364589444,0.1721085311319139,0.1721085311319139,1
0.0,0.0,0.0,0.0,0.0,0.5,0.0,249999999.99999997,1.0,2.0,nan,-0.5,0.8112781244591328,0.0,12.064880364589444,0.07018086961177954,0.2778614711213738,2
0.0,0.0,0.0,0.0,0.25,0.2,0.0,225000000.0,1.0,2.0,nan,-0.3333333333333333,0.7691928290130138,0.1,12.098427267969328,0.0,0.0,0
0.0,0.5,0.5,0.0,0.3333333333333333,0.0,0.0,0.3333333333333333,nan,0.0,nan,nan,0.6500224216483541,0.15384615384615385,12.098427267969328,0.485750548300762,0.485750548300762,1
0.16666666666666666,0.16666666666666666,0.3333333333333333,0.2857142857142857,0.0,0.0,0.16666666666666666,0.0,nan,0.0,nan,nan,3.4661976109059578e-09,0.375,12.098427267969328,0.13616816382211075,0.4810664598778248,2
0.0,0.0,0.0,0.0,0.0,0.0,0.0,0.0,nan,0.0,nan,0.0,3.4661976109059578e-09,0.10526315789473684,13.512768530439434,0.0,0.0,0
0.2,0.2,0.0,0.3333333333333333,0.3333333333333333,0.0,0.2,0.8333333333333333,nan,0.0,nan,nan,0.6500224216483541,0.38461538461538464,13.512768530439434,0.2698212599959053,0.2698212599959053,1
0.25,0.0,0.25,0.0,0.0,0.0,0.25,0.0,nan,0.0,nan,nan,3.4661976109059578e-09,0.4,13.512768530439434,0.11039281729256659,0.510323985498272,2
0.0,0.0,0.0,0.2,0.08333333333333333,0.0,0.0,41666666.666666664,nan,0.0,nan,0.0,0.24988229283318544,0.34285714285714286,0.004471442069174381,0.0,0.0,0
0.1,0.1,0.0,0.0,0.0,0.14285714285714285,0.1,0.7142857142857142,1.0000000000000004,4.0,0.8450710226351528,-0.1818181818181818,0.37123232664087563,0.25,0.004471442069174381,0.08131593408061014,0.08131593408061014,1
0.0,0.0,0.0,0.05555555555555555,0.1875,0.25,0.0,218750000.0,1.0,1.0,nan,0.0,0.7578784625383954,0.2692307692307692,0.004471442069174381,0.030285761156907298,0.42402189936022716,2
0.25,0.0,0.25,0.0,0.0,0.0,0.25,0.0,nan,0.0,nan,0.0,3.4661976109059578e-09,0.21052631578947367,6.931515169370758,0.0,0.0,0
0.14285714285714285,0.0,0.14285714285714285,0.25,0.3333333333333333,0.0,0.14285714285714285,166666666.66666666,nan,0.0,nan,nan,0.6500224216483541,0.4375,6.931515169370758,0.1742022517968572,0.1742022517968572,1
0.1111111111111111,0.0,0.1111111111111111,0.0,0.14285714285714285,0.0,0.1111111111111111,71428571.42857142,nan,0.0,nan,0.0,0.37123232664087563,0.3333333333333333,6.931515169370758,0.11725493248059421,0.2284134914899635,2
0.2,0.2,0.0,0.5,0.0,0.0,0.2,0.0,nan,0.0,nan,nan,3.4661976109059578e-09,0.45454545454545453,13.165982314600075,0.0,0.0,0
0.125,0.125,0.0,0.0,0.0,0.0,0.125,0.0,nan,0.0,nan,nan,3.4661976109059578e-09,0.5333333333333333,13.165982314600075,0.09808835995548207,0.09808835995548207,1
0.0,0.0,0.0,0.16666666666666666,0.0,0.16666666666666666,0.0,83333333.33333333,1.0000000000000002,2.0,nan,-0.24999999999999994,0.41381685030363374,0.16666666666666666,13.165982314600075,0.12344014622804884,0.38305491657588664,2
0.2,0.0,0.2,0.0,0.0,0.0,0.2,0.0,nan,0.0,nan,0.0,3.4661976109059578e-09,0.5,12.12166019774401,0.0,0.0,0
0.0,0.0,0.0,0.0,0.0,0.0,0.0,0.0,nan,0.0,nan,nan,3.4661976109059578e-09,0.4,12.12166019774401,0.12441609406394,0.12441609406394,1
0.0,0.0,0.0,0.0,0.0,0.0,0.0,0.0,nan,0.0,nan,nan,3.4661976109059578e-09,0.14285714285714285,12.12166019774401,0.04895662242913226,0.4334688475515242,2
0.0,0.0,0.0,0.0,0.0,0.0,0.0,0.0,nan,0.0,0.0,0.0,3.4661976109059578e-09,0.2972972972972973,1.3546951640853933,0.0,0.0,0
0.3,0.2,0.1,0.0,0.08333333333333333,0.25,0.1,0.8333333333333333,1.0,5.0,1.0,-0.2886751345948129,0.6500224216483541,0.24390243902439024,1.3546951640853933,0.4682133444739331,0.4682133444739331,1
0.3333333333333333,0.0,0.3333333333333333,0.09090909090909091,0.3076923076923077,0.2,0.3333333333333333,253846153.84615383,1.0000000000000002,1.0,nan,0.0,0.8173174158670673,0.17142857142857143,1.3546951640853933,0.027710368780903508,0.4764450050956424,2
0.16666666666666666,0.0,0.16666666666666666,0.2857142857142857,0.14285714285714285,0.1,0.16666666666666666,121428571.42857142,1.0,2.0,1.0,-0.125,0.5334533565308074,0.2,2.781636668119658,0.0,0.0,0
0.2857142857142857,0.42857142857142855,0.14285714285714285,0.0,0.0,0.2222222222222222,0.2857142857142857,0.25925925925925924,1.0,3.0,0.7642697788839778,-0.2182178902359924,0.5032583347756457,0.21212121212121213,2.781636668119658,0.3390699330806706,0.3390699330806706,1
0.0,0.0,0.0,0.14285714285714285,0.2,0.2,0.0,200000000.0,1.0,1.0,nan,0.0,0.7219280948873623,0.15384615384615385,2.781636668119658,0.13849898035093772,0.3115478256297538,2
0.2857142857142857,0.14285714285714285,0.14285714285714285,0.0,0.0,0.0,0.0,0.0,nan,0.0,nan,0.0,3.4661976109059578e-09,0.4117647058823529,14.57127127914688,0.0,0.0,0
0.5,0.5,0.0,0.3333333333333333,0.0,0.0,0.5,0.0,nan,0.0,nan,nan,3.4661976109059578e-09,0.2857142857142857,14.57127127914688,0.39096883116720804,0.39096883116720804,1
0.0,0.0,0.0,1.0,1.0,0.25,0.0,625000000.0,1.0,1.0,nan,0.0,0.954434002924965,0.4166666666666667,14.57127127914688,0.024257810288529566,0.5842762877663998,2
0.0,0.0,0.0,0.0,0.0,0.0,0.0,0.0,nan,0.0,nan,0.0,3.4661976109059578e-09,0.125,5.830648523588918,0.0,0.0,0
0.0,0.0,0.0,0.16666666666666666,0.6666666666666666,0.0,0.0,333333333.3333333,nan,0.0,nan,0.0,0.9182958340544896,0.25,5.830648523588918,0.46452687795247904,0.46452687795247904,1
0.2,0.2,0.0,0.14285714285714285,0.0,0.4,0.2,1.0,1.0000000000000002,2.0,nan,0.0,0.7219280948873623,0.38461538461538464,5.830648523588918,0.16047167099477777,0.3068688169425099,2
0.0,0.0,0.0,0.0,0.0,0.0,0.0,0.0,nan,0.0,nan,0.0,3.4661976109059578e-09,0.2727272727272727,14.060972400017457,0.0,0.0,0
0.3333333333333333,0.16666666666666666,0.16666666666666666,0.0,0.0,1.0,0.0,3.0,nan,0.0,nan,nan,1.0,0.42857142857142855,14.060972400017457,0.35801219385540306,0.35801219385540306,1
0.0,0.0,0.0,0.0,0.0,0.5,0.0,249999999.99999997,nan,1.0,nan,nan,0.8112781244591328,0.0,14.060972400017457,0.03933222942815187,0.45957408101879677,2
0.0,0.0,0.0,0.0,0.0,0.0,0.0,0.0,nan,0.0,nan,0.0,3.4661976109059578e-09,0.3,2.062534798864726,0.0,0.0,0
0.2,0.0,0.2,0.0,0.23076923076923078,0.16666666666666666,0.2,198717948.71794873,0.9999999999999998,2.0,0.7691681814271709,0.3888888888888889,0.7193565701138251,0.14285714285714285,2.062534798864726,0.28813026117452106,0.28813026117452106,1
0.0,0.0,0.0,0.0,0.0,0.1111111111111111,0.0,55555555.55555555,1.0,2.0,1.0,-0.14285714285714285,0.3095434291503252,0.36666666666666664,2.062534798864726,0.07630999804001459,0.30793265265395225,2
0.0,0.0,0.0,0.0,0.0,0.0,0.0,0.0,nan,0.0,nan,0.0,3.4661976109059578e-09,0.34615384615384615,6.634157972217696,0.0,0.0,0
0.25,0.125,0.125,0.125,0.0,0.0,0.0,0.0,nan,0.0,nan,nan,3.4661976109059578e-09,0.38095238095238093,6.634157972217696,0.40604441685513915,0.40604441685513915,1
0.16666666666666666,0.0,0.16666666666666666,0.16666666666666666,0.25,0.0,0.16666666666666666,124999999.99999999,nan,0.0,nan,0.0,0.5435644431995964,0.2857142857142857,6.634157972217696,0.16339471299370772,0.5025458069742248,2
0.0,0.0,0.0,0.0,0.0,0.125,0.0,62499999.99999999,1.0,2.0,1.0,-0.16666666666666663,0.3372900666170139,0.35,7.5874827393119615,0.0,0.0,0
0.25,0.25,0.0,0.0,0.0,0.0,0.25,0.0,nan,0.0,nan,0.0,3.4661976109059578e-09,0.2,7.5874827393119615,0.3376023238435375,0.3376023238435375,1
0.0,0.0,0.0,0.0,0.0,0.4,0.0,200000000.0,1.0000000000000002,4.0,nan,-1.0,0.7219280948873623,0.25,7.5874827393119615,0.11016977285055538,0.5320719270079193,2
0.14285714285714285,0.0,0.14285714285714285,0.0,0.0,0.0,0.14285714285714285,0.0,nan,0.0,0.0,0.0,3.4661976109059578e-09,0.2,4.324624182759037,0.0,0.0,0
0.125,0.0,0.125,0.0,0.16666666666666666,0.375,0.125,270833333.3333333,1.0,4.0,0.9056390622295665,-0.16666666666666669,0.8426578772022388,0.2962962962962963,4.324624182759037,0.4893703819056218,0.4893703819056218,1
0.25,0.0,0.25,0.2,0.0,0.0,0.25,0.0,nan,0.0,0.0,0.0,3.4661976109059578e-09,0.2857142857142857,4.324624182759037,0.03600209840968861,0.24184418077652137,2
0.0,0.0,0.0,0.0,0.18181818181818182,0.0,0.0,90909090.9090909,nan,0.0,nan,0.0,0.4394969869215134,0.2413793103448276,0.6652479662535571,0.0,0.0,0
0.2,0.2,0.0,0.2,0.25,0.25,0.2,1.25,1.0,3.0,1.0,-0.25819888974716115,0.8112781244591328,0.2222222222222222,0.6652479662535571,0.29908939147276387,0.29908939147276387,1
0.0,0.0,0.0,0.0,0.25,0.1875,0.0,218750000.0,1.0,6.0,0.8725478502593643,-0.24999999999999992,0.7578784625383954,0.20588235294117646,0.6652479662535571,0.13313911993871705,0.4326938595349552,2
0.0,0.0,0.0,0.0,0.1111111111111111,0.0,0.0,55555555.55555555,nan,0.0,nan,0.0,0.3095434291503252,0.08695652173913043,6.127815525521727,0.0,0.0,0
0.0,0.0,0.0,0.0,0.0,0.0,0.0,0.0,nan,0.0,nan,0.0,3.4661976109059578e-09,0.2916666666666667,6.127815525521727,0.14697820157523722,0.14697820157523722,1
0.5,0.1,0.4,0.0,0.0,0.0,0.30000000000000004,0.0,nan,0.0,nan,0.0,3.4661976109059578e-09,0.47619047619047616,6.127815525521727,0.07147159099070996,0.5455439770790065,2
0.0,0.0,0.0,0.0,0.0,0.0,0.0,0.0,nan,0.0,nan,nan,3.4661976109059578e-09,0.23529411764705882,11.440690036485371,0.0,0.0,0
0.5,0.0,0.5,0.0,0.0,0.3333333333333333,0.5,166666666.66666666,nan,2.0,nan,-1.0,0.6500224216483541,0.13333333333333333,11.440690036485371,0.15007384456626321,0.15007384456626321,1
0.0,0.0,0.0,0.2,0.0,0.0,0.0,0.0,nan,0.0,nan,nan,3.4661976109059578e-09,0.0,11.440690036485371,0.11240575003622114,0.599534079208998,2
0.0,0.0,0.0,0.0,0.0,0.0,0.0,0.0,nan,0.0,nan,0.0,3.4661976109059578e-09,0.14285714285714285,11.621573131475232,0.0,0.0,0
0.0,0.0,0.0,0.0,0.0,0.0,0.0,0.0,nan,0.0,nan,0.0,3.4661976109059578e-09,0.07142857142857142,11.621573131475232,0.2647645893041531,0.2647645893041531,1
0.3333333333333333,0.0,0.3333333333333333,0.0,0.0,0.0,0.3333333333333333,0.0,nan,0.0,nan,0.0,3.4661976109059578e-09,0.2,11.621573131475232,0.19686263841628418,0.441463275263294,2
0.0,0.0,0.0,0.0,0.0,0.0,0.0,0.0,nan,0.0,0.0,0.0,3.4661976109059578e-09,0.20930232558139536,0.49113382595372457,0.0,0.0,0
0.3,0.2,0.1,0.35714285714285715,0.25,0.3333333333333333,0.1,1.458333333333333,1.0,3.0,nan,-0.40824829046386296,0.8708644692353646,0.23809523809523808,0.49113382595372457,0.45440432498618066,0.45440432498618066,1
0.2727272727272727,0.18181818181818182,0.09090909090909091,0.0,0.375,0.1111111111111111,0.09090909090909091,1.3368055555555556,1.0,1.0,1.0,0.0,0.8000847445412096,0.2894736842105263,0.49113382595372457,0.166681114058893,0.5833894973427459,2
0.3333333333333333,0.3333333333333333,0.0,0.2,0.0,0.0,0.3333333333333333,0.0,nan,0.0,nan,nan,3.4661976109059578e-09,0.35294117647058826,7.828654343582943,0.0,0.0,0
0.0,0.0,0.0,0.0,0.0,0.0,0.0,0.0,nan,0.0,nan,0.0,3.4661976109059578e-09,0.11764705882352941,7.828654343582943,0.15406845272801206,0.15406845272801206,1
0.25,0.0,0.25,0.0,0.125,0.0,0.25,62499999.99999999,nan,0.0,0.0,0.0,0.3372900666170139,0.2,7.828654343582943,0.1342764913233983,0.46442038282145115,2
0.0,0.0,0.0,0.16666666666666666,0.0,0.0,0.0,0.0,nan,0.0,nan,0.0,3.4661976109059578e-09,0.0625,11.932469881333336,0.0,0.0,0
0.5,0.0,0.5,0.0,0.0,0.3333333333333333,0.5,166666666.66666666,nan,1.0,nan,0.0,0.6500224216483541,0.25,11.932469881333336,0.39491601892003825,0.39491601892003825,1
0.3333333333333333,0.0,0.3333333333333333,0.125,0.25,0.125,0.3333333333333333,187500000.0,1.0,2.0,1.0,-0.16666666666666663,0.6962122601251458,0.13043478260869565,11.932469881333336,0.19351282193509095,0.4741956129525408,2
0.16666666666666666,0.0,0.16666666666666666,0.0,0.0,0.0,0.16666666666666666,0.0,nan,0.0,nan,0.0,3.4661976109059578e-09,0.23076923076923078,3.2940996391826283,0.0,0.0,0
0.375,0.375,0.0,0.0,0.0,0.0,0.375,0.0,nan,0.0,nan,0.0,3.4661976109059578e-09,0.25,3.2940996391826283,0.08979443778801191,0.08979443778801191,1
0.0,0.0,0.0,0.0,0.0,0.3,0.0,150000000.0,0.9999999999999999,6.0,0.638988475962165,-0.5000000000000001,0.6098403047164004,0.18518518518518517,3.2940996391826283,0.024576335941106378,0.4303269560648816,2
0.0,0.0,0.0,0.15384615384615385,0.15384615384615385,0.0,0.0,76923076.92307693,nan,0.0,nan,0.0,0.39124356362925566,0.13157894736842105,1.9308859932212745,0.0,0.0,0
0.0,0.0,0.0,0.5555555555555556,0.2,0.3333333333333333,0.0,266666666.66666666,1.0,2.0,nan,0.16666666666666669,0.8366407419411672,0.25925925925925924,1.9308859932212745,0.2841648539740732,0.2841648539740732,1
0.09090909090909091,0.0,0.09090909090909091,0.375,0.0,0.0,0.09090909090909091,0.0,nan,0.0,nan,nan,3.4661976109059578e-09,0.3548387096774194,1.9308859932212745,0.07895390743233714,0.206592785785712,2
0.08333333333333333,0.08333333333333333,0.0,0.125,0.09090909090909091,0.08333333333333333,0.08333333333333333,1.0454545454545456,0.9999999999999998,1.0,1.0,0.0,0.4267870927647715,0.27906976744186046,0.6332819152431818,0.0,0.0,0
0.0,0.0,0.0,0.0,0.125,0.09090909090909091,0.0,107954545.45454545,0.9999999999999998,2.0,1.0,-0.1111111111111111,0.49371525311790193,0.16666666666666666,0.6332819152431818,0.32792034332356723,0.32792034332356723,1
0.125,0.125,0.0,0.0,0.09090909090909091,0.08333333333333333,0.125,0.696969696969697,0.9999999999999998,2.0,1.0,-0.10000000000000003,0.4267870927647715,0.21621621621621623,0.6332819152431818,0.16072355264115354,0.5096944376064785,2
0.3333333333333333,0.3333333333333333,0.0,0.0,0.1111111111111111,0.0,0.3333333333333333,0.16666666666666666,nan,0.0,nan,0.0,0.3095434291503252,0.13636363636363635,3.907517978690942,0.0,0.0,0
0.125,0.125,0.25,0.3333333333333333,0.3333333333333333,0.3333333333333333,0.125,2.6666666666666665,1.0,2.0,nan,0.16666666666666669,0.9182958340544896,0.34782608695652173,3.907517978690942,0.4090129815846809,0.4090129815846809,1
0.4444444444444444,0.0,0.4444444444444444,0.0,0.16666666666666666,0.0,0.4444444444444444,83333333.33333333,nan,0.0,nan,0.0,0.41381685030363374,0.375,3.907517978690942,0.15804202412728974,0.5451380386523792,2
0.0,0.0,0.0,0.0,0.0,0.0,0.0,0.0,nan,0.0,nan,nan,3.4661976109059578e-09,0.4,14.295457602289368,0.0,0.0,0
0.25,0.25,0.0,0.0,0.25,0.0,0.25,0.5,nan,0.0,nan,nan,0.5435644431995964,0.36363636363636365,14.295457602289368,0.17885679236337193,0.17885679236337193,1
1.0,1.0,0.0,0.14285714285714285,0.0,0.0,1.0,0.0,nan,0.0,nan,nan,3.4661976109059578e-09,0.07692307692307693,14.295457602289368,0.03084006017523215,0.23796923712000118,2
0.0,0.0,0.0,0.0,0.0,0.16666666666666666,0.0,83333333.33333333,1.0000000000000002,2.0,nan,-0.24999999999999994,0.41381685030363374,0.3,9.795011596191378,0.0,0.0,0
0.0,0.0,0.0,0.3333333333333333,0.5,0.0,0.0,249999999.99999997,nan,0.0,nan,0.0,0.8112781244591328,0.35714285714285715,9.795011596191378,0.3502648953069717,0.3502648953069717,1
0.2,0.0,0.2,0.16666666666666666,0.2,0.0,0.2,100000000.0,nan,0.0,nan,nan,0.4689955935892812,0.2777777777777778,9.795011596191378,0.18391528597118711,0.33478942099983644,2
0.0,0.0,0.0,0.0,0.0,0.0,0.0,0.0,nan,0.0,nan,nan,3.4661976109059578e-09,0.28,7.8563909289673015,0.0,0.0,0
0.0,0.0,0.0,0.2,0.3333333333333333,0.2857142857142857,0.0,309523809.5238095,1.0000000000000002,2.0,nan,0.25,0.8926230133850986,0.18181818181818182,7.8563909289673015,0.39001161535142137,0.39001161535142137,1
0.0,0.0,0.0,0.0,0.0,0.0,0.0,0.0,nan,0.0,nan,0.0,3.4661976109059578e-09,0.3157894736842105,7.8563909289673015,0.13898678935255582,0.43839140845591673,2
0.0,0.0,0.0,0.0,0.0,0.0,0.0,0.0,nan,0.0,0.0,0.0,3.4661976109059578e-09,0.15,6.790292697593994,0.0,0.0,0
0.0,0.0,0.0,0.0,0.3333333333333333,0.0,0.0,166666666.66666666,nan,0.0,nan,nan,0.6500224216483541,0.2857142857142857,6.790292697593994,0.14395523935651167,0.14395523935651167,1
0.0,0.0,0.0,0.4,0.0,0.1111111111111111,0.0,55555555.55555555,1.0,2.0,1.0,-0.14285714285714285,0.3095434291503252,0.19047619047619047,6.790292697593994,0.038288629701053206,0.22480302296685864,2
0.07692307692307693,0.07692307692307693,0.0,0.0,0.0,0.1,0.07692307692307693,0.65,1.0,2.0,1.0,-0.125,0.28639695711595625,0.41935483870967744,5.06049440139979,0.0,0.0,0
0.0,0.0,0.0,0.0,0.0,0.0,0.0,0.0,nan,0.0,nan,0.0,3.4661976109059578e-09,0.45454545454545453,5.06049440139979,0.11677028764876299,0.11677028764876299,1
0.0,0.0,0.0,0.0,0.14285714285714285,0.14285714285714285,0.0,142857142.85714284,1.0000000000000002,1.0,nan,0.0,0.5916727785823273,0.21739130434782608,5.06049440139979,0.07979978706232493,0.3370564846162874,2
0.0,0.0,0.0,0.0,0.3333333333333333,0.3333333333333333,0.0,333333333.3333333,nan,1.0,nan,0.0,0.9182958340544896,0.125,13.209906222116928,0.0,0.0,0
0.5,0.5,0.0,0.0,0.0,0.0,0.5,0.0,nan,0.0,nan,0.0,3.4661976109059578e-09,0.2222222222222222,13.209906222116928,0.21980026635140426,0.21980026635140426,1
0.0,0.0,0.0,0.25,0.25,0.6666666666666666,0.0,458333333.3333333,nan,1.0,nan,0.0,0.99498482818597,0.15384615384615385,13.209906222116928,0.1985571561289826,0.2924306537958038,2
0.6666666666666666,0.6666666666666666,0.0,0.0,0.125,0.0,0.6666666666666666,0.09375,nan,0.0,nan,nan,0.3372900666170139,0.21428571428571427,13.564314267998302,0.0,0.0,0
0.0,0.0,0.0,0.0,1.0,0.0,0.0,499999999.99999994,nan,0.0,nan,0.0,1.0,0.125,13.564314267998302,0.10488332699663666,0.10488332699663666,1
1.0,0.0,1.0,0.0,0.3333333333333333,1.0,1.0,666666666.6666666,nan,0.0,nan,nan,0.9182958340544896,0.16666666666666666,13.564314267998302,0.19631887766933995,0.22109408983701614,2
0.0,0.0,0.0,0.0,0.0,0.0,0.0,0.0,nan,0.0,nan,0.0,3.4661976109059578e-09,0.23076923076923078,11.079766978680045,0.0,0.0,0
0.0,0.0,0.0,0.0,0.0,0.0,0.0,0.0,nan,0.0,nan,nan,3.4661976109059578e-09,0.09090909090909091,11.079766978680045,0.07660634370638884,0.07660634370638884,1
0.3333333333333333,0.0,0.3333333333333333,0.0,0.0,0.16666666666666666,0.3333333333333333,83333333.33333333,1.0000000000000002,1.0,nan,0.0,0.41381685030363374,0.16666666666666666,11.079766978680045,0.11614415594457533,0.34408833550685847,2
0.0,0.0,0.0,0.0,0.0,0.0,0.0,0.0,nan,0.0,nan,0.0,3.4661976109059578e-09,0.3,9.404147113751517,0.0,0.0,0
0.0,0.0,0.0,0.0,0.16666666666666666,0.0,0.0,83333333.33333333,nan,0.0,nan,0.0,0.41381685030363374,0.125,9.404147113751517,0.2394315209714562,0.2394315209714562,1
0.0,0.0,0.0,0.25,0.4,0.0,0.0,200000000.0,nan,0.0,nan,0.0,0.7219280948873623,0.2,9.404147113751517,0.12469553218063514,0.2853281107666029,2
0.14285714285714285,0.14285714285714285,0.0,0.0,0.0,0.125,0.14285714285714285,0.4375,1.0,2.0,1.0,-0.16666666666666663,0.3372900666170139,0.2413793103448276,1.766089928919385,0.0,0.0,0
0.1111111111111111,0.0,0.1111111111111111,0.16666666666666666,0.0,0.3,0.1111111111111111,150000000.0,0.9999999999999999,4.0,0.852470593212887,0.0,0.6098403047164004,0.2571428571428571,1.766089928919385,0.41298009086338194,0.41298009086338194,1
0.2631578947368421,0.05263157894736842,0.21052631578947367,0.3333333333333333,0.2,0.25,0.15789473684210525,4.275,1.0,5.0,0.7956176024115138,-0.288675134594813,0.7691928290130138,0.3584905660377358,1.766089928919385,0.09793285048947412,0.20523430132169918,2
0.0,0.0,0.0,0.0,0.0,0.0,0.0,0.0,nan,0.0,nan,nan,3.4661976109059578e-09,0.5,14.195541134403642,0.0,0.0,0
0.0,0.0,0.0,0.0,0.0,0.0,0.0,0.0,nan,0.0,nan,nan,3.4661976109059578e-09,0.2727272727272727,14.195541134403642,0.1108894895057452,0.1108894895057452,1
0.5,0.0,0.5,0.0,0.0,0.0,0.5,0.0,nan,0.0,nan,0.0,3.4661976109059578e-09,0.16666666666666666,14.195541134403642,0.07763071325651202,0.5551795771081669,2
0.0,0.0,0.0,0.5,0.25,0.0,0.0,124999999.99999999,nan,0.0,nan,0.0,0.5435644431995964,0.1875,9.838187950308999,0.0,0.0,0
0.3333333333333333,0.3333333333333333,0.0,0.14285714285714285,0.0,0.0,0.3333333333333333,0.0,nan,0.0,nan,nan,3.4661976109059578e-09,0.23076923076923078,9.838187950308999,0.21192149541696048,0.21192149541696048,1
0.0,0.0,0.0,0.25,0.0,0.2,0.0,100000000.0,1.0000000000000002,2.0,nan,-0.3333333333333333,0.4689955935892812,0.13333333333333333,9.838187950308999,0.043908445609923914,0.4239030039112458,2
0.14285714285714285,0.14285714285714285,0.0,0.2,0.0,0.0,0.14285714285714285,0.0,nan,0.0,0.0,0.0,3.4661976109059578e-09,0.21875,2.3101319966163607,0.0,0.0,0
0.42857142857142855,0.21428571428571427,0.21428571428571427,0.2,0.16666666666666666,0.14285714285714285,0.0,0.7222222222222223,1.0000000000000004,2.0,nan,-0.19999999999999993,0.6216297820565386,0.32558139534883723,2.3101319966163607,0.28014504210303026,0.28014504210303026,1
0.0,0.0,0.0,0.14285714285714285,0.2727272727272727,0.07142857142857142,0.0,172077922.07792205,0.9999999999999996,2.0,1.0,-0.08333333333333329,0.6624361819583482,0.2,2.3101319966163607,0.08115587644426815,0.480610645265527,2
0.25,0.0,0.25,0.0,0.0,0.0,0.25,0.0,nan,0.0,nan,0.0,3.4661976109059578e-09,0.2857142857142857,7.092442874535724,0.0,0.0,0
0.2,0.2,0.0,0.0,0.0,0.0,0.2,0.0,nan,0.0,nan,0.0,3.4661976109059578e-09,0.2777777777777778,7.092442874535724,0.141910666410001,0.141910666410001,1
0.0,0.0,0.0,0.0,0.25,0.07692307692307693,0.0,163461538.46153846,1.0000000000000002,2.0,1.0,-0.0909090909090909,0.6425267139094082,0.16666666666666666,7.092442874535724,0.06854452436637369,0.4076392954641054,2
0.0,0.0,0.0,0.2,0.0,0.0,0.0,0.0,nan,0.0,nan,0.0,3.4661976109059578e-09,0.5,7.189286838071852,0.0,0.0,0
0.0,0.0,0.0,0.0,0.0,0.2,0.0,100000000.0,1.0000000000000002,2.0,nan,-0.3333333333333333,0.4689955935892812,0.047619047619047616,7.189286838071852,0.15157573508748395,0.15157573508748395,1
0.6,0.0,0.6,0.2,0.2857142857142857,0.1,0.6,192857142.85714284,1.0,2.0,1.0,-0.125,0.7074102647211817,0.18518518518518517,7.189286838071852,0.13392552705036795,0.5654795695710982,2
0.0,0.0,0.0,0.0,0.1111111111111111,0.0,0.0,55555555.55555555,nan,0.0,nan,0.0,0.3095434291503252,0.2608695652173913,9.058579705022755,0.0,0.0,0
0.0,0.0,0.0,0.0,0.16666666666666666,0.125,0.0,145833333.3333333,1.0,2.0,1.0,-0.16666666666666663,0.599314237309809,0.05263157894736842,9.058579705022755,0.24780638781886338,0.24780638781886338,1
0.0,0.0,0.0,0.0,0.2,0.0,0.0,100000000.0,nan,0.0,nan,nan,0.4689955935892812,0.1111111111111111,9.058579705022755,0.05350102031598965,0.5095320675917039,2
0.0,0.0,0.0,0.07142857142857142,0.0,0.0,0.0,0.0,nan,0.0,nan,0.0,3.4661976109059578e-09,0.1724137931034483,0.8367817288804974,0.0,0.0,0
0.5555555555555556,0.2222222222222222,0.3333333333333333,0.125,0.18181818181818182,0.0,0.1111111111111111,0.4090909090909091,nan,0.0,0.0,0.0,0.4394969869215134,0.23684210526315788,0.8367817288804974,0.2691648135770824,0.2691648135770824,1
0.1,0.1,0.0,0.4,0.3333333333333333,0.2,0.1,2.6666666666666665,1.0000000000000002,4.0,0.8187072004469373,-0.2857142857142857,0.8366407419411672,0.3225806451612903,0.8367817288804974,0.19746888940013171,0.326303714265216,2
0.125,0.0,0.125,0.16666666666666666,0.0,0.0,0.125,0.0,nan,0.0,nan,0.0,3.4661976109059578e-09,0.32,5.352100039950364,0.0,0.0,0
0.0,0.0,0.0,0.16666666666666666,0.0,0.2,0.0,100000000.0,1.0000000000000002,2.0,nan,-0.3333333333333333,0.4689955935892812,0.13333333333333333,5.352100039950364,0.33938629682104365,0.33938629682104365,1
0.1,0.1,0.0,0.0,0.0,0.25,0.1,1.25,1.0,1.0,nan,0.0,0.5435644431995964,0.4,5.352100039950364,0.055590177708841976,0.20286127836568799,2
0.0,0.0,0.0,0.0,0.0,0.0,0.0,0.0,nan,0.0,nan,nan,3.4661976109059578e-09,0.75,13.697451229873707,0.0,0.0,0
0.42857142857142855,0.42857142857142855,0.2857142857142857,0.5,0.0,0.0,0.14285714285714285,0.0,nan,0.0,nan,nan,3.4661976109059578e-09,0.5384615384615384,13.697451229873707,0.16242379943115653,0.16242379943115653,1
0.0,0.0,0.0,0.3333333333333333,0.0,0.5,0.0,249999999.99999997,nan,1.0,nan,nan,0.8112781244591328,0.0,13.697451229873707,0.18625587180928763,0.42214591794714773,2
0.16666666666666666,0.0,0.16666666666666666,0.1111111111111111,0.25,0.0,0.16666666666666666,124999999.99999999,nan,0.0,nan,0.0,0.5435644431995964,0.20689655172413793,5.671793929699932,0.0,0.0,0
0.0,0.0,0.0,0.4,0.125,0.0,0.0,62499999.99999999,nan,0.0,nan,0.0,0.3372900666170139,0.23809523809523808,5.671793929699932,0.421616039597179,0.421616039597179,1
0.0,0.0,0.0,0.3,0.1111111111111111,0.5,0.0,305555555.5555556,nan,1.0,nan,nan,0.8879763195151349,0.36363636363636365,5.671793929699932,0.09130915761460659,0.3355548193670029,2
0.125,0.125,0.0,0.0,0.0,0.0,0.125,0.0,nan,0.0,nan,0.0,3.4661976109059578e-09,0.4,2.030221332067933,0.0,0.0,0
0.0,0.0,0.0,0.09090909090909091,0.0,0.0,0.0,0.0,nan,0.0,nan,0.0,3.4661976109059578e-09,0.24,2.030221332067933,0.16874684423011643,0.16874684423011643,1
0.1,0.0,0.1,0.3333333333333333,0.1,0.2857142857142857,0.1,192857142.85714284,0.9999999999999999,3.0,nan,-0.31622776601683794,0.7074102647211817,0.30303030303030304,2.030221332067933,0.10222423174198801,0.4391519682749414,2
0.3333333333333333,0.3333333333333333,0.0,0.0,0.0,0.0,0.3333333333333333,0.0,nan,0.0,nan,nan,3.4661976109059578e-09,0.25,14.460037596608032,0.0,0.0,0
0.0,0.0,0.0,0.0,0.0,0.0,0.0,0.0,nan,0.0,nan,nan,3.4661976109059578e-09,0.2857142857142857,14.460037596608032,0.4836353216220964,0.4836353216220964,1
0.0,0.0,0.0,1.0,0.0,0.0,0.0,0.0,nan,0.0,nan,0.0,3.4661976109059578e-09,0.2222222222222222,14.460037596608032,0.18490520713070854,0.32428641741807857,2
0.0,0.0,0.0,0.0,0.0,0.0,0.0,0.0,nan,0.0,nan,0.0,3.4661976109059578e-09,0.16666666666666666,7.070474887517146,0.0,0.0,0
0.25,0.16666666666666666,0.08333333333333333,0.0,0.6666666666666666,0.25,0.08333333333333333,2.75,1.0,1.0,nan,0.0,0.99498482818597,0.5217391304347826,7.070474887517146,0.28772655464318925,0.28772655464318925,1
0.16666666666666666,0.0,0.16666666666666666,0.2222222222222222,0.0,0.6,0.16666666666666666,300000000.0,1.0000000000000002,2.0,nan,-0.3333333333333333,0.8812908992306927,0.2727272727272727,7.070474887517146,0.07353072456427732,0.25890301646200664,2
0.0,0.0,0.0,0.0,0.0,0.0,0.0,0.0,nan,0.0,0.0,0.0,3.4661976109059578e-09,0.20588235294117646,0.7019006222923546,0.0,0.0,0
0.125,0.0625,0.0625,0.0,0.0,0.07692307692307693,0.0,0.6153846153846154,1.0000000000000002,2.0,1.0000000000000002,-0.0909090909090909,0.23519338181924143,0.3076923076923077,0.7019006222923546,0.3281328471010601,0.3281328471010601,1
0.18181818181818182,0.09090909090909091,0.09090909090909091,0.0,0.14285714285714285,0.1875,0.0,1.8169642857142856,1.0,5.0,0.8550483362146539,-0.19611613513818402,0.6465556429180541,0.23404255319148937,0.7019006222923546,0.15439068487710736,0.532479684959553,2
0.0,0.0,0.0,0.0,0.0,0.0,0.0,0.0,nan,0.0,nan,0.0,3.4661976109059578e-09,0.29411764705882354,5.509702945931533,0.0,0.0,0
0.3333333333333333,0.16666666666666666,0.16666666666666666,0.2857142857142857,0.4,0.0,0.0,1.2000000000000002,nan,0.0,nan,0.0,0.7219280948873623,0.2608695652173913,5.509702945931533,0.3114671027589102,0.3114671027589102,1
0.2,0.2,0.0,0.0,0.6666666666666666,0.1111111111111111,0.2,1.9444444444444442,1.0,1.0,1.0,0.0,0.964078764808229,0.21739130434782608,5.509702945931533,0.10175986106862489,0.25715420574298375,2
0.16666666666666666,0.16666666666666666,0.0,0.0,0.0,0.0,0.16666666666666666,0.0,nan,0.0,0.0,0.0,3.4661976109059578e-09,0.2,5.557283865214645,0.0,0.0,0
0.2,0.1,0.1,0.0,0.3333333333333333,0.0,0.0,1.6666666666666665,nan,0.0,nan,0.0,0.6500224216483541,0.37037037037037035,5.557283865214645,0.20771328350905466,0.20771328350905466,1
0.25,0.0,0.25,0.16666666666666666,0.4,0.2857142857142857,0.25,342857142.85714287,1.0000000000000002,2.0,nan,0.25,0.9275265884316759,0.18181818181818182,5.557283865214645,0.19036075595881052,0.4414425838124192,2
0.15384615384615385,0.15384615384615385,0.0,0.0,0.07142857142857142,0.08333333333333333,0.15384615384615385,0.5029761904761905,0.9999999999999998,2.0,1.0,-0.10000000000000003,0.39288290400887316,0.24074074074074073,0.8865413201139677,0.0,0.0,0
0.0,0.0,0.0,0.0,0.0,0.2,0.0,100000000.0,1.0,1.0,nan,0.0,0.4689955935892812,0.23529411764705882,0.8865413201139677,0.10910064055711594,0.10910064055711594,1
0.0,0.0,0.0,0.16666666666666666,0.29411764705882354,0.3333333333333333,0.0,313725490.1960784,0.9999999999999999,5.0,0.7057890401574857,-0.4472135954999579,0.8974271930876951,0.1111111111111111,0.8865413201139677,0.16461988289988988,0.526166837304731,2
0.0,0.0,0.0,0.0,0.0,0.0,0.0,0.0,nan,0.0,nan,0.0,3.4661976109059578e-09,0.14285714285714285,11.221341524973235,0.0,0.0,0
0.0,0.0,0.0,0.0,0.3333333333333333,0.6,0.0,466666666.6666666,1.0000000000000002,3.0,nan,-0.5773502691896258,0.9967916319816366,0.23076923076923078,11.221341524973235,0.3473469459292805,0.3473469459292805,1
0.0,0.0,0.0,0.0,0.0,0.0,0.0,0.0,nan,0.0,nan,0.0,3.4661976109059578e-09,0.08333333333333333,11.221341524973235,0.05261228118547133,0.5903994411579245,2
0.0,0.0,0.0,0.0,0.14285714285714285,0.0,0.0,71428571.42857142,nan,0.0,nan,0.0,0.37123232664087563,0.36363636363636365,3.4247862051717815,0.0,0.0,0
0.07692307692307693,0.0,0.07692307692307693,0.2,0.125,0.0,0.07692307692307693,62499999.99999999,nan,0.0,nan,0.0,0.3372900666170139,0.38235294117647056,3.4247862051717815,0.10827909230950145,0.10827909230950145,1
0.0,0.0,0.0,0.06666666666666667,0.0,0.0,0.0,0.0,nan,0.0,nan,0.0,3.4661976109059578e-09,0.11428571428571428,3.4247862051717815,0.12046002231211787,0.4363575052378682,2
0.25,0.25,0.0,0.0,0.0,1.0,0.25,2.0,nan,0.0,nan,nan,1.0,0.4,13.891238212636397,0.0,0.0,0
0.0,0.0,0.0,0.0,0.0,0.3333333333333333,0.0,166666666.66666666,nan,1.0,nan,0.0,0.6500224216483541,0.09090909090909091,13.891238212636397,0.4749951466323936,0.4749951466323936,1
0.5,0.5,0.0,0.25,0.0,0.0,0.5,0.0,nan,0.0,nan,nan,3.4661976109059578e-09,0.18181818181818182,13.891238212636397,0.18459595324237393,0.28841539122345433,2
0.0,0.0,0.0,0.1,0.0,0.125,0.0,62499999.99999999,1.0,1.0,1.0,0.0,0.3372900666170139,0.18421052631578946,0.5690373907528046,0.0,0.0,0
0.2222222222222222,0.2222222222222222,0.2222222222222222,0.14285714285714285,0.07692307692307693,0.3333333333333333,0.0,0.9230769230769231,1.0,3.0,nan,-0.40824829046386296,0.7320666900931936,0.2571428571428571,0.5690373907528046,0.27508695373640696,0.27508695373640696,1
0.0,0.0,0.0,0.09090909090909091,0.1111111111111111,0.2,0.0,155555555.55555555,1.0000000000000002,1.0,nan,0.0,0.6235702082127974,0.2857142857142857,0.5690373907528046,0.09489376200557402,0.22027722931764862,2
0.0,0.0,0.0,0.3333333333333333,0.0,0.0,0.0,0.0,nan,0.0,nan,0.0,3.4661976109059578e-09,0.25,14.571690161173926,0.0,0.0,0
0.0,0.0,0.0,0.0,0.0,0.3333333333333333,0.0,166666666.66666666,nan,1.0,nan,0.0,0.6500224216483541,0.2222222222222222,14.571690161173926,0.09707416373135022,0.09707416373135022,1
0.0,0.0,0.0,1.0,0.0,0.0,0.0,0.0,nan,0.0,nan,0.0,3.4661976109059578e-09,0.2222222222222222,14.571690161173926,0.18748539678914516,0.4442650543467961,2
0.1,0.1,0.0,0.0,0.0,0.0,0.1,0.0,nan,0.0,nan,0.0,3.4661976109059578e-09,0.3225806451612903,3.9535857862108177,0.0,0.0,0
0.16666666666666666,0.0,0.16666666666666666,0.0,0.0,0.2857142857142857,0.16666666666666666,142857142.85714284,1.0000000000000002,2.0,nan,0.25,0.5916727785823273,0.2,3.9535857862108177,0.3501069840873835,0.3501069840873835,1
0.0,0.25,0.25,0.0,0.14285714285714285,0.0,0.0,0.2857142857142857,nan,0.0,nan,0.0,0.37123232664087563,0.17391304347826086,3.9535857862108177,0.09569486472275208,0.549386366579729,2
0.1111111111111111,0.1111111111111111,0.0,0.0,0.16666666666666666,0.0,0.1111111111111111,0.75,nan,0.0,nan,0.0,0.41381685030363374,0.34615384615384615,5.223374848718921,0.0,0.0,0
0.4,0.2,0.2,0.125,0.3333333333333333,0.2,0.0,1.3333333333333333,1.0000000000000002,2.0,nan,-0.3333333333333333,0.8366407419411672,0.23809523809523808,5.223374848718921,0.43793045086079296,0.43793045086079296,1
0.0,0.0,0.0,0.0,0.2,0.0,0.0,100000000.0,nan,0.0,nan,0.0,0.4689955935892812,0.2727272727272727,5.223374848718921,0.10704748667103099,0.37288854481879086,2
0.0,0.0,0.0,0.0,0.0,0.0,0.0,0.0,nan,0.0,nan,0.0,3.4661976109059578e-09,0.3684210526315789,7.359637033383516,0.0,0.0,0
0.25,0.25,0.0,0.0,0.25,0.0,0.25,0.5,nan,0.0,nan,0.0,0.5435644431995964,0.25,7.359637033383516,0.09294491246500716,0.09294491246500716,1
0.3333333333333333,0.16666666666666666,0.16666666666666666,0.25,0.8,0.0,0.0,2.4000000000000004,nan,0.0,nan,0.0,0.9709505944546686,0.3333333333333333,7.359637033383516,0.05133149071707606,0.5900628685425993,2
0.2,0.2,0.0,0.2,0.0,0.2,0.2,0.5,1.0000000000000002,2.0,nan,-0.3333333333333333,0.4689955935892812,0.29411764705882354,8.874126771638348,0.0,0.0,0
0.6666666666666666,0.3333333333333333,0.3333333333333333,0.16666666666666666,0.4,0.25,0.0,0.9750000000000001,1.0,2.0,nan,-0.5,0.9097361225311662,0.16666666666666666,8.874126771638348,0.4112285381878918,0.4112285381878918,1
0.5,0.0,0.5,0.0,0.25,0.3333333333333333,0.5,291666666.6666666,1.0,3.0,nan,-0.40824829046386296,0.8708644692353646,0.13333333333333333,8.874126771638348,0.04103308896795129,0.2965283834591001,2
1.0,0.0,1.0,0.0,0.0,0.0,1.0,0.0,nan,0.0,nan,0.0,3.4661976109059578e-09,0.04,5.652543829181824,0.0,0.0,0
0.0,0.0,0.0,0.0,0.4,0.0,0.0,200000000.0,nan,0.0,nan,0.0,0.7219280948873623,0.058823529411764705,5.652543829181824,0.17528535420059121,0.17528535420059121,1
0.0,0.0,0.0,0.0,0.3333333333333333,0.25,0.0,291666666.6666666,1.0,1.0,nan,0.0,0.8708644692353646,0.16666666666666666,5.652543829181824,0.08221286607780279,0.24215269890686086,2
0.0,0.0,0.0,0.0,0.0,0.08333333333333333,0.0,41666666.666666664,0.9999999999999998,2.0,1.0,-0.10000000000000003,0.24988229283318544,0.2857142857142857,3.181944672787794,0.0,0.0,0
0.2222222222222222,0.0,0.2222222222222222,0.0,0.3333333333333333,0.0,0.2222222222222222,166666666.66666666,nan,0.0,nan,0.0,0.6500224216483541,0.3103448275862069,3.181944672787794,0.19733120285514982,0.19733120285514982,1
0.14285714285714285,0.14285714285714285,0.0,0.16666666666666666,0.18181818181818182,0.2,0.14285714285714285,1.3363636363636364,1.0000000000000002,2.0,nan,-0.3333333333333333,0.7033693386668108,0.2413793103448276,3.181944672787794,0.1853127324110837,0.5586185050487473,2
0.2857142857142857,0.0,0.2857142857142857,0.0,0.0,0.0,0.2857142857142857,0.0,nan,0.0,0.0,0.0,3.4661976109059578e-09,0.21875,3.9483365614025705,0.0,0.0,0
0.0,0.0,0.0,0.14285714285714285,0.0,0.1111111111111111,0.0,55555555.55555555,1.0,2.0,1.0,-0.14285714285714285,0.3095434291503252,0.3,3.9483365614025705,0.17774752545652744,0.17774752545652744,1
0.375,0.125,0.25,0.0,0.1,0.0,0.125,0.4,nan,0.0,nan,0.0,0.28639695711595625,0.3076923076923077,3.9483365614025705,0.14166420035227897,0.4597931927565418,2
0.25,0.25,0.0,0.0625,0.0,0.2,0.25,0.4,1.0000000000000002,2.0,nan,-0.3333333333333333,0.4689955935892812,0.12121212121212122,3.561007796157151,0.0,0.0,0
0.2857142857142857,0.2857142857142857,0.0,0.2,0.2,0.0,0.2857142857142857,0.35000000000000003,nan,0.0,nan,0.0,0.4689955935892812,0.3181818181818182,3.561007796157151,0.05422899855094915,0.05422899855094915,1
0.0,0.0,0.0,0.0,0.3333333333333333,0.09090909090909091,0.0,212121212.1212121,0.9999999999999998,1.0,1.0,0.0,0.7455178428108284,0.21739130434782608,3.561007796157151,0.14825337243974435,0.36967705401482187,2
0.0,0.0,0.0,0.0,0.0,0.0,0.0,0.0,nan,0.0,nan,0.0,3.4661976109059578e-09,0.0,11.582809561982762,0.0,0.0,0
0.0,0.0,0.0,0.25,0.0,0.0,0.0,0.0,nan,0.0,nan,0.0,3.4661976109059578e-09,0.2222222222222222,11.582809561982762,0.1224202307976083,0.1224202307976083,1
0.16666666666666666,0.16666666666666666,0.0,0.25,0.4,0.25,0.16666666666666666,1.9500000000000002,1.0,2.0,nan,-0.5,0.9097361225311662,0.3157894736842105,11.582809561982762,0.08563261931534065,0.49674843997212653,2
0.0,0.0,0.0,0.0,0.0,0.0,0.0,0.0,nan,0.0,0.0,0.0,3.4661976109059578e-09,0.1702127659574468,0.6108540002012053,0.0,0.0,0
0.0,0.0,0.0,0.0,0.4,0.4444444444444444,0.0,422222222.2222222,1.0000000000000002,3.0,0.875756643593441,0.2581988897471611,0.9824740868386409,0.1,0.6108540002012053,0.4729585956281997,0.4729585956281997,1
0.0,0.0,0.0,0.1,0.1111111111111111,0.16666666666666666,0.0,138888888.8888889,0.9999999999999998,4.0,0.8223773393621181,-0.2222222222222223,0.5813214987637028,0.24390243902439024,0.6108540002012053,0.10732143052333211,0.4979801853554605,2
1.0,1.0,0.0,0.0,0.0,0.0,1.0,0.0,nan,0.0,nan,0.0,3.4661976109059578e-09,0.09090909090909091,10.514409737915942,0.0,0.0,0
0.0,0.0,0.0,0.5,0.0,0.0,0.0,0.0,nan,0.0,nan,0.0,3.4661976109059578e-09,0.2727272727272727,10.514409737915942,0.057035521237146725,0.057035521237146725,1
0.0,0.0,0.0,0.0,0.0,0.16666666666666666,0.0,83333333.33333333,1.0000000000000002,1.0,nan,0.0,0.41381685030363374,0.2727272727272727,10.514409737915942,0.17241386882547588,0.2017264947751802,2
1.0,1.0,0.0,0.0,0.0,0.0,1.0,0.0,nan,0.0,nan,0.0,3.4661976109059578e-09,0.14285714285714285,14.516220531969205,0.0,0.0,0
0.25,0.25,0.0,0.0,0.0,0.0,0.25,0.0,nan,0.0,nan,0.0,3.4661976109059578e-09,0.3333333333333333,14.516220531969205,0.11346080021581569,0.11346080021581569,1
0.5,0.5,0.0,0.0,0.0,0.0,0.5,0.0,nan,0.0,nan,nan,3.4661976109059578e-09,0.3333333333333333,14.516220531969205,0.07643886642841204,0.32678928763878706,2
0.0,0.0,0.0,0.0,0.25,0.0,0.0,124999999.99999999,nan,0.0,nan,0.0,0.5435644431995964,0.3076923076923077,3.008645085337199,0.0,0.0,0
0.5,0.2,0.3,0.0,0.0,0.0,0.09999999999999998,0.0,nan,0.0,nan,0.0,3.4661976109059578e-09,0.3448275862068966,3.008645085337199,0.37793348717831654,0.37793348717831654,1
0.25,0.125,0.125,0.16666666666666666,0.18181818181818182,0.09090909090909091,0.0,1.0909090909090908,0.9999999999999997,2.0,1.0,-0.1111111111111111,0.5746356978376794,0.2222222222222222,3.008645085337199,0.12179348903246878,0.5742225040907536,2
0.0,0.0,0.0,0.0,0.0,0.0,0.0,0.0,nan,0.0,nan,nan,3.4661976109059578e-09,0.2727272727272727,12.9678288079779,0.0,0.0,0
0.25,0.0,0.25,0.0,0.25,0.3333333333333333,0.25,291666666.6666666,nan,1.0,nan,0.0,0.8708644692353646,0.3076923076923077,12.9678288079779,0.0746746641765353,0.0746746641765353,1
0.0,0.0,0.0,0.3333333333333333,0.2857142857142857,0.0,0.0,142857142.85714284,nan,0.0,nan,nan,0.5916727785823273,0.07692307692307693,12.9678288079779,0.12518064987878358,0.3817771312784867,2
0.0,0.0,0.0,0.0,0.0,0.2,0.0,100000000.0,1.0000000000000002,2.0,nan,-0.3333333333333333,0.4689955935892812,0.18181818181818182,6.958546176712057,0.0,0.0,0
0.0,0.0,0.0,0.0,0.0,0.75,0.0,375000000.0,1.0,2.0,nan,-0.5,0.954434002924965,0.30434782608695654,6.958546176712057,0.24428854540406342,0.24428854540406342,1
0.0,0.0,0.0,0.0,0.25,0.0,0.0,124999999.99999999,nan,0.0,0.0,0.0,0.5435644431995964,0.25,6.958546176712057,0.19952518521225748,0.22682946541725438,2
0.0,0.0,0.0,0.2,0.0,0.0,0.0,0.0,nan,0.0,nan,0.0,3.4661976109059578e-09,0.07692307692307693,11.143304880399949,0.0,0.0,0
0.0,0.0,0.0,0.0,0.0,0.0,0.0,0.0,nan,0.0,nan,0.0,3.4661976109059578e-09,0.07142857142857142,11.143304880399949,0.13919801979032626,0.13919801979032626,1
0.0,0.0,0.0,0.0,0.0,0.0,0.0,0.0,nan,0.0,nan,0.0,3.4661976109059578e-09,0.15384615384615385,11.143304880399949,0.06578604084178973,0.2660610842121373,2
0.0,0.0,0.0,0.0,0.0,0.0,0.0,0.0,nan,0.0,nan,0.0,3.4661976109059578e-09,0.14285714285714285,8.93320695397491,0.0,0.0,0
0.4,0.2,0.2,0.0,0.0,0.0,0.0,0.0,nan,0.0,nan,nan,3.4661976109059578e-09,0.45454545454545453,8.93320695397491,0.30861946830205234,0.30861946830205234,1
0.16666666666666666,0.0,0.16666666666666666,0.0,0.2,0.0,0.16666666666666666,100000000.0,nan,0.0,nan,0.0,0.4689955935892812,0.375,8.93320695397491,0.12448436622078908,0.2501704404643267,2
0.0,0.0,0.0,0.0,0.0,0.0,0.0,0.0,nan,0.0,nan,0.0,3.4661976109059578e-09,0.3333333333333333,8.084610210634052,0.0,0.0,0
0.0,0.0,0.0,0.3333333333333333,0.0,0.0,0.0,0.0,nan,0.0,nan,0.0,3.4661976109059578e-09,0.0,8.084610210634052,0.363344763667701,0.363344763667701,1
0.25,0.0,0.25,0.16666666666666666,0.0,0.5,0.25,249999999.99999997,1.0,3.0,nan,-0.16666666666666669,0.8112781244591328,0.2222222222222222,8.084610210634052,0.11258916653306858,0.4173583511608102,2
0.0,0.0,0.0,0.0,0.0,0.0,0.0,0.0,nan,0.0,nan,nan,3.4661976109059578e-09,0.2,10.466566930933531,0.0,0.0,0
0.16666666666666666,0.16666666666666666,0.0,0.0,0.0,0.0,0.16666666666666666,0.0,nan,0.0,nan,0.0,3.4661976109059578e-09,0.4,10.466566930933531,0.11010165454671564,0.11010165454671564,1
0.0,0.0,0.0,0.0,0.25,0.0,0.0,124999999.99999999,nan,0.0,nan,nan,0.5435644431995964,0.3333333333333333,10.466566930933531,0.1098336382520817,0.41075333968230177,2
0.1,0.0,0.1,0.0,0.0,0.0,0.1,0.0,nan,0.0,0.0,0.0,3.4661976109059578e-09,0.3448275862068966,6.591888658301293,0.0,0.0,0
0.0,0.0,0.0,0.2,0.1,0.0,0.0,50000000.0,nan,0.0,nan,0.0,0.28639695711595625,0.1,6.591888658301293,0.48626500184594507,0.48626500184594507,1
0.1111111111111111,0.1111111111111111,0.0,0.0,0.0,0.375,0.1111111111111111,1.6875,1.0,3.0,0.9056390622295665,0.09128709291752767,0.6962122601251458,0.3333333333333333,6.591888658301293,0.1251550287739115,0.2896260973015935,2
0.2,0.2,0.0,0.0,0.0,0.07142857142857142,0.2,0.17857142857142855,0.9999999999999998,2.0,1.0,-0.08333333333333331,0.222284830685688,0.1724137931034483,7.316194696528368,0.0,0.0,0
0.0,0.0,0.0,0.0,0.0,0.3333333333333333,0.0,166666666.66666666,nan,1.0,nan,0.0,0.6500224216483541,0.4444444444444444,7.316194696528368,0.0705994176701106,0.0705994176701106,1
0.4,0.2,0.2,0.0,0.0,0.3333333333333333,0.0,0.8333333333333333,1.0,4.0,nan,-0.6666666666666665,0.6500224216483541,0.35714285714285715,7.316194696528368,0.11598702319084825,0.2848042599286305,2
0.0,0.0,0.0,0.0,0.0,0.0,0.0,0.0,nan,0.0,nan,0.0,3.4661976109059578e-09,0.2727272727272727,10.890126993230695,0.0,0.0,0
0.0,0.0,0.0,0.0,0.5,0.3333333333333333,0.0,416666666.6666666,nan,2.0,nan,-1.0,0.9798687566511528,0.38461538461538464,10.890126993230695,0.14603731016640337,0.14603731016640337,1
0.0,0.0,0.0,0.25,0.0,0.0,0.0,0.0,nan,0.0,nan,0.0,3.4661976109059578e-09,0.23529411764705882,10.890126993230695,0.1553816624757046,0.4313679239326552,2
0.2,0.0,0.2,0.0,0.0,0.0,0.2,0.0,nan,0.0,0.0,0.0,3.4661976109059578e-09,0.21739130434782608,7.138721612785134,0.0,0.0,0
0.2857142857142857,0.14285714285714285,0.14285714285714285,0.3333333333333333,0.375,0.5,0.0,3.0625,1.0,3.0,nan,-1.0,0.9886994082884974,0.28,7.138721612785134,0.4466743283299407,0.4466743283299407,1
0.2,0.2,0.0,0.0,0.25,0.3333333333333333,0.2,1.458333333333333,nan,2.0,nan,-1.0,0.8708644692353646,0.2777777777777778,7.138721612785134,0.02660159056526549,0.2663774528155655,2
0.2,0.2,0.0,0.0,0.5,0.0,0.2,1.25,nan,0.0,nan,0.0,0.8112781244591328,0.3125,9.74757719388261,0.0,0.0,0
0.42857142857142855,0.14285714285714285,0.2857142857142857,0.0,0.14285714285714285,0.3333333333333333,0.14285714285714285,1.6666666666666667,1.0,3.0,nan,-0.40824829046386296,0.7918583525674836,0.2916666666666667,9.74757719388261,0.37087327236232553,0.37087327236232553,1
0.2,0.2,0.0,0.14285714285714285,0.2,0.125,0.2,0.8125,1.0,2.0,1.0,-0.16666666666666663,0.6402569436810504,0.2,9.74757719388261,0.06602367629589065,0.23596120142093993,2
0.2857142857142857,0.14285714285714285,0.14285714285714285,0.0,0.0,0.0,0.0,0.0,nan,0.0,nan,0.0,3.4661976109059578e-09,0.2916666666666667,2.8529880235906346,0.0,0.0,0
0.42857142857142855,0.42857142857142855,0.0,0.125,0.14285714285714285,0.4,0.42857142857142855,0.6333333333333334,1.0000000000000002,3.0,nan,-0.5773502691896258,0.8435070855739037,0.25925925925925924,2.8529880235906346,0.4080987546775155,0.4080987546775155,1
0.2857142857142857,0.0,0.2857142857142857,0.0,0.09090909090909091,0.09090909090909091,0.2857142857142857,90909090.9090909,0.9999999999999997,2.0,1.0,-0.1111111111111111,0.4394969869215134,0.21875,2.8529880235906346,0.1638715132930273,0.39148245690880445,2
0.3333333333333333,0.3333333333333333,0.0,0.0,0.0,0.0,0.3333333333333333,0.0,nan,0.0,nan,nan,3.4661976109059578e-09,0.5,12.33740393516196,0.0,0.0,0
0.0,1.0,1.0,0.0,0.0,0.0,0.0,0.0,nan,0.0,nan,nan,3.4661976109059578e-09,0.125,12.33740393516196,0.2488693928740412,0.2488693928740412,1
0.0,0.0,0.0,0.0,0.0,0.0,0.0,0.0,nan,0.0,nan,0.0,3.4661976109059578e-09,0.38461538461538464,12.33740393516196,0.07105530685643968,0.37542836867985224,2
0.09090909090909091,0.09090909090909091,0.0,0.0,0.0,0.0,0.09090909090909091,0.0,nan,0.0,nan,0.0,3.4661976109059578e-09,0.39285714285714285,7.361181500426579,0.0,0.0,0
0.25,0.25,0.0,0.16666666666666666,0.0,0.0,0.25,0.0,nan,0.0,0.0,0.0,3.4661976109059578e-09,0.18181818181818182,7.361181500426579,0.21462529610451814,0.21462529610451814,1
0.2,0.2,0.0,0.125,0.5,0.0,0.2,1.25,nan,0.0,nan,nan,0.8112781244591328,0.2631578947368421,7.361181500426579,0.1934728805821668,0.42514249223815836,2
0.0,0.0,0.0,0.0,0.0,0.0,0.0,0.0,nan,0.0,nan,0.0,3.4661976109059578e-09,0.25,1.9339907566985644,0.0,0.0,0
0.06666666666666667,0.06666666666666667,0.0,0.0,0.25,0.13333333333333333,0.06666666666666667,2.875,0.9999999999999998,2.0,0.8350841209576727,0.41666666666666674,0.7049450065963295,0.3488372093023256,1.9339907566985644,0.15711610642176485,0.15711610642176485,1
0.0,0.0,0.0,0.16666666666666666,0.125,0.0,0.0,62499999.99999999,nan,0.0,nan,0.0,0.3372900666170139,0.10344827586206896,1.9339907566985644,0.07010671067456584,0.5743920755919844,2
0.16666666666666666,0.16666666666666666,0.0,0.0,0.0,0.0,0.16666666666666666,0.0,nan,0.0,nan,nan,3.4661976109059578e-09,0.35294117647058826,8.486349020403113,0.0,0.0,0
0.0,0.0,0.0,0.0,0.0,0.2,0.0,100000000.0,1.0,2.0,nan,-0.3333333333333333,0.4689955935892812,0.3125,8.486349020403113,0.3147391203377632,0.3147391203377632,1
0.6,0.4,0.2,0.0,0.25,0.0,0.2,0.3125,nan,0.0,nan,nan,0.5435644431995964,0.29411764705882354,8.486349020403113,0.038136190867424535,0.37483150762642525,2
0.0,0.0,0.0,0.0,0.0,0.0,0.0,0.0,nan,0.0,nan,0.0,3.4661976109059578e-09,0.17647058823529413,7.274921978504344,0.0,0.0,0
0.0,0.0,0.0,0.0,0.5,0.16666666666666666,0.0,333333333.3333333,1.0,2.0,nan,-0.25,0.9182958340544896,0.19047619047619047,7.274921978504344,0.49198242715824514,0.49198242715824514,1
0.5,0.0,0.5,0.3333333333333333,0.0,0.5,0.5,249999999.99999997,nan,1.0,nan,nan,0.8112781244591328,0.2,7.274921978504344,0.0864544598624667,0.26952658601732066,2
0.3333333333333333,0.3333333333333333,0.0,0.0,0.5,0.0,0.3333333333333333,0.75,nan,0.0,nan,0.0,0.8112781244591328,0.2727272727272727,11.427127147720896,0.0,0.0,0
0.0,0.0,0.0,0.0,0.3333333333333333,0.0,0.0,166666666.66666666,nan,0.0,nan,nan,0.6500224216483541,0.5333333333333333,11.427127147720896,0.41227098620859964,0.41227098620859964,1
0.0,0.0,0.0,0.25,0.0,0.0,0.0,0.0,nan,0.0,nan,0.0,3.4661976109059578e-09,0.21428571428571427,11.427127147720896,0.025835085406542196,0.431989577938255,2
0.3333333333333333,0.0,0.3333333333333333,0.0,0.08333333333333333,0.1111111111111111,0.3333333333333333,97222222.22222221,1.0,1.0,1.0,0.0,0.46012788614713496,0.225,1.696263656097046,0.0,0.0,0
0.3333333333333333,0.16666666666666666,0.16666666666666666,0.0,0.2,0.1,0.0,0.9000000000000001,1.0,2.0,1.0,-0.125,0.6098403047164005,0.1935483870967742,1.696263656097046,0.26605328498355757,0.26605328498355757,1
0.3333333333333333,0.2222222222222222,0.1111111111111111,0.2857142857142857,0.0,0.1,0.1111111111111111,0.22500000000000003,1.0,2.0,1.0,-0.125,0.28639695711595625,0.2647058823529412,1.696263656097046,0.14868938724496605,0.5381829863350203,2
0.0,0.0,0.0,0.0,0.16666666666666666,0.0,0.0,83333333.33333333,nan,0.0,0.0,0.0,0.41381685030363374,0.3,0.9301747918269065,0.0,0.0,0
0.2222222222222222,0.1111111111111111,0.1111111111111111,0.2,0.16666666666666666,0.16666666666666666,0.0,1.5,1.0000000000000002,4.0,0.8563016702003321,-0.22222222222222224,0.6500224216483541,0.20930232558139536,0.9301747918269065,0.48253659955109957,0.48253659955109957,1
0.3333333333333333,0.0,0.3333333333333333,0.09090909090909091,0.2,0.25,0.3333333333333333,225000000.0,1.0,6.0,0.7956176024115138,-0.375,0.7691928290130138,0.17647058823529413,0.9301747918269065,0.06419290805705916,0.5434159479852622,2
0.0,0.0,0.0,0.0,0.0,0.1111111111111111,0.0,55555555.55555555,1.0,1.0,1.0,0.0,0.3095434291503252,0.2222222222222222,5.6642427364124845,0.0,0.0,0
0.4,0.6,0.2,0.25,0.2,0.08333333333333333,0.39999999999999997,0.2361111111111111,1.0,2.0,1.0,-0.10000000000000002,0.5885870739324579,0.16129032258064516,5.6642427364124845,0.32074603805997326,0.32074603805997326,1
0.125,0.0,0.125,0.4,0.2222222222222222,0.0,0.125,111111111.1111111,nan,0.0,nan,0.0,0.5032583347756457,0.3076923076923077,5.6642427364124845,0.04463453793470527,0.5135290440614599,2
0.0,0.0,0.0,0.3333333333333333,0.0,0.0,0.0,0.0,nan,0.0,nan,nan,3.4661976109059578e-09,0.35714285714285715,11.16617252861857,0.0,0.0,0
0.0,0.0,0.0,0.0,0.0,0.6,0.0,300000000.0,1.0000000000000002,1.0,nan,0.5773502691896258,0.8812908992306927,0.0,11.16617252861857,0.19653463845733843,0.19653463845733843,1
0.0,0.0,0.0,0.4,0.0,0.0,0.0,0.0,nan,0.0,nan,0.0,3.4661976109059578e-09,0.23076923076923078,11.16617252861857,0.07731735627792055,0.306636257630466,2
0.0,0.0,0.0,0.0,0.0,0.0,0.0,0.0,nan,0.0,nan,0.0,3.4661976109059578e-09,0.2222222222222222,6.238126608948396,0.0,0.0,0
0.2857142857142857,0.14285714285714285,0.14285714285714285,0.0,0.07142857142857142,0.0,0.0,0.25,nan,0.0,nan,nan,0.222284830685688,0.25,6.238126608948396,0.09485744184045808,0.09485744184045808,1
0.0,0.0,0.0,0.0,0.2857142857142857,0.0,0.0,142857142.85714284,nan,0.0,nan,0.0,0.5916727785823273,0.1875,6.238126608948396,0.08487174628882388,0.3878585909324349,2
0.0,0.0,0.0,0.0,0.0,0.0,0.0,0.0,nan,0.0,nan,0.0,3.4661976109059578e-09,0.3333333333333333,13.193873177246449,0.0,0.0,0
0.0,0.0,0.0,0.0,0.0,0.5,0.0,249999999.99999997,nan,1.0,nan,nan,0.8112781244591328,0.2857142857142857,13.193873177246449,0.16692306136725918,0.16692306136725918,1
0.0,0.0,0.0,0.0,0.0,0.0,0.0,0.0,nan,0.0,nan,0.0,3.4661976109059578e-09,0.125,13.193873177246449,0.19586975281707092,0.22930491608574954,2
0.0,0.0,0.0,0.0,0.0,0.0,0.0,0.0,nan,0.0,nan,0.0,3.4661976109059578e-09,0.2777777777777778,7.124052458331581,0.0,0.0,0
0.2857142857142857,0.14285714285714285,0.14285714285714285,0.4,0.3333333333333333,0.16666666666666666,0.0,1.75,1.0000000000000002,2.0,nan,-0.24999999999999994,0.8112781244591328,0.2916666666666667,7.124052458331581,0.3459446517350304,0.3459446517350304,1
0.3333333333333333,0.0,0.3333333333333333,0.0,0.2,0.2,0.3333333333333333,200000000.0,1.0000000000000002,2.0,nan,-0.3333333333333333,0.7219280948873623,0.3,7.124052458331581,0.06638354901348337,0.3052530904770355,2
0.0,0.0,0.0,0.0,0.16666666666666666,0.0,0.0,83333333.33333333,nan,0.0,nan,0.0,0.41381685030363374,0.25,7.224239770919298,0.0,0.0,0
0.0,0.0,0.0,0.0,0.25,0.3333333333333333,0.0,291666666.6666666,nan,2.0,nan,-1.0,0.8708644692353646,0.07142857142857142,7.224239770919298,0.05763094963285318,0.05763094963285318,1
0.125,0.125,0.0,0.0,0.3333333333333333,0.0,0.125,1.3333333333333333,nan,0.0,nan,0.0,0.6500224216483541,0.4444444444444444,7.224239770919298,0.046119129345965626,0.33539677980038624,2
0.0,0.0,0.0,0.08333333333333333,0.0,0.0,0.0,0.0,nan,0.0,0.0,0.0,3.4661976109059578e-09,0.17142857142857143,3.1193189969432518,0.0,0.0,0
0.0,0.0,0.0,0.0,0.0,0.125,0.0,62499999.99999999,1.0,2.0,1.0,-0.16666666666666666,0.3372900666170139,0.2,3.1193189969432518,0.4645128217779004,0.4645128217779004,1
0.2,0.2,0.0,0.16666666666666666,0.2,0.0,0.2,0.5,nan,0.0,nan,0.0,0.4689955935892812,0.22727272727272727,3.1193189969432518,0.14415535632803264,0.3420000266060331,2
0.0,0.0,0.0,0.0,0.0,0.0,0.0,0.0,nan,0.0,nan,0.0,3.4661976109059578e-09,0.35714285714285715,5.539104184727518,0.0,0.0,0
0.14285714285714285,0.0,0.14285714285714285,0.0,0.0,0.16666666666666666,0.14285714285714285,83333333.33333333,1.0000000000000002,1.0,nan,0.0,0.41381685030363374,0.25925925925925924,5.539104184727518,0.41050025042559496,0.41050025042559496,1
0.3333333333333333,0.0,0.3333333333333333,0.16666666666666666,0.0,0.1111111111111111,0.3333333333333333,55555555.55555555,1.0,2.0,1.0,-0.14285714285714285,0.3095434291503252,0.13043478260869565,5.539104184727518,0.11513947620494369,0.5263847857375281,2
0.2,0.2,0.0,0.0,0.0,0.0,0.2,0.0,nan,0.0,nan,0.0,3.4661976109059578e-09,0.3125,7.226229244770577,0.0,0.0,0
0.4,0.4,0.0,0.0,0.0,0.0,0.4,0.0,nan,0.0,nan,nan,3.4661976109059578e-09,0.3333333333333333,7.226229244770577,0.22546864167068387,0.22546864167068387,1
0.6666666666666666,0.6666666666666666,0.0,0.2,0.0,0.4,0.6666666666666666,0.30000000000000004,1.0000000000000002,2.0,nan,0.0,0.7219280948873623,0.15,7.226229244770577,0.19836658645922522,0.45224229112567443,2
0.0,0.0,0.0,0.0,0.0,0.0,0.0,0.0,nan,0.0,nan,nan,3.4661976109059578e-09,0.75,13.696761784738808,0.0,0.0,0
0.0,0.0,0.0,0.0,0.0,0.0,0.0,0.0,nan,0.0,nan,0.0,3.4661976109059578e-09,0.21428571428571427,13.696761784738808,0.3442947370669387,0.3442947370669387,1
0.0,0.0,0.0,0.0,0.0,0.2,0.0,100000000.0,1.0000000000000002,1.0,nan,0.0,0.4689955935892812,0.2631578947368421,13.696761784738808,0.07015824218447768,0.4579061278343944,2
0.14285714285714285,0.14285714285714285,0.0,0.0,0.1,0.0,0.14285714285714285,0.35000000000000003,nan,0.0,0.0,0.0,0.28639695711595625,0.2413793103448276,2.544621535442428,0.0,0.0,0
0.2,0.1,0.1,0.0,0.2222222222222222,0.0,0.0,1.111111111111111,nan,0.0,nan,0.0,0.5032583347756457,0.3225806451612903,2.544621535442428,0.4962245323205709,0.4962245323205709,1
0.3333333333333333,0.0,0.3333333333333333,0.2222222222222222,0.1111111111111111,0.4,0.3333333333333333,255555555.55555552,1.0000000000000002,4.0,nan,-1.0,0.8199653102187631,0.11538461538461539,2.544621535442428,0.0851952255538264,0.581281937160109,2
0.1111111111111111,0.1111111111111111,0.0,0.0,0.0,0.16666666666666666,0.1111111111111111,0.75,1.0000000000000002,1.0,nan,0.0,0.41381685030363374,0.32142857142857145,5.4505004202792655,0.0,0.0,0
0.2857142857142857,0.14285714285714285,0.42857142857142855,0.375,0.14285714285714285,0.0,0.2857142857142857,0.5,nan,0.0,nan,nan,0.37123232664087563,0.2916666666666667,5.4505004202792655,0.492834157426333,0.492834157426333,1
0.0,0.0,0.0,0.0,0.0,0.0,0.0,0.0,nan,0.0,nan,0.0,3.4661976109059578e-09,0.23809523809523808,5.4505004202792655,0.1528023988012269,0.5671023561823751,2
0.0,0.0,0.0,0.0,0.0,0.0,0.0,0.0,nan,0.0,nan,0.0,3.4661976109059578e-09,0.3333333333333333,10.400705186955129,0.0,0.0,0
0.0,0.0,0.0,0.0,0.0,0.0,0.0,0.0,nan,0.0,nan,0.0,3.4661976109059578e-09,0.3333333333333333,10.400705186955129,0.19810766472801472,0.19810766472801472,1
0.3333333333333333,0.3333333333333333,0.0,0.0,0.0,0.0,0.3333333333333333,0.0,nan,0.0,nan,nan,3.4661976109059578e-09,0.3333333333333333,10.400705186955129,0.1463170741690264,0.2911289352790144,2
0.0,0.0,0.0,0.0,0.5,0.0,0.0,249999999.99999997,nan,0.0,nan,0.0,0.8112781244591328,0.0625,10.137193916289137,0.0,0.0,0
0.25,0.25,0.0,0.0,0.0,0.0,0.25,0.0,nan,0.0,nan,0.0,3.4661976109059578e-09,0.36363636363636365,10.137193916289137,0.23434623410424138,0.23434623410424138,1
0.5,0.0,0.5,0.0,0.3333333333333333,0.1,0.5,216666666.66666666,1.0,1.0,1.0,0.0,0.7540340561971326,0.125,10.137193916289137,0.1586863725287822,0.27925038160919763,2
0.2857142857142857,0.2857142857142857,0.0,0.0,0.0,0.0,0.2857142857142857,0.0,nan,0.0,0.0,0.0,3.4661976109059578e-09,0.2692307692307692,2.4375674420205677,0.0,0.0,0
0.14285714285714285,0.14285714285714285,0.0,0.25,0.1111111111111111,0.3333333333333333,0.14285714285714285,1.5555555555555556,nan,1.0,nan,0.0,0.7642045065086203,0.22580645161290322,2.4375674420205677,0.2587252343456604,0.2587252343456604,1
0.0,0.0,0.0,0.0,0.2222222222222222,0.14285714285714285,0.0,182539682.5396825,1.0000000000000002,2.0,nan,-0.19999999999999998,0.6856015164429102,0.1724137931034483,2.4375674420205677,0.16300021746132648,0.20695700272024822,2
0.0,0.0,0.0,0.0,0.25,0.0,0.0,124999999.99999999,nan,0.0,nan,0.0,0.5435644431995964,0.38461538461538464,12.573461822458446,0.0,0.0,0
0.14285714285714285,0.14285714285714285,0.0,0.0,0.0,0.0,0.14285714285714285,0.0,nan,0.0,nan,0.0,3.4661976109059578e-09,0.4117647058823529,12.573461822458446,0.054909977701669464,0.054909977701669464,1
0.0,0.0,0.0,0.0,0.0,0.0,0.0,0.0,nan,0.0,nan,0.0,3.4661976109059578e-09,0.125,12.573461822458446,0.19831549939309315,0.543300648045391,2
0.0,0.0,0.0,0.0,0.0,0.3333333333333333,0.0,166666666.66666666,nan,2.0,nan,-1.0,0.6500224216483541,0.2857142857142857,5.683347664031441,0.0,0.0,0
0.5,0.25,0.25,0.0,0.2,0.6,0.0,1.6,1.0000000000000002,1.0,nan,0.5773502691896258,0.9709505944546686,0.17391304347826086,5.683347664031441,0.39056410466945474,0.39056410466945474,1
0.0,0.0,0.0,0.0,0.0,0.0,0.0,0.0,nan,0.0,nan,0.0,3.4661976109059578e-09,0.15384615384615385,5.683347664031441,0.08267467299573841,0.45327127164336184,2
0.0,0.0,0.0,0.0,0.0,0.0,0.0,0.0,nan,0.0,0.0,0.0,3.4661976109059578e-09,0.24,5.803410760050214,0.0,0.0,0
0.0,0.0,0.0,0.0,0.0,0.2857142857142857,0.0,142857142.85714284,1.0,4.0,nan,-0.5,0.5916727785823273,0.35,5.803410760050214,0.17625531910337638,0.17625531910337638,1
0.14285714285714285,0.14285714285714285,0.0,0.16666666666666666,0.42857142857142855,0.0,0.14285714285714285,1.5,nan,0.0,nan,0.0,0.74959525725948,0.2692307692307692,5.803410760050214,0.02009479055695234,0.2484971000819743,2
0.0,0.0,0.0,0.0,0.0,0.0,0.0,0.0,nan,0.0,0.0,0.0,3.4661976109059578e-09,0.15384615384615385,7.558784135300155,0.0,0.0,0
0.6666666666666666,0.6666666666666666,0.0,0.0,0.0,0.0,0.6666666666666666,0.0,nan,0.0,nan,0.0,3.4661976109059578e-09,0.1875,7.558784135300155,0.20285976071268258,0.20285976071268258,1
0.0,0.25,0.25,0.0,0.0,0.0,0.0,0.0,nan,0.0,nan,0.0,3.4661976109059578e-09,0.2857142857142857,7.558784135300155,0.14093770956852067,0.21194134082353552,2
0.3333333333333333,0.3333333333333333,0.0,0.25,0.1,0.0,0.3333333333333333,0.15000000000000002,nan,0.0,nan,0.0,0.28639695711595625,0.14285714285714285,7.679397644586289,0.0,0.0,0
0.25,0.0,0.25,0.0,0.0,0.5,0.25,249999999.99999997,1.0,2.0,nan,-0.5,0.8112781244591328,0.23529411764705882,7.679397644586289,0.3917672596094511,0.3917672596094511,1
0.25,0.0,0.25,0.0,0.125,0.2857142857142857,0.25,205357142.85714284,1.0000000000000002,3.0,nan,-0.31622776601683783,0.7325138475458121,0.17391304347826086,7.679397644586289,0.06655634742828115,0.4856228126269012,2
0.125,0.0,0.125,0.0,0.0,0.0,0.125,0.0,nan,0.0,nan,nan,3.4661976109059578e-09,0.38095238095238093,3.5525371265645376,0.0,0.0,0
0.42857142857142855,0.2857142857142857,0.14285714285714285,0.0,0.0,0.2857142857142857,0.14285714285714285,0.5,1.0,4.0,nan,-0.5,0.5916727785823273,0.23333333333333334,3.5525371265645376,0.27577665226867093,0.27577665226867093,1
0.3076923076923077,0.23076923076923078,0.07692307692307693,0.3333333333333333,0.0,0.2,0.15384615384615385,0.43333333333333335,1.0,1.0,nan,0.0,0.4689955935892812,0.5,3.5525371265645376,0.1641404279024064,0.5511914814876663,2
0.0,0.0,0.0,0.0,0.0,0.0,0.0,0.0,nan,0.0,nan,nan,3.4661976109059578e-09,0.09090909090909091,11.227078382522075,0.0,0.0,0
0.0,0.0,0.0,0.0,0.0,0.0,0.0,0.0,nan,0.0,nan,nan,3.4661976109059578e-09,0.16666666666666666,11.227078382522075,0.2775704364648172,0.2775704364648172,1
0.0,0.0,0.0,0.0,0.0,0.0,0.0,0.0,nan,0.0,nan,0.0,3.4661976109059578e-09,0.2727272727272727,11.227078382522075,0.047548061185905564,0.3889914038324355,2
0.14285714285714285,0.07142857142857142,0.07142857142857142,0.2,0.2,0.0,0.0,1.4000000000000001,nan,0.0,0.0,0.0,0.4689955935892812,0.3888888888888889,3.289565936745408,0.0,0.0,0
0.3333333333333333,0.3333333333333333,0.0,0.0,0.1111111111111111,0.18181818181818182,0.3333333333333333,0.4393939393939394,0.9999999999999997,4.0,0.7982528341069017,-0.24999999999999994,0.6009219049766361,0.2,3.289565936745408,0.244157933929734,0.244157933929734,1
0.2857142857142857,0.14285714285714285,0.14285714285714285,0.125,0.0,0.0,0.0,0.0,nan,0.0,nan,0.0,3.4661976109059578e-09,0.28,3.289565936745408,0.17778491984282144,0.28973045436106226,2
0.0,0.0,0.0,0.0,0.0,0.0,0.0,0.0,nan,0.0,nan,0.0,3.4661976109059578e-09,0.0,11.215586640202627,0.0,0.0,0
0.3333333333333333,0.0,0.3333333333333333,0.25,0.0,0.3333333333333333,0.3333333333333333,166666666.66666666,nan,2.0,nan,-1.0,0.6500224216483541,0.23076923076923078,11.215586640202627,0.3994824616658087,0.3994824616658087,1
0.0,0.0,0.0,0.5,0.0,0.0,0.0,0.0,nan,0.0,nan,nan,3.4661976109059578e-09,0.16666666666666666,11.215586640202627,0.12884354774618081,0.22771648008765089,2
0.3333333333333333,0.16666666666666666,0.16666666666666666,0.06666666666666667,0.0,0.0,0.0,0.0,nan,0.0,nan,0.0,3.4661976109059578e-09,0.17142857142857143,3.099121712173065,0.0,0.0,0
0.3,0.2,0.1,0.0,0.0,0.0,0.1,0.0,nan,0.0,0.0,0.0,3.4661976109059578e-09,0.4,3.099121712173065,0.06526202447187135,0.06526202447187135,1
0.0,0.0,0.0,0.1,0.25,0.0,0.0,124999999.99999999,nan,0.0,0.0,0.0,0.5435644431995964,0.16129032258064516,3.099121712173065,0.15501935520766696,0.36736939388385703,2
0.5,0.0,0.5,0.1111111111111111,0.0,0.0,0.5,0.0,nan,0.0,nan,0.0,3.4661976109059578e-09,0.1111111111111111,5.415676967565341,0.0,0.0,0
0.16666666666666666,0.16666666666666666,0.0,0.2222222222222222,0.5,0.2222222222222222,0.16666666666666666,2.166666666666667,1.0,2.0,0.764269778883978,-0.14285714285714285,0.943601631299382,0.2,5.415676967565341,0.42367704738437545,0.42367704738437545,1
0.16666666666666666,0.16666666666666666,0.0,0.6,0.0,0.0,0.16666666666666666,0.0,nan,0.0,nan,0.0,3.4661976109059578e-09,0.2608695652173913,5.415676967565341,0.03171306000815219,0.5358984068227433,2
0.0,0.0,0.0,0.0,0.0,0.0,0.0,0.0,nan,0.0,nan,0.0,3.4661976109059578e-09,0.125,14.333546916533548,0.0,0.0,0
0.0,0.0,0.0,0.0,0.4,0.75,0.0,574999999.9999999,1.0,1.0,nan,0.0,0.9837082626231857,0.25,14.333546916533548,0.4431108776087536,0.4431108776087536,1
0.0,0.0,0.0,0.0,0.0,0.0,0.0,0.0,nan,0.0,nan,0.0,3.4661976109059578e-09,0.25,14.333546916533548,0.07167658960290933,0.5570147155987882,2
0.14285714285714285,0.14285714285714285,0.0,0.125,0.16666666666666666,0.0,0.14285714285714285,0.5833333333333334,nan,0.0,nan,nan,0.41381685030363374,0.30434782608695654,9.702013907563042,0.0,0.0,0
0.2,0.0,0.2,0.0,0.0,0.0,0.2,0.0,nan,0.0,nan,0.0,3.4661976109059578e-09,0.35714285714285715,9.702013907563042,0.2003027461623194,0.2003027461623194,1
0.0,0.0,0.0,0.0,0.5,0.25,0.0,375000000.0,1.0,1.0,nan,0.0,0.954434002924965,0.4166666666666667,9.702013907563042,0.17352693582497172,0.3948593850297934,2
0.2,0.2,0.0,0.0,0.0,0.0,0.2,0.0,nan,0.0,nan,0.0,3.4661976109059578e-09,0.23809523809523808,5.424872297125047,0.0,0.0,0
0.0,0.0,0.0,0.6,0.0,0.0,0.0,0.0,nan,0.0,nan,0.0,3.4661976109059578e-09,0.2222222222222222,5.424872297125047,0.4636332208890029,0.4636332208890029,1
0.2857142857142857,0.0,0.2857142857142857,0.0,0.125,0.0,0.2857142857142857,62499999.99999999,nan,0.0,nan,0.0,0.3372900666170139,0.28,5.424872297125047,0.020717297274592785,0.3461465057757798,2
0.0,0.0,0.0,0.0,0.0,0.0,0.0,0.0,nan,0.0,nan,0.0,3.4661976109059578e-09,0.25,8.979877374836594,0.0,0.0,0
0.0,0.0,0.0,0.0,0.0,0.0,0.0,0.0,nan,0.0,nan,nan,3.4661976109059578e-09,0.25,8.979877374836594,0.05581183237623674,0.05581183237623674,1
0.2857142857142857,0.14285714285714285,0.14285714285714285,0.25,0.0,0.2,0.0,0.7000000000000001,1.0000000000000002,2.0,nan,-0.3333333333333333,0.4689955935892812,0.35,8.979877374836594,0.05154076476318495,0.4705429222993199,2
0.2222222222222222,0.2222222222222222,0.0,0.07142857142857142,0.0,0.0,0.2222222222222222,0.0,nan,0.0,0.0,0.0,3.4661976109059578e-09,0.23684210526315788,1.0472252540668254,0.0,0.0,0
0.14285714285714285,0.14285714285714285,0.0,0.09090909090909091,0.1111111111111111,0.1111111111111111,0.14285714285714285,0.7777777777777778,1.0,2.0,1.0,-0.14285714285714285,0.5032583347756457,0.19444444444444445,1.0472252540668254,0.18526559188920577,0.18526559188920577,1
0.3333333333333333,0.0,0.3333333333333333,0.3333333333333333,0.0,0.0,0.3333333333333333,0.0,nan,0.0,nan,0.0,3.4661976109059578e-09,0.3157894736842105,1.0472252540668254,0.11755032327695264,0.49571256018335486,2
0.0,0.0,0.0,0.0,0.0,0.0,0.0,0.0,nan,0.0,0.0,0.0,3.4661976109059578e-09,0.32142857142857145,3.949995938405354,0.0,0.0,0
0.25,0.125,0.125,0.1111111111111111,0.25,0.25,0.0,2.0,1.0,1.0,nan,0.0,0.8112781244591328,0.27586206896551724,3.949995938405354,0.11308041339313177,0.11308041339313177,1
0.0,0.0,0.0,0.2857142857142857,0.2,0.2,0.0,200000000.0,1.0000000000000002,2.0,nan,-0.3333333333333333,0.7219280948873623,0.15,3.949995938405354,0.07327035056170647,0.3274555941662372,2
0.0,0.0,0.0,0.0,0.0,0.0,0.0,0.0,nan,0.0,nan,nan,3.4661976109059578e-09,0.3333333333333333,13.903012713520887,0.0,0.0,0
0.0,0.0,0.0,0.0,0.0,0.0,0.0,0.0,nan,0.0,nan,0.0,3.4661976109059578e-09,0.1,13.903012713520887,0.3155606417130239,0.3155606417130239,1
0.25,0.0,0.25,0.0,0.3333333333333333,0.5,0.25,416666666.6666666,nan,1.0,nan,nan,0.9798687566511528,0.3333333333333333,13.903012713520887,0.11474221070663725,0.2885067516160146,2
0.0,0.0,0.0,0.0,0.0,0.0,0.0,0.0,nan,0.0,nan,0.0,3.4661976109059578e-09,0.15,4.3161238940736615,0.0,0.0,0
0.4,0.2,0.2,0.0,0.14285714285714285,0.1111111111111111,0.0,0.6349206349206349,1.0,2.0,1.0,-0.14285714285714285,0.5491087450260073,0.18518518518518517,4.3161238940736615,0.23472856204057818,0.23472856204057818,1
0.2857142857142857,0.14285714285714285,0.14285714285714285,0.0,0.14285714285714285,0.1,0.0,0.8500000000000001,1.0,2.0,1.0,-0.125,0.5334533565308074,0.25,4.3161238940736615,0.0986788110440624,0.21854357060881824,2
0.16666666666666666,0.16666666666666666,0.0,0.0,0.0,0.0,0.16666666666666666,0.0,nan,0.0,nan,0.0,3.4661976109059578e-09,0.3157894736842105,8.772865112698595,0.0,0.0,0
0.0,0.0,0.0,0.0,0.2,0.0,0.0,100000000.0,nan,0.0,nan,0.0,0.4689955935892812,0.25,8.772865112698595,0.09063310151681422,0.09063310151681422,1
0.3333333333333333,0.3333333333333333,0.0,0.3333333333333333,0.16666666666666666,0.25,0.3333333333333333,0.625,1.0,2.0,nan,-0.5,0.7382848661434503,0.1875,8.772865112698595,0.07285724744196798,0.5479041974619302,2
0.18181818181818182,0.09090909090909091,0.09090909090909091,0.0,0.1,0.0,0.0,0.55,nan,0.0,nan,0.0,0.28639695711595625,0.3793103448275862,3.7615496895346974,0.0,0.0,0
0.0,0.0,0.0,0.0,0.0,0.0,0.0,0.0,nan,0.0,nan,0.0,3.4661976109059578e-09,0.3,3.7615496895346974,0.15583299740806644,0.15583299740806644,1
0.07692307692307693,0.0,0.07692307692307693,0.0,0.3333333333333333,0.0,0.07692307692307693,166666666.66666666,nan,0.0,0.0,0.0,0.6500224216483541,0.3939393939393939,3.7615496895346974,0.04299811356878311,0.512090609104711,2
0.17647058823529413,0.11764705882352941,0.058823529411764705,0.0,0.0,0.16666666666666666,0.058823529411764705,0.7083333333333333,1.0000000000000002,2.0,nan,-0.24999999999999997,0.41381685030363374,0.4594594594594595,1.128237595216317,0.0,0.0,0
0.0,0.0,0.0,0.0,0.2857142857142857,0.0,0.0,142857142.85714284,nan,0.0,nan,0.0,0.5916727785823273,0.22580645161290322,1.128237595216317,0.10801715035691295,0.10801715035691295,1
0.125,0.0,0.125,0.16666666666666666,0.16666666666666666,0.1111111111111111,0.125,138888888.8888889,1.0,2.0,1.0,-0.14285714285714285,0.5813214987637028,0.27586206896551724,1.128237595216317,0.10687163274750892,0.3986292899059537,2
0.0,0.0,0.0,0.0,0.0,0.16666666666666666,0.0,83333333.33333333,1.0000000000000002,2.0,nan,-0.24999999999999994,0.41381685030363374,0.21052631578947367,5.290669709390517,0.0,0.0,0
0.0,0.0,0.0,0.0,1.0,0.0,0.0,499999999.99999994,nan,0.0,nan,0.0,1.0,0.47619047619047616,5.290669709390517,0.1426623976504257,0.1426623976504257,1
0.0,0.0,0.0,0.1111111111111111,0.0,0.0,0.0,0.0,nan,0.0,0.0,0.0,3.4661976109059578e-09,0.043478260869565216,5.290669709390517,0.05263833920166856,0.3504791077234478,2
0.0,0.0,0.0,0.0,0.0,0.0,0.0,0.0,nan,0.0,nan,0.0,3.4661976109059578e-09,0.2222222222222222,6.036796197750811,0.0,0.0,0
0.25,0.125,0.125,0.0,0.125,0.0,0.0,0.5,nan,0.0,0.0,0.0,0.3372900666170139,0.26666666666666666,6.036796197750811,0.26867743985635295,0.26867743985635295,1
0.125,0.0,0.125,0.1111111111111111,0.0,0.375,0.125,187500000.0,1.0,4.0,0.9056390622295665,-0.16666666666666669,0.6962122601251458,0.21621621621621623,6.036796197750811,0.1794307719735063,0.3605723853971138,2
0.09090909090909091,0.0,0.09090909090909091,0.07692307692307693,0.0,0.0,0.09090909090909091,0.0,nan,0.0,0.0,0.0,3.4661976109059578e-09,0.23404255319148937,0.4279958068464734,0.0,0.0,0
0.08333333333333333,0.0,0.08333333333333333,0.14285714285714285,0.16666666666666666,0.375,0.08333333333333333,270833333.3333333,1.0,4.0,0.9056390622295665,-0.16666666666666663,0.8426578772022388,0.36363636363636365,0.4279958068464734,0.22354285976730037,0.22354285976730037,1
0.1111111111111111,0.0,0.1111111111111111,0.0,0.0,0.07692307692307693,0.1111111111111111,38461538.461538464,1.0000000000000002,2.0,1.0,-0.0909090909090909,0.23519338181924143,0.2571428571428571,0.4279958068464734,0.04226257877761744,0.5049229228241774,2
0.0,0.0,0.0,0.0,0.0,0.0,0.0,0.0,nan,0.0,nan,0.0,3.4661976109059578e-09,0.24,8.283954346220149,0.0,0.0,0
0.0,0.0,0.0,0.0,0.0,0.0,0.0,0.0,nan,0.0,nan,0.0,3.4661976109059578e-09,0.22727272727272727,8.283954346220149,0.19841048367585434,0.19841048367585434,1
0.0,0.0,0.0,0.0,0.2857142857142857,0.0,0.0,142857142.85714284,nan,0.0,nan,0.0,0.5916727785823273,0.17647058823529413,8.283954346220149,0.12652893132744933,0.4334470335184241,2
0.3333333333333333,0.3333333333333333,0.0,0.0,0.0,0.16666666666666666,0.3333333333333333,0.25,1.0000000000000002,2.0,nan,-0.24999999999999994,0.41381685030363374,0.25,14.087137544499084,0.0,0.0,0
0.0,0.0,0.0,0.0,0.5,0.6,0.0,550000000.0,1.0000000000000002,1.0,nan,0.5773502691896258,0.9927744539878083,0.09090909090909091,14.087137544499084,0.41198156755261967,0.41198156755261967,1
0.5,0.0,0.5,0.25,0.5,0.3333333333333333,0.5,416666666.6666666,nan,2.0,nan,-1.0,0.9798687566511528,0.18181818181818182,14.087137544499084,0.1557193720200427,0.4508202558324911,2
0.0,0.0,0.0,0.0,0.0,0.0,0.0,0.0,nan,0.0,0.0,0.0,3.4661976109059578e-09,0.21428571428571427,2.3567471402196194,0.0,0.0,0
0.1111111111111111,0.1111111111111111,0.0,0.0,0.07692307692307693,0.14285714285714285,0.1111111111111111,0.989010989010989,1.0000000000000004,2.0,nan,-0.19999999999999993,0.4995844074236609,0.2727272727272727,2.3567471402196194,0.15368358434413404,0.15368358434413404,1
0.14285714285714285,0.2857142857142857,0.14285714285714285,0.2,0.2222222222222222,0.14285714285714285,0.14285714285714285,0.6388888888888888,1.0000000000000002,2.0,nan,-0.19999999999999998,0.6856015164429102,0.21212121212121213,2.3567471402196194,0.046632776324230296,0.5684577135669469,2
0.25,0.0,0.25,0.0,0.0,0.0,0.25,0.0,nan,0.0,nan,nan,3.4661976109059578e-09,0.4,12.941172211798976,0.0,0.0,0
0.0,0.0,0.0,0.5,0.0,0.25,0.0,124999999.99999999,1.0,1.0,nan,0.0,0.5435644431995964,0.09090909090909091,12.941172211798976,0.39029231467326025,0.39029231467326025,1
0.25,0.5,0.25,0.25,0.0,0.0,0.25,0.0,nan,0.0,nan,nan,3.4661976109059578e-09,0.36363636363636365,12.941172211798976,0.07504215908050374,0.5942813413374299,2
0.2,0.0,0.2,0.0,0.0,0.0,0.2,0.0,nan,0.0,nan,0.0,3.4661976109059578e-09,0.29411764705882354,5.569531582380996,0.0,0.0,0
0.75,0.75,0.0,0.2,0.3076923076923077,0.2857142857142857,0.75,0.3956043956043956,1.0,4.0,nan,-0.5,0.8772236230732715,0.13793103448275862,5.569531582380996,0.4997496309037918,0.4997496309037918,1
0.5,0.16666666666666666,0.3333333333333333,0.5,0.25,0.2,0.16666666666666666,1.35,1.0,1.0,nan,0.0,0.7691928290130138,0.2857142857142857,5.569531582380996,0.15238471149548727,0.5940359517355434,2
0.16666666666666666,0.16666666666666666,0.0,0.0,0.0,0.0,0.16666666666666666,0.0,nan,0.0,nan,0.0,3.4661976109059578e-09,0.375,3.182883953815657,0.0,0.0,0
0.16666666666666666,0.0,0.16666666666666666,0.1,0.3333333333333333,0.375,0.16666666666666666,354166666.6666666,1.0,2.0,0.600876036692856,0.30000000000000004,0.9377342939868041,0.18181818181818182,3.182883953815657,0.3423428795517004,0.3423428795517004,1
0.3333333333333333,0.16666666666666666,0.16666666666666666,0.0,0.16666666666666666,0.1111111111111111,0.0,0.8333333333333334,1.0,2.0,1.0,-0.14285714285714285,0.5813214987637028,0.1875,3.182883953815657,0.1379870486633795,0.28294404837848164,2
0.0,0.0,0.0,0.08333333333333333,0.0,0.125,0.0,62499999.99999999,1.0,2.0,1.0,-0.16666666666666666,0.3372900666170139,0.23076923076923078,0.9272728732774282,0.0,0.0,0
0.08333333333333333,0.08333333333333333,0.0,0.6,0.25,0.18181818181818182,0.08333333333333333,2.5909090909090913,0.9999999999999997,4.0,0.7982528341069017,-0.24999999999999994,0.7526269564427315,0.3333333333333333,0.9272728732774282,0.4373901550261204,0.4373901550261204,1
0.15384615384615385,0.07692307692307693,0.07692307692307693,0.14285714285714285,0.3333333333333333,0.14285714285714285,0.0,3.095238095238095,1.0000000000000002,3.0,0.8450710226351525,-0.1230914909793327,0.7918583525674836,0.26,0.9272728732774282,0.180474880949446,0.44380683041313257,2
0.0,0.0,0.0,0.0,0.5,0.0,0.0,249999999.99999997,nan,0.0,nan,0.0,0.8112781244591328,0.4117647058823529,9.14701431475071,0.0,0.0,0
0.125,0.0,0.125,0.0,0.0,0.0,0.125,0.0,nan,0.0,nan,0.0,3.4661976109059578e-09,0.5333333333333333,9.14701431475071,0.253551802943183,0.253551802943183,1
0.0,0.0,0.0,0.0,0.0,0.0,0.0,0.0,nan,0.0,nan,0.0,3.4661976109059578e-09,0.25,9.14701431475071,0.07752613622624667,0.3218942086455727,2
0.0,0.0,0.0,0.25,0.0,0.3333333333333333,0.0,166666666.66666666,nan,2.0,nan,-1.0,0.6500224216483541,0.21428571428571427,8.501538735400104,0.0,0.0,0
0.16666666666666666,0.16666666666666666,0.0,0.0,0.25,0.6666666666666666,0.16666666666666666,2.75,nan,2.0,nan,-1.0,0.99498482818597,0.35294117647058826,8.501538735400104,0.34669107831525836,0.34669107831525836,1
0.4,0.2,0.2,0.0,0.0,0.3333333333333333,0.0,0.8333333333333333,1.0,2.0,nan,0.16666666666666669,0.6500224216483541,0.21739130434782608,8.501538735400104,0.10796037844246992,0.45815489401316684,2
0.0,0.0,0.0,0.0,0.0,0.0,0.0,0.0,nan,0.0,nan,0.0,3.4661976109059578e-09,0.0,7.624058347911512,0.0,0.0,0
0.14285714285714285,0.0,0.14285714285714285,0.0,0.6666666666666666,0.25,0.14285714285714285,458333333.3333333,1.0,3.0,0.9463946303571861,-0.2581988897471611,0.99498482818597,0.30434782608695654,7.624058347911512,0.20984816050433952,0.20984816050433952,1
0.0,0.25,0.25,0.0,0.5,0.25,0.0,1.5,1.0,4.0,0.9463946303571862,-0.39999999999999997,0.954434002924965,0.21052631578947367,7.624058347911512,0.02475537694143868,0.5169617223579821,2
0.0,0.0,0.0,0.0,0.0,0.09090909090909091,0.0,45454545.45454545,0.9999999999999997,2.0,1.0,-0.1111111111111111,0.26676498780302604,0.2619047619047619,0.44637463948093536,0.0,0.0,0
0.2,0.06666666666666667,0.13333333333333333,0.08333333333333333,0.3,0.2727272727272727,0.06666666666666667,4.295454545454546,1.0,4.0,0.8624565629415346,0.0476190476190476,0.863977473722477,0.3125,0.44637463948093536,0.3388811701312942,0.3388811701312942,1
0.25,0.0,0.25,0.16666666666666666,0.07142857142857142,0.4444444444444444,0.25,257936507.93650788,1.0000000000000002,4.0,0.875756643593441,0.0,0.823616543159291,0.21621621621621623,0.44637463948093536,0.13253461779017797,0.2912101701725614,2
0.25,0.125,0.125,0.0,0.0,0.0,0.0,0.0,nan,0.0,nan,0.0,3.4661976109059578e-09,0.25806451612903225,3.7246859571052955,0.0,0.0,0
0.0,0.16666666666666666,0.16666666666666666,0.0,0.0,0.09090909090909091,0.0,0.27272727272727276,0.9999999999999997,2.0,1.0,-0.1111111111111111,0.26676498780302604,0.1875,3.7246859571052955,0.0743616380423976,0.0743616380423976,1
0.0,0.0,0.0,0.0,0.0,0.0,0.0,0.0,nan,0.0,0.0,0.0,3.4661976109059578e-09,0.21428571428571427,3.7246859571052955,0.11587218250169685,0.20650460510751012,2
0.0,0.0,0.0,0.0,0.0,0.0,0.0,0.0,nan,0.0,nan,nan,3.4661976109059578e-09,0.2222222222222222,14.148552213966378,0.0,0.0,0
0.5,0.25,0.25,0.0,0.0,0.4,0.0,0.8,1.0000000000000002,4.0,nan,-1.0,0.7219280948873623,0.36363636363636365,14.148552213966378,0.4224206635266346,0.4224206635266346,1
0.5,0.5,0.0,0.0,0.0,0.0,0.5,0.0,nan,0.0,nan,nan,3.4661976109059578e-09,0.25,14.148552213966378,0.1901580829478054,0.5156685080616821,2
0.14285714285714285,0.14285714285714285,0.0,0.0,0.0,0.0,0.14285714285714285,0.0,nan,0.0,nan,0.0,3.4661976109059578e-09,0.30434782608695654,3.3903696808406973,0.0,0.0,0
0.2857142857142857,0.2857142857142857,0.0,0.25,0.0,0.16666666666666666,0.2857142857142857,0.2916666666666667,1.0000000000000002,1.0,nan,0.0,0.41381685030363374,0.2692307692307692,3.3903696808406973,0.1882451764074099,0.1882451764074099,1
0.3,0.2,0.1,0.09090909090909091,0.0,0.25,0.1,0.625,1.0,4.0,0.8321205441241069,-0.39999999999999997,0.5435644431995964,0.2857142857142857,3.3903696808406973,0.09646093774864138,0.3722460619950565,2
0.0,0.0,0.0,0.0,0.0,0.0,0.0,0.0,nan,0.0,nan,0.0,3.4661976109059578e-09,0.3333333333333333,8.663728979594378,0.0,0.0,0
0.5,0.16666666666666666,0.3333333333333333,0.0,0.14285714285714285,0.0,0.16666666666666666,0.42857142857142855,nan,0.0,nan,0.0,0.37123232664087563,0.25,8.663728979594378,0.19822534002857367,0.19822534002857367,1
0.0,0.0,0.0,0.0,0.25,0.25,0.0,249999999.99999997,1.0,1.0,nan,0.0,0.8112781244591328,0.35294117647058826,8.663728979594378,0.11798924601983132,0.5540083190624671,2
0.2,0.0,0.2,0.0,0.0,0.0,0.2,0.0,nan,0.0,nan,0.0,3.4661976109059578e-09,0.25,10.35712161254164,0.0,0.0,0
0.0,0.0,0.0,0.0,0.25,0.14285714285714285,0.0,196428571.4285714,1.0000000000000004,2.0,nan,-0.19999999999999993,0.7147274731317892,0.2,10.35712161254164,0.35829231525116434,0.35829231525116434,1
0.3333333333333333,0.0,0.3333333333333333,0.0,0.0,0.0,0.3333333333333333,0.0,nan,0.0,nan,0.0,3.4661976109059578e-09,0.3333333333333333,10.35712161254164,0.15260125982531825,0.5375029035883621,2
0.0,0.0,0.0,0.0,0.0,0.09090909090909091,0.0,45454545.45454545,0.9999999999999998,2.0,1.0,-0.1111111111111111,0.26676498780302604,0.2,2.6951534622857705,0.0,0.0,0
0.2857142857142857,0.14285714285714285,0.14285714285714285,0.0,0.0,0.25,0.0,0.875,1.0,1.0,nan,0.0,0.5435644431995964,0.2692307692307692,2.6951534622857705,0.11395931736948309,0.11395931736948309,1
0.14285714285714285,0.0,0.14285714285714285,0.08333333333333333,0.0,0.09090909090909091,0.14285714285714285,45454545.45454545,0.9999999999999998,1.0,1.0,0.0,0.26676498780302604,0.18421052631578946,2.6951534622857705,0.15753352653200364,0.330126620696804,2
0.18181818181818182,0.18181818181818182,0.0,0.0,0.0,0.0,0.18181818181818182,0.0,nan,0.0,nan,0.0,3.4661976109059578e-09,0.2894736842105263,3.355744620686684,0.0,0.0,0
0.2,0.0,0.2,0.0,0.0,0.0,0.2,0.0,nan,0.0,nan,nan,3.4661976109059578e-09,0.21739130434782608,3.355744620686684,0.08639193095029216,0.08639193095029216,1
0.0,0.0,0.0,0.14285714285714285,0.0,0.0,0.0,0.0,nan,0.0,nan,0.0,3.4661976109059578e-09,0.41379310344827586,3.355744620686684,0.05329630799375648,0.23868269766954675,2
0.0,0.0,0.0,0.0,0.0,0.0,0.0,0.0,nan,0.0,nan,0.0,3.4661976109059578e-09,0.3157894736842105,11.155674361788291,0.0,0.0,0
0.5,0.5,0.0,0.3333333333333333,0.0,0.0,0.5,0.0,nan,0.0,nan,0.0,3.4661976109059578e-09,0.25,11.155674361788291,0.2243608397347685,0.2243608397347685,1
0.0,0.0,0.0,0.0,0.0,0.0,0.0,0.0,nan,0.0,nan,nan,3.4661976109059578e-09,0.3333333333333333,11.155674361788291,0.16335107776073532,0.3326984842609755,2
0.2,0.2,0.0,0.0,0.0,0.0,0.2,0.0,nan,0.0,nan,0.0,3.4661976109059578e-09,0.25,6.899465264650495,0.0,0.0,0
0.1111111111111111,0.2222222222222222,0.1111111111111111,0.0,0.0,0.3333333333333333,0.1111111111111111,0.75,1.0,2.0,nan,0.16666666666666669,0.6500224216483541,0.34615384615384615,6.899465264650495,0.09910557991582286,0.09910557991582286,1
0.2857142857142857,0.2857142857142857,0.0,0.0,0.0,0.0,0.2857142857142857,0.0,nan,0.0,nan,0.0,3.4661976109059578e-09,0.2692307692307692,6.899465264650495,0.07025398164063412,0.239895538904488,2
0.0,0.0,0.0,0.0,0.0,0.0,0.0,0.0,nan,0.0,nan,0.0,3.4661976109059578e-09,0.26666666666666666,10.401548117920605,0.0,0.0,0
0.2,0.0,0.2,0.0,0.0,0.0,0.2,0.0,nan,0.0,nan,nan,3.4661976109059578e-09,0.3333333333333333,10.401548117920605,0.3461456491736754,0.3461456491736754,1
0.0,0.0,0.0,0.0,0.0,0.0,0.0,0.0,nan,0.0,nan,0.0,3.4661976109059578e-09,0.1875,10.401548117920605,0.062252102590770866,0.3427755601773491,2
0.4,0.2,0.2,0.2,0.0,0.0,0.0,0.0,nan,0.0,nan,0.0,3.4661976109059578e-09,0.2,6.6402722267933605,0.0,0.0,0
0.3333333333333333,0.3333333333333333,0.0,0.2,0.3333333333333333,0.3333333333333333,0.3333333333333333,1.0,nan,2.0,nan,-1.0,0.9182958340544896,0.17647058823529413,6.6402722267933605,0.390446211755386,0.390446211755386,1
0.0,0.0,0.0,0.0,0.0,0.0,0.0,0.0,nan,0.0,nan,0.0,3.4661976109059578e-09,0.38095238095238093,6.6402722267933605,0.12185479319092479,0.30970824276561876,2
0.0,0.0,0.0,0.0,0.0,0.125,0.0,62499999.99999999,1.0,2.0,1.0,-0.16666666666666666,0.3372900666170139,0.17391304347826086,7.065084155858934,0.0,0.0,0
0.2,0.0,0.2,0.0,0.42857142857142855,0.0,0.2,214285714.28571427,nan,0.0,nan,0.0,0.74959525725948,0.22727272727272727,7.065084155858934,0.42893637633529236,0.42893637633529236,1
0.25,0.0,0.25,0.2,0.0,0.0,0.25,0.0,nan,0.0,0.0,0.0,3.4661976109059578e-09,0.2,7.065084155858934,0.06057001642533236,0.22829499733519484,2
0.1,0.1,0.0,0.0,0.0,0.07692307692307693,0.1,0.38461538461538464,1.0000000000000002,1.0,1.0,0.0,0.23519338181924143,0.23255813953488372,0.2559790430990522,0.0,0.0,0
0.1111111111111111,0.3333333333333333,0.2222222222222222,0.1,0.0,0.0,0.1111111111111111,0.0,nan,0.0,0.0,0.0,3.4661976109059578e-09,0.23076923076923078,0.2559790430990522,0.10779682717219208,0.10779682717219208,1
0.06666666666666667,0.0,0.06666666666666667,0.0,0.16666666666666666,0.0,0.06666666666666667,83333333.33333333,nan,0.0,nan,0.0,0.41381685030363374,0.4166666666666667,0.2559790430990522,0.15729099097226082,0.42598696164838723,2
0.14285714285714285,0.14285714285714285,0.0,0.06666666666666667,0.125,0.0,0.14285714285714285,0.4375,nan,0.0,nan,0.0,0.3372900666170139,0.1891891891891892,3.2920758736603917,0.0,0.0,0
0.2727272727272727,0.18181818181818182,0.09090909090909091,0.125,0.0,0.0,0.09090909090909091,0.0,nan,0.0,0.0,0.0,3.4661976109059578e-09,0.3142857142857143,3.2920758736603917,0.328814559125524,0.328814559125524,1
0.0,0.0,0.0,0.06666666666666667,0.2222222222222222,0.0,0.0,111111111.1111111,nan,0.0,nan,0.0,0.5032583347756457,0.15625,3.2920758736603917,0.12197766368628292,0.3937821645219942,2
0.14285714285714285,0.14285714285714285,0.0,0.0,0.0,0.0,0.14285714285714285,0.0,nan,0.0,0.0,0.0,3.4661976109059578e-09,0.2413793103448276,4.112050338935681,0.0,0.0,0
0.16666666666666666,0.0,0.16666666666666666,0.14285714285714285,0.0,0.6666666666666666,0.16666666666666666,333333333.3333333,nan,1.0,nan,0.0,0.9182958340544896,0.25,4.112050338935681,0.11588234900747532,0.11588234900747532,1
0.0,0.0,0.0,0.2,0.0,0.0,0.0,0.0,nan,0.0,nan,nan,3.4661976109059578e-09,0.3333333333333333,4.112050338935681,0.05596216159066168,0.23561093755207613,2
0.0,0.0,0.0,0.0,0.0,0.14285714285714285,0.0,71428571.42857142,1.0000000000000004,2.0,nan,-0.19999999999999993,0.37123232664087563,0.21052631578947367,4.394725555389538,0.0,0.0,0
0.1111111111111111,0.1111111111111111,0.0,0.2857142857142857,0.0,0.4,0.1111111111111111,1.8000000000000003,1.0000000000000002,1.0,nan,0.5773502691896258,0.7219280948873623,0.3333333333333333,4.394725555389538,0.19622227530421216,0.19622227530421216,1
0.5,0.0,0.5,0.0,0.25,0.14285714285714285,0.5,196428571.4285714,1.0000000000000002,2.0,nan,-0.19999999999999998,0.7147274731317892,0.14285714285714285,4.394725555389538,0.0479894240864627,0.5065419885205673,2
0.0,0.0,0.0,0.0,0.0,0.0,0.0,0.0,nan,0.0,nan,0.0,3.4661976109059578e-09,0.19047619047619047,8.262666907182139,0.0,0.0,0
0.6,0.4,0.2,0.0,0.0,0.0,0.2,0.0,nan,0.0,nan,0.0,3.4661976109059578e-09,0.2631578947368421,8.262666907182139,0.3564683681103812,0.3564683681103812,1
0.0,0.0,0.0,0.3333333333333333,0.0,0.4,0.0,200000000.0,1.0000000000000002,3.0,nan,-0.5773502691896258,0.7219280948873623,0.15384615384615385,8.262666907182139,0.0570099961359765,0.5802749915646862,2
0.0,0.0,0.0,0.0,0.0,0.0,0.0,0.0,nan,0.0,nan,0.0,3.4661976109059578e-09,0.22727272727272727,4.011638215637511,0.0,0.0,0
0.3333333333333333,0.16666666666666666,0.16666666666666666,0.0,0.0,0.3333333333333333,0.0,1.0,nan,2.0,nan,-1.0,0.6500224216483541,0.25,4.011638215637511,0.4271478365471369,0.4271478365471369,1
0.0,0.0,0.0,0.3333333333333333,0.3,0.16666666666666666,0.0,233333333.3333333,1.0000000000000002,1.0,nan,0.0,0.7837769474847012,0.09523809523809523,4.011638215637511,0.14198967272016808,0.4996248829557212,2
0.16666666666666666,0.16666666666666666,0.0,0.0,0.0,0.0,0.16666666666666666,0.0,nan,0.0,nan,0.0,3.4661976109059578e-09,0.24,4.189542742253127,0.0,0.0,0
0.2222222222222222,0.1111111111111111,0.1111111111111111,0.16666666666666666,0.1111111111111111,0.2857142857142857,0.0,1.7857142857142858,1.0000000000000002,2.0,nan,0.25,0.7187421099896039,0.2903225806451613,4.189542742253127,0.24809670903694647,0.24809670903694647,1
0.3333333333333333,0.0,0.3333333333333333,0.0,0.0,0.0,0.3333333333333333,0.0,nan,0.0,nan,0.0,3.4661976109059578e-09,0.16666666666666666,4.189542742253127,0.08893076254006378,0.25838285619569035,2
0.0,0.0,0.0,0.0,0.0,0.14285714285714285,0.0,71428571.42857142,1.0000000000000004,2.0,nan,-0.19999999999999993,0.37123232664087563,0.3,3.761118976293586,0.0,0.0,0
0.14285714285714285,0.14285714285714285,0.0,0.0,0.25,0.14285714285714285,0.14285714285714285,1.375,1.0000000000000004,2.0,nan,-0.19999999999999993,0.7147274731317892,0.4117647058823529,3.761118976293586,0.46989447963225806,0.46989447963225806,1
0.3333333333333333,0.0,0.3333333333333333,0.0,0.4,0.0,0.3333333333333333,200000000.0,nan,0.0,0.0,0.0,0.7219280948873623,0.11538461538461539,3.761118976293586,0.14675297344910068,0.4034584463770914,2
0.0,0.0,0.0,0.0,0.0,0.0,0.0,0.0,nan,0.0,nan,0.0,3.4661976109059578e-09,0.22727272727272727,6.979924795765366,0.0,0.0,0
0.3333333333333333,0.16666666666666666,0.16666666666666666,0.25,0.0,0.0,0.0,0.0,nan,0.0,nan,nan,3.4661976109059578e-09,0.4,6.979924795765366,0.3094845639093211,0.3094845639093211,1
0.3333333333333333,0.0,0.3333333333333333,0.2,0.2,0.0,0.3333333333333333,100000000.0,nan,0.0,nan,0.0,0.4689955935892812,0.17647058823529413,6.979924795765366,0.13627616189485614,0.4529160651538858,2
0.0,0.0,0.0,0.16666666666666666,0.0,0.0,0.0,0.0,nan,0.0,nan,0.0,3.4661976109059578e-09,0.21052631578947367,8.482926045343916,0.0,0.0,0
0.2857142857142857,0.14285714285714285,0.14285714285714285,0.2,0.25,0.5,0.0,2.625,1.0,2.0,nan,-0.5,0.954434002924965,0.35,8.482926045343916,0.23819433281522834,0.23819433281522834,1
0.3333333333333333,0.0,0.3333333333333333,0.0,0.0,0.6666666666666666,0.3333333333333333,333333333.3333333,nan,1.0,nan,0.0,0.9182958340544896,0.35294117647058826,8.482926045343916,0.19507717439968394,0.49568806183371966,2
0.0,0.0,0.0,0.0,0.0,0.0,0.0,0.0,nan,0.0,nan,0.0,3.4661976109059578e-09,0.1,11.480146598917859,0.0,0.0,0
0.25,0.25,0.5,0.0,0.0,0.0,0.25,0.0,nan,0.0,nan,nan,3.4661976109059578e-09,0.3333333333333333,11.480146598917859,0.4471524446517085,0.4471524446517085,1
0.3333333333333333,0.0,0.3333333333333333,0.0,1.0,0.2,0.3333333333333333,600000000.0,1.0000000000000002,1.0,nan,0.0,0.9709505944546686,0.42857142857142855,11.480146598917859,0.029649744244927632,0.2749006050572564,2
0.0,0.0,0.0,0.0,0.0,0.0,0.0,0.0,nan,0.0,nan,0.0,3.4661976109059578e-09,0.25,7.159008178950195,0.0,0.0,0
0.0,0.0,0.0,0.0,0.0,0.0,0.0,0.0,nan,0.0,nan,0.0,3.4661976109059578e-09,0.5,7.159008178950195,0.08288540942879194,0.08288540942879194,1
0.0,0.0,0.0,0.0,0.5,0.4,0.0,450000000.0,1.0000000000000002,3.0,nan,-0.5773502691896258,0.9927744539878083,0.0625,7.159008178950195,0.15236642550617774,0.46857136956829043,2
0.0,0.0,0.0,0.0,0.0,0.16666666666666666,0.0,83333333.33333333,1.0000000000000002,2.0,nan,-0.24999999999999994,0.41381685030363374,0.25,0.9848801170617433,0.0,0.0,0
0.3333333333333333,0.1111111111111111,0.2222222222222222,0.2,0.09090909090909091,0.2857142857142857,0.1111111111111111,1.694805194805195,1.0000000000000002,2.0,nan,0.25,0.6979262521139892,0.28125,0.9848801170617433,0.3317333518623205,0.3317333518623205,1
0.23076923076923078,0.23076923076923078,0.0,0.0,0.0,0.125,0.23076923076923078,0.2708333333333333,1.0,2.0,1.0,-0.16666666666666663,0.3372900666170139,0.34210526315789475,0.9848801170617433,0.07334886876712704,0.2602626259331188,2
0.0,0.0,0.0,0.16666666666666666,0.0,0.0,0.0,0.0,nan,0.0,nan,0.0,3.4661976109059578e-09,0.16666666666666666,8.2402342399974,0.0,0.0,0
0.5,0.5,0.0,0.0,0.2857142857142857,0.0,0.5,0.2857142857142857,nan,0.0,nan,nan,0.5916727785823273,0.13333333333333333,8.2402342399974,0.39637416684444116,0.39637416684444116,1
0.4,0.0,0.4,0.5,0.2222222222222222,0.0,0.4,111111111.1111111,nan,0.0,nan,0.0,0.5032583347756457,0.23809523809523808,8.2402342399974,0.1658160568830901,0.5353096890920831,2
0.2,0.0,0.2,0.0,0.0,0.0,0.2,0.0,nan,0.0,nan,0.0,3.4661976109059578e-09,0.4166666666666667,11.29878895252164,0.0,0.0,0
0.0,0.0,0.0,0.0,0.0,0.0,0.0,0.0,nan,0.0,nan,nan,3.4661976109059578e-09,0.1,11.29878895252164,0.10536683756531612,0.10536683756531612,1
0.0,0.0,0.0,0.2,0.0,0.0,0.0,0.0,nan,0.0,nan,0.0,3.4661976109059578e-09,0.15384615384615385,11.29878895252164,0.11147691542156486,0.5308410920364696,2
0.0,0.0,0.0,0.3333333333333333,0.16666666666666666,0.0,0.0,83333333.33333333,nan,0.0,nan,nan,0.41381685030363374,0.16666666666666666,12.85791880139848,0.0,0.0,0
0.0,0.0,0.0,0.3333333333333333,0.0,0.0,0.0,0.0,nan,0.0,nan,0.0,3.4661976109059578e-09,0.16666666666666666,12.85791880139848,0.19946485681605552,0.19946485681605552,1
0.0,0.0,0.0,0.5,0.0,0.0,0.0,0.0,nan,0.0,nan,0.0,3.4661976109059578e-09,0.15384615384615385,12.85791880139848,0.11706472552207511,0.4632831538019546,2
0.25,0.25,0.0,0.0,0.0,0.0,0.25,0.0,nan,0.0,nan,0.0,3.4661976109059578e-09,0.25,8.8954921453281,0.0,0.0,0
0.0,0.0,0.0,0.0,0.25,0.25,0.0,249999999.99999997,1.0,2.0,nan,-0.5,0.8112781244591328,0.2,8.8954921453281,0.457623678106396,0.457623678106396,1
0.0,0.0,0.0,0.0,0.25,0.0,0.0,124999999.99999999,nan,0.0,nan,nan,0.5435644431995964,0.125,8.8954921453281,0.13017756335156913,0.5695593268922642,2
0.0,0.0,0.0,0.0,0.0,0.0,0.0,0.0,nan,0.0,nan,0.0,3.4661976109059578e-09,0.2631578947368421,9.138527645971667,0.0,0.0,0
0.0,0.0,0.0,0.0,0.0,0.16666666666666666,0.0,83333333.33333333,1.0000000000000002,1.0,nan,0.0,0.41381685030363374,0.2631578947368421,9.138527645971667,0.24876912383180116,0.24876912383180116,1
0.0,0.0,0.0,0.3333333333333333,0.2857142857142857,0.0,0.0,142857142.85714284,nan,0.0,nan,0.0,0.5916727785823273,0.13333333333333333,9.138527645971667,0.14540246226162384,0.21741051752760654,2
0.125,0.125,0.0,0.0,0.0,0.0,0.125,0.0,nan,0.0,0.0,0.0,3.4661976109059578e-09,0.2857142857142857,2.2778303771301474,0.0,0.0,0
0.0,0.0,0.0,0.4444444444444444,0.125,0.0,0.0,62499999.99999999,nan,0.0,0.0,0.0,0.3372900666170139,0.23076923076923078,2.2778303771301474,0.4577076147552231,0.4577076147552231,1
0.1111111111111111,0.1111111111111111,0.0,0.2857142857142857,0.0,0.0,0.1111111111111111,0.0,nan,0.0,0.0,0.0,3.4661976109059578e-09,0.28125,2.2778303771301474,0.16072484737747192,0.5062503237129432,2
0.0,0.0,0.0,0.0,0.3333333333333333,0.0,0.0,166666666.66666666,nan,0.0,0.0,0.0,0.6500224216483541,0.2857142857142857,2.5952480362776176,0.0,0.0,0
0.1111111111111111,0.0,0.1111111111111111,0.0,0.5,0.0,0.1111111111111111,249999999.99999997,nan,0.0,0.0,0.0,0.8112781244591328,0.28125,2.5952480362776176,0.30372339233887774,0.30372339233887774,1
0.18181818181818182,0.09090909090909091,0.09090909090909091,0.0,0.0,0.2222222222222222,0.0,1.222222222222222,1.0,3.0,0.7642697788839778,-0.2182178902359924,0.5032583347756457,0.2619047619047619,2.5952480362776176,0.09852709682778409,0.4249661341894003,2
0.0,0.0,0.0,0.0,0.0,0.0,0.0,0.0,nan,0.0,nan,nan,3.4661976109059578e-09,0.6,11.386997623701955,0.0,0.0,0
0.6,0.2,0.4,0.0,0.5,0.0,0.2,1.25,nan,0.0,nan,0.0,0.8112781244591328,0.35714285714285715,11.386997623701955,0.1925598243012147,0.1925598243012147,1
0.25,0.0,0.25,0.0,0.0,0.0,0.25,0.0,nan,0.0,nan,0.0,3.4661976109059578e-09,0.25,11.386997623701955,0.049894952884218136,0.24017235512356452,2
0.0,0.0,0.0,0.25,0.0,0.0,0.0,0.0,nan,0.0,nan,0.0,3.4661976109059578e-09,0.18181818181818182,5.6583937971735745,0.0,0.0,0
0.0,0.0,0.0,0.14285714285714285,0.0,0.125,0.0,62499999.99999999,1.0,2.0,1.0,-0.16666666666666663,0.3372900666170139,0.16666666666666666,5.6583937971735745,0.15476211342121474,0.15476211342121474,1
0.0,0.0,0.0,0.125,0.0,0.0,0.0,0.0,nan,0.0,0.0,0.0,3.4661976109059578e-09,0.3142857142857143,5.6583937971735745,0.10100629437585973,0.23802659432030243,2
0.0,0.0,0.0,0.0,0.0,0.0,0.0,0.0,nan,0.0,nan,nan,3.4661976109059578e-09,0.375,14.330129976190811,0.0,0.0,0
0.0,0.0,0.0,0.0,0.0,0.0,0.0,0.0,nan,0.0,nan,0.0,3.4661976109059578e-09,0.15384615384615385,14.330129976190811,0.22030009640560727,0.22030009640560727,1
0.0,0.0,0.0,0.0,0.3333333333333333,0.0,0.0,166666666.66666666,nan,0.0,nan,nan,0.6500224216483541,0.25,14.330129976190811,0.1253836163959026,0.41996732827213623,2
0.3333333333333333,0.16666666666666666,0.16666666666666666,0.0,0.0,0.0,0.0,0.0,nan,0.0,nan,0.0,3.4661976109059578e-09,0.17647058823529413,3.173992697548598,0.0,0.0,0
0.5,0.2,0.3,0.125,0.2,0.07692307692307693,0.09999999999999998,0.6923076923076923,1.0000000000000002,2.0,1.0,-0.0909090909090909,0.5801954953637369,0.2777777777777778,3.173992697548598,0.3543572189121181,0.3543572189121181,1
0.0,0.0,0.0,0.1111111111111111,0.0,0.16666666666666666,0.0,83333333.33333333,1.0,2.0,nan,-0.25,0.41381685030363374,0.3125,3.173992697548598,0.024377611309269624,0.5342358417487609,2
0.0,0.0,0.0,0.0,0.0,0.0,0.0,0.0,nan,0.0,nan,0.0,3.4661976109059578e-09,0.08333333333333333,13.695383451149352,0.0,0.0,0
0.0,0.0,0.0,0.0,0.0,1.0,0.0,499999999.99999994,nan,0.0,nan,nan,1.0,0.5,13.695383451149352,0.14733470216652328,0.14733470216652328,1
0.5,0.5,0.0,0.0,0.5,0.0,0.5,0.5,nan,0.0,nan,0.0,0.8112781244591328,0.2,13.695383451149352,0.15947610060194728,0.37397584475914325,2
0.0,0.0,0.0,0.0,0.0,0.0,0.0,0.0,nan,0.0,nan,nan,3.4661976109059578e-09,0.23076923076923078,12.923341669223179,0.0,0.0,0
0.25,0.5,0.25,0.0,0.3333333333333333,0.0,0.25,0.3333333333333333,nan,0.0,nan,0.0,0.6500224216483541,0.3076923076923077,12.923341669223179,0.45802419913647735,0.45802419913647735,1
0.6,0.2,0.4,0.0,0.3333333333333333,0.16666666666666666,0.2,1.25,1.0000000000000002,2.0,nan,-0.24999999999999997,0.8112781244591328,0.3333333333333333,12.923341669223179,0.11085135952541723,0.5169645873734514,2
0.0,0.0,0.0,0.0,0.0,0.0,0.0,0.0,nan,0.0,nan,0.0,3.4661976109059578e-09,0.3888888888888889,5.656242084637811,0.0,0.0,0
0.0,0.0,0.0,0.0,0.2222222222222222,0.5,0.0,361111111.1111111,1.0,3.0,nan,-1.0,0.943601631299382,0.2916666666666667,5.656242084637811,0.2513458093002156,0.2513458093002156,1
0.2857142857142857,0.14285714285714285,0.14285714285714285,0.0,0.0,0.5,0.0,1.75,1.0,2.0,nan,-0.5,0.8112781244591328,0.35,5.656242084637811,0.06019927360291576,0.3764412113045499,2
0.14285714285714285,0.0,0.14285714285714285,0.0,0.0,0.0,0.14285714285714285,0.0,nan,0.0,0.0,0.0,3.4661976109059578e-09,0.2692307692307692,7.515020508096567,0.0,0.0,0
0.0,0.0,0.0,0.0,0.14285714285714285,0.0,0.0,71428571.42857142,nan,0.0,nan,0.0,0.37123232664087563,0.14285714285714285,7.515020508096567,0.16537143786143169,0.16537143786143169,1
0.0,0.2,0.2,0.0,0.5,0.0,0.0,1.25,nan,0.0,nan,nan,0.8112781244591328,0.3333333333333333,7.515020508096567,0.03482455779269727,0.3137695021990835,2
0.16666666666666666,0.16666666666666666,0.0,0.0,0.0,0.0,0.16666666666666666,0.0,nan,0.0,nan,0.0,3.4661976109059578e-09,0.23076923076923078,4.032968573087203,0.0,0.0,0
0.5,0.5,0.0,0.0,0.0,0.25,0.5,0.25,1.0,2.0,nan,-0.5,0.5435644431995964,0.19047619047619047,4.032968573087203,0.29694264967805156,0.29694264967805156,1
0.3333333333333333,0.3333333333333333,0.0,0.16666666666666666,0.2,0.16666666666666666,0.3333333333333333,0.55,1.0000000000000002,2.0,nan,-0.24999999999999997,0.6873150928309273,0.15,4.032968573087203,0.07958829793068246,0.3935587618744555,2
0.0,0.0,0.0,0.0,0.0,0.0,0.0,0.0,nan,0.0,nan,0.0,3.4661976109059578e-09,0.0,12.333272309075152,0.0,0.0,0
0.0,0.0,0.0,0.0,0.0,0.0,0.0,0.0,nan,0.0,nan,nan,3.4661976109059578e-09,0.36363636363636365,12.333272309075152,0.0845350558497513,0.0845350558497513,1
0.375,0.125,0.5,0.0,0.3333333333333333,0.0,0.375,1.3333333333333333,nan,0.0,nan,0.0,0.6500224216483541,0.38095238095238093,12.333272309075152,0.16710140369843474,0.45583413216047514,2
0.16666666666666666,0.16666666666666666,0.0,0.09090909090909091,0.0,0.0,0.16666666666666666,0.0,nan,0.0,nan,0.0,3.4661976109059578e-09,0.1875,0.3175609012245417,0.0,0.0,0
0.0,0.0,0.0,0.18181818181818182,0.0,0.36363636363636365,0.0,181818181.8181818,1.0000000000000002,5.0,0.6993390527899453,-0.08908708063747475,0.6840384356390418,0.23076923076923078,0.3175609012245417,0.36084036286132004,0.36084036286132004,1
0.16666666666666666,0.16666666666666666,0.0,0.0,0.23076923076923078,0.0,0.16666666666666666,0.6923076923076924,nan,0.0,0.0,0.0,0.5159469300074474,0.16216216216216217,0.3175609012245417,0.09682287134364807,0.41502405807447573,2
0.0,0.0,0.0,0.0,0.0,0.0,0.0,0.0,nan,0.0,nan,nan,3.4661976109059578e-09,0.625,11.701520419233308,0.0,0.0,0
0.3333333333333333,0.0,0.3333333333333333,0.5,0.0,0.0,0.3333333333333333,0.0,nan,0.0,nan,0.0,3.4661976109059578e-09,0.25,11.701520419233308,0.1750554090719076,0.1750554090719076,1
0.0,0.0,0.0,0.0,0.0,0.0,0.0,0.0,nan,0.0,nan,nan,3.4661976109059578e-09,0.23076923076923078,11.701520419233308,0.07723913848739354,0.33206694398549963,2
0.0,0.0,0.0,0.0,0.0,0.0,0.0,0.0,nan,0.0,nan,0.0,3.4661976109059578e-09,0.14285714285714285,7.1020644364503545,0.0,0.0,0
0.2,0.2,0.0,0.125,0.0,0.16666666666666666,0.2,0.41666666666666663,1.0000000000000002,2.0,nan,-0.24999999999999994,0.41381685030363374,0.23809523809523808,7.1020644364503545,0.3009925254726749,0.3009925254726749,1
0.25,0.125,0.125,0.0,0.0,0.0,0.0,0.0,nan,0.0,nan,0.0,3.4661976109059578e-09,0.42105263157894735,7.1020644364503545,0.14642046279491278,0.366718283117372,2
0.0,0.0,0.0,0.0,0.0,0.0,0.0,0.0,nan,0.0,nan,nan,3.4661976109059578e-09,0.4,12.276912356635938,0.0,0.0,0
0.0,0.0,0.0,0.0,0.0,0.0,0.0,0.0,nan,0.0,nan,nan,3.4661976109059578e-09,0.125,12.276912356635938,0.36211262331859784,0.36211262331859784,1
0.0,0.0,0.0,0.0,0.3333333333333333,0.0,0.0,166666666.66666666,nan,0.0,nan,nan,0.6500224216483541,0.4,12.276912356635938,0.15769620481820001,0.3663024220017461,2
0.0,0.0,0.0,0.0,0.0,0.0,0.0,0.0,nan,0.0,0.0,0.0,3.4661976109059578e-09,0.17647058823529413,0.1300449595406944,0.0,0.0,0
0.4,0.4,0.0,0.0,0.0,0.14285714285714285,0.4,0.17857142857142855,1.0000000000000002,1.0,nan,0.0,0.37123232664087563,0.25,0.1300449595406944,0.34652844532031873,0.34652844532031873,1
0.2857142857142857,0.2857142857142857,0.14285714285714285,0.07692307692307693,0.25,0.2,0.14285714285714285,0.7875000000000001,1.0000000000000002,3.0,0.8187072004469373,-0.1889822365046136,0.7691928290130138,0.34146341463414637,0.1300449595406944,0.19308830039753333,0.4875776805914488,2
0.08333333333333333,0.0,0.08333333333333333,0.0,0.1111111111111111,0.0,0.08333333333333333,55555555.55555555,nan,0.0,nan,0.0,0.3095434291503252,0.375,2.8411073135619236,0.0,0.0,0
0.25,0.16666666666666666,0.25,0.5,0.0,0.14285714285714285,0.08333333333333334,0.42857142857142855,1.0000000000000002,2.0,nan,-0.19999999999999998,0.37123232664087563,0.41379310344827586,2.8411073135619236,0.3750228708242841,0.3750228708242841,1
0.14285714285714285,0.14285714285714285,0.0,0.0,0.2,0.2,0.14285714285714285,1.4000000000000001,1.0000000000000002,2.0,nan,-0.3333333333333333,0.7219280948873623,0.2916666666666667,2.8411073135619236,0.05187325995268212,0.5136640780400479,2
0.0,0.0,0.0,0.0,0.0,0.0,0.0,0.0,nan,0.0,nan,0.0,3.4661976109059578e-09,0.13333333333333333,10.265963322985913,0.0,0.0,0
0.0,0.0,0.0,0.2,0.0,0.0,0.0,0.0,nan,0.0,nan,0.0,3.4661976109059578e-09,0.14285714285714285,10.265963322985913,0.12065135581338962,0.12065135581338962,1
0.0,0.0,0.0,0.0,0.0,0.0,0.0,0.0,nan,0.0,nan,nan,3.4661976109059578e-09,0.35294117647058826,10.265963322985913,0.060136119209580785,0.2795956532661862,2
0.16666666666666666,0.16666666666666666,0.0,0.0,0.0,0.0,0.16666666666666666,0.0,nan,0.0,nan,0.0,3.4661976109059578e-09,0.2857142857142857,6.576655452113735,0.0,0.0,0
0.0,0.0,0.0,0.0,0.0,0.0,0.0,0.0,nan,0.0,nan,0.0,3.4661976109059578e-09,0.125,6.576655452113735,0.2875500177676527,0.2875500177676527,1
0.0,0.0,0.0,0.0,0.0,0.08333333333333333,0.0,41666666.666666664,0.9999999999999998,2.0,1.0,-0.10000000000000003,0.24988229283318544,0.18181818181818182,6.576655452113735,0.08793373783041637,0.48492533378249936,2
0.0,0.0,0.0,0.0,0.0,0.0,0.0,0.0,nan,0.0,nan,0.0,3.4661976109059578e-09,0.3333333333333333,12.882122462437488,0.0,0.0,0
0.16666666666666666,0.16666666666666666,0.0,0.0,0.0,0.0,0.16666666666666666,0.0,nan,0.0,nan,nan,3.4661976109059578e-09,0.42857142857142855,12.882122462437488,0.11367912033618688,0.11367912033618688,1
0.5,0.5,0.0,0.0,0.3333333333333333,0.0,0.5,0.3333333333333333,nan,0.0,nan,nan,0.6500224216483541,0.25,12.882122462437488,0.05781361001689467,0.43118596302670154,2
0.0,0.0,0.0,0.0,0.0,0.0,0.0,0.0,nan,0.0,nan,0.0,3.4661976109059578e-09,0.22580645161290322,4.517975935655836,0.0,0.0,0
0.09090909090909091,0.09090909090909091,0.0,0.0,0.1,0.2,0.09090909090909091,1.6500000000000001,1.0000000000000002,2.0,nan,-0.3333333333333333,0.6098403047164005,0.36666666666666664,4.517975935655836,0.1728854640725914,0.1728854640725914,1
0.2,0.0,0.2,0.0,0.0,0.2,0.2,100000000.0,1.0000000000000002,2.0,nan,-0.3333333333333333,0.4689955935892812,0.2777777777777778,4.517975935655836,0.0987683450232546,0.5579161538631565,2
0.08333333333333333,0.08333333333333333,0.0,0.0,0.0,0.0,0.08333333333333333,0.0,nan,0.0,0.0,0.0,3.4661976109059578e-09,0.3157894736842105,0.3900954599912704,0.0,0.0,0
0.23076923076923078,0.15384615384615385,0.07692307692307693,0.1,0.25,0.14285714285714285,0.07692307692307693,1.2767857142857142,1.0000000000000004,1.0,nan,0.0,0.7147274731317892,0.34210526315789475,0.3900954599912704,0.1848820852193394,0.1848820852193394,1
0.0,0.0,0.0,0.09090909090909091,0.0,0.0,0.0,0.0,nan,0.0,0.0,0.0,3.4661976109059578e-09,0.1388888888888889,0.3900954599912704,0.1102597993747698,0.44612579223437876,2
0.0,0.0,0.0,0.0,0.0,0.0,0.0,0.0,nan,0.0,nan,0.0,3.4661976109059578e-09,0.08333333333333333,14.709294638764806,0.0,0.0,0
0.3333333333333333,0.3333333333333333,0.0,0.0,0.0,0.0,0.3333333333333333,0.0,nan,0.0,nan,0.0,3.4661976109059578e-09,0.3,14.709294638764806,0.21667936832969997,0.21667936832969997,1
0.0,0.0,0.0,0.0,0.5,0.0,0.0,249999999.99999997,nan,0.0,nan,0.0,0.8112781244591328,0.0,14.709294638764806,0.10166506166152783,0.4683078074783536,2
0.0,0.0,0.0,0.0,0.0,0.0,0.0,0.0,nan,0.0,nan,nan,3.4661976109059578e-09,0.0,14.731312309924514,0.0,0.0,0
0.0,0.0,0.0,0.16666666666666666,0.0,0.0,0.0,0.0,nan,0.0,nan,0.0,3.4661976109059578e-09,0.13333333333333333,14.731312309924514,0.4629122234672159,0.4629122234672159,1
0.5,0.25,0.25,0.2,0.0,0.5,0.0,1.0,nan,1.0,nan,nan,0.8112781244591328,0.3076923076923077,14.731312309924514,0.19530704111970226,0.5982870717246028,2
0.0,0.0,0.0,0.3333333333333333,0.0,0.0,0.0,0.0,nan,0.0,0.0,0.0,3.4661976109059578e-09,0.2692307692307692,1.2324727015902197,0.0,0.0,0
0.2857142857142857,0.2857142857142857,0.0,0.125,0.375,0.0,0.2857142857142857,0.65625,nan,0.0,0.0,0.0,0.6962122601251458,0.3684210526315789,1.2324727015902197,0.14538837073830957,0.14538837073830957,1
0.3333333333333333,0.0,0.3333333333333333,0.16666666666666666,0.2222222222222222,0.4444444444444444,0.3333333333333333,333333333.3333333,1.0000000000000002,5.0,0.6783898247235197,-0.2581988897471611,0.9182958340544896,0.16666666666666666,1.2324727015902197,0.1889940008386682,0.39754445108254377,2
0.0,0.0,0.0,0.0,0.14285714285714285,0.15384615384615385,0.0,148351648.35164833,0.9999999999999998,4.0,0.819924093995367,-0.19999999999999998,0.6056998853859464,0.13793103448275862,2.0626419079465763,0.0,0.0,0
0.09090909090909091,0.09090909090909091,0.0,0.0,0.3,0.25,0.09090909090909091,3.0250000000000004,1.0,2.0,0.832120544124107,0.2999999999999999,0.8485481782946158,0.2972972972972973,2.0626419079465763,0.10029977052151087,0.10029977052151087,1
0.16666666666666666,0.0,0.16666666666666666,0.14285714285714285,0.0,0.18181818181818182,0.16666666666666666,90909090.9090909,0.9999999999999998,4.0,0.7982528341069017,-0.24999999999999997,0.4394969869215134,0.1935483870967742,2.0626419079465763,0.19583777837749153,0.4272108973478056,2
0.0,0.0,0.0,0.0,0.14285714285714285,0.0,0.0,71428571.42857142,nan,0.0,nan,0.0,0.37123232664087563,0.17391304347826086,5.305231282640108,0.0,0.0,0
0.25,0.25,0.0,0.0,0.2,0.0,0.25,0.4,nan,0.0,0.0,0.0,0.4689955935892812,0.14814814814814814,5.305231282640108,0.16954585296964236,0.16954585296964236,1
0.0,0.16666666666666666,0.16666666666666666,0.0,0.15384615384615385,0.16666666666666666,0.0,0.9615384615384615,1.0000000000000002,1.0,nan,0.0,0.6349226166457477,0.1935483870967742,5.305231282640108,0.15604250770988007,0.48083869066431284,2
0.2,0.0,0.2,0.1,0.25,0.06666666666666667,0.2,158333333.3333333,1.0000000000000004,1.0,1.0,0.0,0.6303074079971902,0.14705882352941177,2.4778402661538435,0.0,0.0,0
0.14285714285714285,0.2857142857142857,0.14285714285714285,0.0,0.0,0.42857142857142855,0.14285714285714285,0.75,1.0000000000000002,1.0,nan,0.7071067811865475,0.74959525725948,0.28,2.4778402661538435,0.428482386862894,0.428482386862894,1
0.0,0.0,0.0,0.0,0.36363636363636365,0.2,0.0,281818181.8181818,1.0000000000000002,4.0,0.7288158200004218,-0.2857142857142857,0.8579163978157118,0.2571428571428571,2.4778402661538435,0.07587860309852863,0.584079125759838,2
0.16666666666666666,0.16666666666666666,0.0,0.0,0.0,0.0,0.16666666666666666,0.0,nan,0.0,nan,0.0,3.4661976109059578e-09,0.35294117647058826,10.044984468499273,0.0,0.0,0
0.2857142857142857,0.0,0.2857142857142857,0.0,0.2,0.3333333333333333,0.2857142857142857,266666666.66666666,1.0,2.0,nan,0.16666666666666669,0.8366407419411672,0.3684210526315789,10.044984468499273,0.1334721881346813,0.1334721881346813,1
0.0,0.0,0.0,0.0,0.0,0.25,0.0,124999999.99999999,1.0,1.0,nan,0.0,0.5435644431995964,0.2727272727272727,10.044984468499273,0.03723398636936026,0.34459579377087973,2
0.0,0.0,0.0,0.0,0.0,0.0,0.0,0.0,nan,0.0,nan,0.0,3.4661976109059578e-09,0.38461538461538464,13.330227782847738,0.0,0.0,0
0.0,0.0,0.0,0.0,0.5,0.0,0.0,249999999.99999997,nan,0.0,nan,nan,0.8112781244591328,0.3,13.330227782847738,0.3319737562508497,0.3319737562508497,1
0.0,0.0,0.0,0.0,0.25,0.0,0.0,124999999.99999999,nan,0.0,nan,nan,0.5435644431995964,0.125,13.330227782847738,0.11146123499033982,0.3849959070448894,2
0.0,0.0,0.0,0.0,0.0,0.0,0.0,0.0,nan,0.0,nan,nan,3.4661976109059578e-09,0.18181818181818182,12.93898277685698,0.0,0.0,0
0.0,0.0,0.0,0.0,0.3333333333333333,0.16666666666666666,0.0,249999999.99999997,1.0000000000000002,2.0,nan,-0.24999999999999994,0.8112781244591328,0.14285714285714285,12.93898277685698,0.3638129888287501,0.3638129888287501,1
0.0,0.0,0.0,0.0,1.0,0.25,0.0,625000000.0,1.0,2.0,nan,-0.5,0.954434002924965,0.2857142857142857,12.93898277685698,0.07494996681689801,0.33166289109916536,2
0.0,0.0,0.0,0.0,0.0,0.0,0.0,0.0,nan,0.0,0.0,0.0,3.4661976109059578e-09,0.11904761904761904,3.0707883367510718,0.0,0.0,0
0.375,0.25,0.125,0.1,0.1,0.0,0.125,0.2,nan,0.0,nan,0.0,0.28639695711595625,0.22857142857142856,3.0707883367510718,0.3162262900801446,0.3162262900801446,1
0.18181818181818182,0.09090909090909091,0.09090909090909091,0.1,0.0,0.4,0.0,2.2,1.0000000000000002,1.0,nan,0.5773502691896258,0.7219280948873623,0.3235294117647059,3.0707883367510718,0.07232412203994708,0.32566492025380767,2
0.0,0.0,0.0,0.0,0.0,0.0,0.0,0.0,nan,0.0,nan,nan,3.4661976109059578e-09,0.42857142857142855,12.747028309357752,0.0,0.0,0
0.0,0.0,0.0,0.0,0.0,0.0,0.0,0.0,nan,0.0,nan,nan,3.4661976109059578e-09,0.16666666666666666,12.747028309357752,0.11281977040278814,0.11281977040278814,1
0.0,0.0,0.0,0.0,0.0,0.0,0.0,0.0,nan,0.0,nan,nan,3.4661976109059578e-09,0.16666666666666666,12.747028309357752,0.14218788982975178,0.3329847287517236,2
0.36363636363636365,0.18181818181818182,0.18181818181818182,0.0,0.0,0.0,0.0,0.0,nan,0.0,nan,0.0,3.4661976109059578e-09,0.5,4.899753379357917,0.0,0.0,0
0.2,0.2,0.0,0.2,0.0,0.0,0.2,0.0,nan,0.0,nan,0.0,3.4661976109059578e-09,0.25,4.899753379357917,0.4285460405716965,0.4285460405716965,1
0.0,0.0,0.0,0.09090909090909091,0.0,0.75,0.0,375000000.0,1.0,1.0,nan,0.0,0.954434002924965,0.3,4.899753379357917,0.16788679587916144,0.5201643817067327,2
0.0,0.0,0.0,0.0,0.0,0.16666666666666666,0.0,83333333.33333333,1.0,2.0,nan,-0.25,0.41381685030363374,0.1935483870967742,3.565641383394156,0.0,0.0,0
0.0,0.0,0.0,0.0,0.0,0.0,0.0,0.0,nan,0.0,nan,0.0,3.4661976109059578e-09,0.2962962962962963,3.565641383394156,0.051881937198683746,0.051881937198683746,1
0.375,0.125,0.25,0.0,0.0,0.125,0.125,0.5,1.0,2.0,1.0,-0.16666666666666663,0.3372900666170139,0.32,3.565641383394156,0.1576027007797016,0.5564262906371688,2
0.0,0.0,0.0,0.0,0.0,0.0,0.0,0.0,nan,0.0,nan,nan,3.4661976109059578e-09,0.3333333333333333,13.564426402558258,0.0,0.0,0
0.0,0.0,0.0,0.0,0.0,0.0,0.0,0.0,nan,0.0,nan,nan,3.4661976109059578e-09,0.25,13.564426402558258,0.07024185613179912,0.07024185613179912,1
0.0,0.0,0.0,0.0,0.0,0.0,0.0,0.0,nan,0.0,nan,nan,3.4661976109059578e-09,0.625,13.564426402558258,0.14707028396914834,0.3161967364687725,2
0.0,0.0,0.0,0.0,0.0,0.0,0.0,0.0,nan,0.0,nan,0.0,3.4661976109059578e-09,0.20588235294117646,0.5813954796846899,0.0,0.0,0
0.29411764705882354,0.11764705882352941,0.17647058823529413,0.08333333333333333,0.2,0.16666666666666666,0.05882352941176472,1.5583333333333336,0.9999999999999998,4.0,0.7691681814271709,-0.2222222222222223,0.6873150928309273,0.3333333333333333,0.5813954796846899,0.2733757874901381,0.2733757874901381,1
0.0,0.0,0.0,0.0,0.0,0.0,0.0,0.0,nan,0.0,0.0,0.0,3.4661976109059578e-09,0.2777777777777778,0.5813954796846899,0.09710019714190386,0.35029769457076554,2
0.0,0.0,0.0,0.0,0.0,0.0,0.0,0.0,nan,0.0,0.0,0.0,3.4661976109059578e-09,0.21052631578947367,1.403233842536458,0.0,0.0,0
0.0,0.0,0.0,0.1111111111111111,0.375,0.5,0.0,437500000.0,1.0,5.0,0.9393756214527125,0.10000000000000002,0.9886994082884974,0.21621621621621623,1.403233842536458,0.40103823076991124,0.40103823076991124,1
0.16666666666666666,0.0,0.16666666666666666,0.07692307692307693,0.0,0.1111111111111111,0.16666666666666666,55555555.55555555,1.0,1.0,1.0,0.0,0.3095434291503252,0.15789473684210525,1.403233842536458,0.1165640411348173,0.3528703834413906,2
0.6666666666666666,0.6666666666666666,0.0,0.0,0.2,0.0,0.6666666666666666,0.15000000000000002,nan,0.0,nan,0.0,0.4689955935892812,0.17647058823529413,14.913863865743453,0.0,0.0,0
0.0,0.0,0.0,0.0,0.0,0.0,0.0,0.0,nan,0.0,nan,0.0,3.4661976109059578e-09,0.1111111111111111,14.913863865743453,0.07580375488894503,0.07580375488894503,1
0.0,0.0,0.0,0.0,0.25,0.0,0.0,124999999.99999999,nan,0.0,nan,nan,0.5435644431995964,0.125,14.913863865743453,0.1079563694858535,0.4293714585801157,2
0.2857142857142857,0.2857142857142857,0.0,0.0,0.0,0.0,0.2857142857142857,0.0,nan,0.0,0.0,0.0,3.4661976109059578e-09,0.23333333333333334,1.1692635405858587,0.0,0.0,0
0.0,0.0,0.0,0.25,0.23076923076923078,0.2857142857142857,0.0,258241758.2417582,1.0000000000000002,2.0,nan,0.25,0.8240815543156681,0.24324324324324326,1.1692635405858587,0.2242086759087039,0.2242086759087039,1
0.16666666666666666,0.16666666666666666,0.0,0.0,0.16666666666666666,0.0,0.16666666666666666,0.5,nan,0.0,nan,0.0,0.41381685030363374,0.42857142857142855,1.1692635405858587,0.07489037781963381,0.428291307459324,2
0.0,0.0,0.0,0.1,0.0,0.0,0.0,0.0,nan,0.0,0.0,0.0,3.4661976109059578e-09,0.18421052631578946,1.3663850338143646,0.0,0.0,0
0.05555555555555555,0.0,0.05555555555555555,0.0,0.0,0.0625,0.05555555555555555,31249999.999999996,1.0,2.0,1.0,-0.0714285714285714,0.20062232431271465,0.35294117647058826,1.3663850338143646,0.14264403739465345,0.14264403739465345,1
0.0,0.0,0.0,0.0,0.07142857142857142,0.23076923076923078,0.0,151098901.0989011,1.0000000000000002,5.0,0.838598484278459,-0.25819888974716115,0.6125834867198281,0.16666666666666666,1.3663850338143646,0.07358811291074027,0.3972613978048237,2
0.08333333333333333,0.08333333333333333,0.0,0.0,0.1,0.125,0.08333333333333333,1.35,1.0,2.0,1.0,-0.16666666666666666,0.507410963664697,0.27906976744186046,0.30032270949453543,0.0,0.0,0
0.14285714285714285,0.14285714285714285,0.0,0.0,0.2,0.058823529411764705,0.14285714285714285,0.9058823529411766,1.0000000000000002,2.0,1.0,-0.06666666666666667,0.5558227377664953,0.1794871794871795,0.30032270949453543,0.194309502947358,0.194309502947358,1
0.36363636363636365,0.18181818181818182,0.18181818181818182,0.2,0.3333333333333333,0.0,0.0,0.9166666666666666,nan,0.0,nan,0.0,0.6500224216483541,0.2558139534883721,0.30032270949453543,0.1612789375081169,0.5495627329797399,2
0.0,0.0,0.0,0.0,0.0,0.0,0.0,0.0,nan,0.0,nan,0.0,3.4661976109059578e-09,0.32,3.3713402289724237,0.0,0.0,0
0.0,0.0,0.0,0.26666666666666666,0.08333333333333333,0.2,0.0,141666666.66666666,1.0000000000000002,2.0,nan,-0.3333333333333333,0.5885870739324579,0.2,3.3713402289724237,0.24893499193076513,0.24893499193076513,1
0.0,0.0,0.0,0.0,0.0,0.16666666666666666,0.0,83333333.33333333,1.0000000000000002,2.0,nan,-0.24999999999999994,0.41381685030363374,0.18181818181818182,3.3713402289724237,0.1264563764583504,0.5265681781692554,2
0.0,0.0,0.0,0.0,0.0,0.0,0.0,0.0,nan,0.0,0.0,0.0,3.4661976109059578e-09,0.3333333333333333,7.3613883088001835,0.0,0.0,0
0.0,0.0,0.0,0.0,0.0,0.14285714285714285,0.0,71428571.42857142,1.0000000000000004,2.0,nan,-0.19999999999999993,0.37123232664087563,0.17647058823529413,7.3613883088001835,0.15068370473353554,0.15068370473353554,1
0.3333333333333333,0.3333333333333333,0.0,0.0,0.2,0.0,0.3333333333333333,0.30000000000000004,nan,0.0,nan,0.0,0.4689955935892812,0.16666666666666666,7.3613883088001835,0.06135676048787829,0.4813479970564585,2
0.0,0.0,0.0,0.0,0.0,0.0,0.0,0.0,nan,0.0,nan,0.0,3.4661976109059578e-09,0.2857142857142857,10.058172862813683,0.0,0.0,0
0.25,0.25,0.0,0.25,0.42857142857142855,0.16666666666666666,0.25,1.1904761904761905,1.0000000000000002,1.0,nan,0.0,0.8783609387702276,0.19047619047619047,10.058172862813683,0.3300323993669559,0.3300323993669559,1
0.3333333333333333,0.0,0.3333333333333333,0.2,0.125,0.0,0.3333333333333333,62499999.99999999,nan,0.0,nan,0.0,0.3372900666170139,0.15,10.058172862813683,0.11220091499080793,0.2916143650819246,2
0.25,0.25,0.0,0.0,0.0,0.0,0.25,0.0,nan,0.0,nan,nan,3.4661976109059578e-09,0.3076923076923077,9.576829103176227,0.0,0.0,0
0.5,0.5,0.0,0.0,0.0,0.0,0.5,0.0,nan,0.0,nan,0.0,3.4661976109059578e-09,0.2857142857142857,9.576829103176227,0.3924786046735244,0.3924786046735244,1
1.0,0.0,1.0,0.3333333333333333,1.0,0.4,1.0,699999999.9999999,1.0000000000000002,3.0,nan,-0.5773502691896258,0.8812908992306927,0.07692307692307693,9.576829103176227,0.19994415045522124,0.22837153629485393,2
0.06666666666666667,0.06666666666666667,0.0,0.0,0.125,0.0,0.06666666666666667,0.9375,nan,0.0,nan,nan,0.3372900666170139,0.46875,6.4306350662320515,0.0,0.0,0
0.3333333333333333,0.3333333333333333,0.0,0.125,0.2857142857142857,0.2,0.3333333333333333,0.7285714285714286,1.0,2.0,nan,-0.3333333333333333,0.7997594113291762,0.23076923076923078,6.4306350662320515,0.41147579974090337,0.41147579974090337,1
0.2,0.0,0.2,0.0,0.3333333333333333,0.0,0.2,166666666.66666666,nan,0.0,nan,0.0,0.6500224216483541,0.22727272727272727,6.4306350662320515,0.03822710983103139,0.3915455122758136,2
0.0,0.0,0.0,0.0,0.0,0.0,0.0,0.0,nan,0.0,nan,0.0,3.4661976109059578e-09,0.4090909090909091,3.429301471706409,0.0,0.0,0
0.2,0.2,0.0,0.2,0.0,0.25,0.2,0.625,1.0,4.0,0.8321205441241069,-0.40000000000000013,0.5435644431995964,0.19230769230769232,3.429301471706409,0.2865760721883188,0.2865760721883188,1
0.25,0.25,0.0,0.0,0.5,0.125,0.25,1.25,1.0,1.0,1.0,0.0,0.8960382325345574,0.2962962962962963,3.429301471706409,0.1764824061621188,0.4871514697049156,2
0.0,0.0,0.0,0.5,0.0,0.0,0.0,0.0,nan,0.0,nan,0.0,3.4661976109059578e-09,0.3333333333333333,13.581909964363243,0.0,0.0,0
0.16666666666666666,0.16666666666666666,0.0,0.6,0.0,0.0,0.16666666666666666,0.0,nan,0.0,nan,0.0,3.4661976109059578e-09,0.35294117647058826,13.581909964363243,0.39236635550876653,0.39236635550876653,1
0.6666666666666666,0.0,0.6666666666666666,0.0,0.6666666666666666,0.0,0.6666666666666666,333333333.3333333,nan,0.0,nan,nan,0.9182958340544896,0.375,13.581909964363243,0.062028779988285085,0.43013676639541865,2
0.5,0.25,0.25,0.0,0.3333333333333333,0.0,0.0,0.6666666666666666,nan,0.0,nan,0.0,0.6500224216483541,0.26666666666666666,10.536985957155451,0.0,0.0,0
0.16666666666666666,0.16666666666666666,0.0,0.0,0.0,0.0,0.16666666666666666,0.0,nan,0.0,nan,nan,3.4661976109059578e-09,0.2727272727272727,10.536985957155451,0.0910170456929531,0.0910170456929531,1
0.0,0.0,0.0,0.0,0.25,0.0,0.0,124999999.99999999,nan,0.0,nan,nan,0.5435644431995964,0.2,10.536985957155451,0.05950084437785817,0.40840561485871846,2
0.0,0.0,0.0,0.0,0.09090909090909091,0.0,0.0,45454545.45454545,nan,0.0,0.0,0.0,0.26676498780302604,0.26666666666666666,1.0288728273154302,0.0,0.0,0
0.0,0.0,0.0,0.0,0.0,0.0,0.0,0.0,nan,0.0,0.0,0.0,3.4661976109059578e-09,0.1282051282051282,1.0288728273154302,0.06878900878976152,0.06878900878976152,1
0.125,0.125,0.25,0.2222222222222222,0.1,0.125,0.125,0.9,1.0,2.0,1.0,-0.16666666666666666,0.507410963664697,0.22857142857142856,1.0288728273154302,0.09746065567990744,0.3508684835667729,2
0.0,0.0,0.0,0.0,0.0,0.0,0.0,0.0,nan,0.0,nan,0.0,3.4661976109059578e-09,0.21739130434782608,5.063065145649847,0.0,0.0,0
0.16666666666666666,0.16666666666666666,0.3333333333333333,0.25,0.14285714285714285,0.1111111111111111,0.16666666666666666,0.7619047619047619,1.0,1.0,1.0,0.0,0.5491087450260073,0.23076923076923078,5.063065145649847,0.22602794905527124,0.22602794905527124,1
0.25,0.0,0.25,0.2857142857142857,0.3333333333333333,0.1111111111111111,0.25,222222222.2222222,1.0,2.0,1.0,-0.14285714285714285,0.7642045065086203,0.15384615384615385,5.063065145649847,0.03777746657332755,0.4080568361109553,2
0.5,0.0,0.5,0.0,0.0,0.0,0.5,0.0,nan,0.0,nan,nan,3.4661976109059578e-09,0.25,12.139201490697195,0.0,0.0,0
0.0,0.0,0.0,0.0,0.16666666666666666,0.0,0.0,83333333.33333333,nan,0.0,nan,0.0,0.41381685030363374,0.07692307692307693,12.139201490697195,0.39921096484897123,0.39921096484897123,1
1.0,0.0,1.0,0.5,0.0,0.3333333333333333,1.0,166666666.66666666,nan,1.0,nan,0.0,0.6500224216483541,0.1111111111111111,12.139201490697195,0.09236751308287752,0.25245192836804997,2
0.14285714285714285,0.14285714285714285,0.0,0.0,0.0,0.0,0.14285714285714285,0.0,nan,0.0,nan,0.0,3.4661976109059578e-09,0.4117647058823529,6.755241847036754,0.0,0.0,0
0.16666666666666666,0.0,0.16666666666666666,0.2,0.16666666666666666,0.14285714285714285,0.16666666666666666,154761904.76190475,1.0000000000000004,2.0,nan,-0.19999999999999993,0.6216297820565386,0.25,6.755241847036754,0.483465438832627,0.483465438832627,1
0.0,0.0,0.0,0.0,0.3333333333333333,0.0,0.0,166666666.66666666,nan,0.0,nan,0.0,0.6500224216483541,0.2631578947368421,6.755241847036754,0.06651577117499825,0.5304742636318036,2
0.0,0.0,0.0,0.0,0.0,0.0,0.0,0.0,nan,0.0,nan,0.0,3.4661976109059578e-09,0.16666666666666666,9.305937793050868,0.0,0.0,0
0.6,0.6,0.0,0.14285714285714285,0.0,0.0,0.6,0.0,nan,0.0,nan,nan,3.4661976109059578e-09,0.3333333333333333,9.305937793050868,0.30460594374914546,0.30460594374914546,1
0.25,0.25,0.0,0.0,0.0,0.14285714285714285,0.25,0.2857142857142857,1.0000000000000004,2.0,nan,-0.19999999999999993,0.37123232664087563,0.17391304347826086,9.305937793050868,0.1562101562107397,0.46174378171626773,2
0.0,0.0,0.0,0.14285714285714285,0.0,0.0,0.0,0.0,nan,0.0,0.0,0.0,3.4661976109059578e-09,0.3,7.348489480561058,0.0,0.0,0
0.3333333333333333,0.16666666666666666,0.16666666666666666,1.0,0.0,0.0,0.0,0.0,nan,0.0,nan,0.0,3.4661976109059578e-09,0.375,7.348489480561058,0.361636568032207,0.361636568032207,1
0.125,0.125,0.0,0.0,0.0,0.16666666666666666,0.125,0.6666666666666666,1.0,2.0,nan,-0.25,0.41381685030363374,0.3333333333333333,7.348489480561058,0.06756423688131015,0.33177920736999317,2
0.0,0.0,0.0,0.0,0.0,0.0,0.0,0.0,nan,0.0,0.0,0.0,3.4661976109059578e-09,0.2,0.9224837152829585,0.0,0.0,0
0.0,0.0,0.0,0.3,0.0,0.25,0.0,124999999.99999999,1.0,1.0,nan,0.0,0.5435644431995964,0.34285714285714286,0.9224837152829585,0.17334582419707384,0.17334582419707384,1
0.0,0.0,0.0,0.1111111111111111,0.0,0.2,0.0,100000000.0,1.0000000000000002,3.0,0.8187072004469373,-0.1889822365046136,0.4689955935892812,0.06666666666666667,0.9224837152829585,0.07543919031719233,0.34634870686817043,2
0.0,0.0,0.0,0.0,0.0,0.0,0.0,0.0,nan,0.0,nan,0.0,3.4661976109059578e-09,0.0,10.324970687770678,0.0,0.0,0
0.25,0.25,0.0,0.0,0.0,0.0,0.25,0.0,nan,0.0,nan,0.0,3.4661976109059578e-09,0.26666666666666666,10.324970687770678,0.10587856437409218,0.10587856437409218,1
0.16666666666666666,0.0,0.16666666666666666,0.0,0.2,0.25,0.16666666666666666,225000000.0,1.0,2.0,nan,-0.5,0.7691928290130138,0.2857142857142857,10.324970687770678,0.07417132316181452,0.390128859875589,2
0.2,0.2,0.0,0.06666666666666667,0.0,0.0,0.2,0.0,nan,0.0,nan,nan,3.4661976109059578e-09,0.375,0.9668558266650229,0.0,0.0,0
0.23529411764705882,0.058823529411764705,0.17647058823529413,0.1,0.0,0.1111111111111111,0.11764705882352942,0.9444444444444444,1.0,2.0,1.0,-0.14285714285714285,0.3095434291503252,0.37777777777777777,0.9668558266650229,0.22037961320925126,0.22037961320925126,1
0.3157894736842105,0.05263157894736842,0.2631578947368421,0.3333333333333333,0.375,0.13333333333333333,0.21052631578947367,4.829166666666667,0.9999999999999996,4.0,0.8437036756463023,-0.16666666666666655,0.8178155884350269,0.3220338983050847,0.9668558266650229,0.07035276143297893,0.5549376818811956,2
0.0,0.0,0.0,0.125,0.0,0.0,0.0,0.0,nan,0.0,nan,0.0,3.4661976109059578e-09,0.14705882352941177,0.6818367543555626,0.0,0.0,0
0.09090909090909091,0.09090909090909091,0.0,0.09090909090909091,0.15384615384615385,0.2,0.09090909090909091,1.9461538461538461,1.0000000000000002,2.0,0.6951715082190915,0.4166666666666667,0.6732994089189621,0.22,0.6818367543555626,0.1831933903978581,0.1831933903978581,1
0.25,0.0,0.25,0.1111111111111111,0.4444444444444444,0.2777777777777778,0.25,361111111.1111111,1.0,9.0,0.7650060647589629,-0.3580574370197164,0.943601631299382,0.18181818181818182,0.6818367543555626,0.05496265274320199,0.5551650873423644,2
0.25,0.0,0.25,0.0,0.25,0.0,0.25,124999999.99999999,nan,0.0,nan,nan,0.5435644431995964,0.4,10.283112345419386,0.0,0.0,0
0.25,0.25,0.0,0.16666666666666666,0.0,0.0,0.25,0.0,nan,0.0,nan,0.0,3.4661976109059578e-09,0.23529411764705882,10.283112345419386,0.30045497537183974,0.30045497537183974,1
0.5714285714285714,0.42857142857142855,0.14285714285714285,0.0,0.0,0.0,0.2857142857142857,0.0,nan,0.0,nan,0.0,3.4661976109059578e-09,0.3181818181818182,10.283112345419386,0.09293201399983995,0.22435678717133972,2
0.0,0.0,0.0,0.0,0.0,0.0,0.0,0.0,nan,0.0,0.0,0.0,3.4661976109059578e-09,0.2222222222222222,13.90233524267915,0.0,0.0,0
0.0,0.0,0.0,0.0,0.0,0.0,0.0,0.0,nan,0.0,nan,nan,3.4661976109059578e-09,0.16666666666666666,13.90233524267915,0.2497042421314048,0.2497042421314048,1
0.5,0.0,0.5,0.0,0.5,0.0,0.5,249999999.99999997,nan,0.0,nan,nan,0.8112781244591328,0.4444444444444444,13.90233524267915,0.1316284266285384,0.29612062170553693,2
0.21428571428571427,0.14285714285714285,0.07142857142857142,0.09090909090909091,0.0,0.0,0.07142857142857142,0.0,nan,0.0,nan,0.0,3.4661976109059578e-09,0.3111111111111111,1.8977028114153294,0.0,0.0,0
0.14285714285714285,0.14285714285714285,0.0,0.1,0.2,0.0,0.14285714285714285,0.7000000000000001,nan,0.0,nan,0.0,0.4689955935892812,0.20588235294117646,1.8977028114153294,0.4385035991041436,0.4385035991041436,1
0.0,0.0,0.0,0.2727272727272727,0.2,0.1111111111111111,0.0,155555555.55555555,1.0,2.0,1.0,-0.14285714285714285,0.6235702082127974,0.11764705882352941,1.8977028114153294,0.13012344628753464,0.47138756594594716,2
0.16666666666666666,0.0,0.16666666666666666,0.0,0.14285714285714285,0.0,0.16666666666666666,71428571.42857142,nan,0.0,0.0,0.0,0.37123232664087563,0.25,7.165894977068257,0.0,0.0,0
0.0,0.0,0.0,0.0,0.0,0.0,0.0,0.0,nan,0.0,nan,0.0,3.4661976109059578e-09,0.1111111111111111,7.165894977068257,0.2381576357549281,0.2381576357549281,1
0.0,0.0,0.0,0.1111111111111111,0.25,0.0,0.0,124999999.99999999,nan,0.0,nan,0.0,0.5435644431995964,0.2903225806451613,7.165894977068257,0.17988475570415258,0.5664535014425685,2
0.0,0.0,0.0,0.0,0.0,0.0,0.0,0.0,nan,0.0,nan,0.0,3.4661976109059578e-09,0.25,14.908183733135187,0.0,0.0,0
0.0,0.0,0.0,0.0,0.0,0.0,0.0,0.0,nan,0.0,nan,nan,3.4661976109059578e-09,0.42857142857142855,14.908183733135187,0.41295749492012607,0.41295749492012607,1
0.0,0.0,0.0,0.0,0.0,0.0,0.0,0.0,nan,0.0,nan,0.0,3.4661976109059578e-09,0.2222222222222222,14.908183733135187,0.056870965926504646,0.28628870713478843,2
0.0,0.0,0.0,0.0,0.0,0.2,0.0,100000000.0,1.0,2.0,nan,-0.3333333333333333,0.4689955935892812,0.12,3.156484470794459,0.0,0.0,0
0.1111111111111111,0.1111111111111111,0.0,0.0,0.21428571428571427,0.0,0.1111111111111111,0.9642857142857143,nan,0.0,nan,0.0,0.49123734182433315,0.2647058823529412,3.156484470794459,0.26451789424252437,0.26451789424252437,1
0.14285714285714285,0.0,0.14285714285714285,0.14285714285714285,0.0,0.25,0.14285714285714285,124999999.99999999,1.0,3.0,0.8321205441241069,-0.2581988897471611,0.5435644431995964,0.25,3.156484470794459,0.09949060148290645,0.4700282399237074,2
0.0,0.0,0.0,0.0,0.0,0.0,0.0,0.0,nan,0.0,nan,nan,3.4661976109059578e-09,0.5,14.079080450815741,0.0,0.0,0
0.3333333333333333,0.16666666666666666,0.16666666666666666,0.3333333333333333,0.0,0.0,0.0,0.0,nan,0.0,nan,nan,3.4661976109059578e-09,0.42857142857142855,14.079080450815741,0.3313302463095644,0.3313302463095644,1
0.0,0.0,0.0,0.4,0.5,0.0,0.0,249999999.99999997,nan,0.0,nan,nan,0.8112781244591328,0.2727272727272727,14.079080450815741,0.135178731119914,0.5838899865169458,2
0.0,0.0,0.0,0.0,0.0,0.0,0.0,0.0,nan,0.0,nan,nan,3.4661976109059578e-09,0.45454545454545453,13.59336718405043,0.0,0.0,0
0.0,0.0,0.0,0.0,0.0,0.6666666666666666,0.0,333333333.3333333,nan,2.0,nan,-1.0,0.9182958340544896,0.14285714285714285,13.59336718405043,0.37239765298182315,0.37239765298182315,1
0.0,0.0,0.0,0.25,0.0,0.0,0.0,0.0,nan,0.0,nan,nan,3.4661976109059578e-09,0.15384615384615385,13.59336718405043,0.126712332879968,0.3019673519152053,2
0.0,0.0,0.0,0.07142857142857142,0.0,0.05555555555555555,0.0,27777777.777777776,1.0000000000000002,2.0,1.0,-0.0625,0.18312206830137276,0.21153846153846154,1.053767647690771,0.0,0.0,0
0.42857142857142855,0.2857142857142857,0.14285714285714285,0.0,0.1111111111111111,0.14285714285714285,0.14285714285714285,0.4444444444444444,1.0000000000000004,1.0,nan,0.0,0.5491087450260073,0.3181818181818182,1.053767647690771,0.36072299494519006,0.36072299494519006,1
0.14285714285714285,0.14285714285714285,0.0,0.0,0.0,0.0,0.14285714285714285,0.0,nan,0.0,0.0,0.0,3.4661976109059578e-09,0.25,1.053767647690771,0.11024097254379854,0.3961760113524055,2
0.0,0.0,0.0,0.0,0.0,0.0,0.0,0.0,nan,0.0,nan,nan,3.4661976109059578e-09,0.42857142857142855,13.24517472986675,0.0,0.0,0
0.2,0.0,0.2,0.5,0.0,0.0,0.2,0.0,nan,0.0,nan,nan,3.4661976109059578e-09,0.35714285714285715,13.24517472986675,0.05550210052225285,0.05550210052225285,1
0.6666666666666666,0.0,0.6666666666666666,0.0,0.25,0.0,0.6666666666666666,124999999.99999999,nan,0.0,nan,nan,0.5435644431995964,0.2,13.24517472986675,0.04082822596271851,0.47554271921702573,2
0.16666666666666666,0.16666666666666666,0.0,0.0,0.0,0.0,0.16666666666666666,0.0,nan,0.0,nan,nan,3.4661976109059578e-09,0.375,10.013600804751288,0.0,0.0,0
0.0,0.0,0.0,0.0,0.0,0.25,0.0,124999999.99999999,1.0,1.0,nan,0.0,0.5435644431995964,0.07692307692307693,10.013600804751288,0.2471515911329269,0.2471515911329269,1
0.3333333333333333,0.3333333333333333,0.0,0.0,0.3333333333333333,0.5,0.3333333333333333,1.25,1.0,3.0,nan,-1.0,0.9798687566511528,0.23076923076923078,10.013600804751288,0.020210905053193406,0.3092573116495111,2
0.6666666666666666,0.0,0.6666666666666666,0.0,0.0,0.0,0.6666666666666666,0.0,nan,0.0,nan,nan,3.4661976109059578e-09,0.3333333333333333,13.638840726144107,0.0,0.0,0
0.3333333333333333,0.16666666666666666,0.16666666666666666,0.14285714285714285,0.3333333333333333,0.5,0.0,2.5,nan,1.0,nan,nan,0.9798687566511528,0.3333333333333333,13.638840726144107,0.324103212021128,0.324103212021128,1
0.0,0.0,0.0,0.0,0.0,0.0,0.0,0.0,nan,0.0,nan,nan,3.4661976109059578e-09,0.375,13.638840726144107,0.16956359008480212,0.2109862584218906,2
0.1,0.1,0.0,0.0,0.0,0.0,0.1,0.0,nan,0.0,0.0,0.0,3.4661976109059578e-09,0.2631578947368421,5.154816004304164,0.0,0.0,0
0.14285714285714285,0.14285714285714285,0.0,0.0,0.0,0.0,0.14285714285714285,0.0,nan,0.0,nan,nan,3.4661976109059578e-09,0.25,5.154816004304164,0.42675909793492983,0.42675909793492983,1
0.2,0.2,0.0,0.16666666666666666,0.0,0.16666666666666666,0.2,0.41666666666666663,1.0000000000000002,1.0,nan,0.0,0.41381685030363374,0.2777777777777778,5.154816004304164,0.04803540293728955,0.4239321669103615,2
0.0,0.0,0.0,0.0,0.0,0.25,0.0,124999999.99999999,1.0,1.0,nan,0.0,0.5435644431995964,0.1111111111111111,9.674952800468498,0.0,0.0,0
0.3333333333333333,0.0,0.3333333333333333,0.0,0.0,0.0,0.3333333333333333,0.0,nan,0.0,nan,0.0,3.4661976109059578e-09,0.17647058823529413,9.674952800468498,0.364381470431937,0.364381470431937,1
0.4,0.2,0.6,0.3333333333333333,0.6666666666666666,0.6666666666666666,0.39999999999999997,3.333333333333333,nan,1.0,nan,0.0,0.9182958340544896,0.29411764705882354,9.674952800468498,0.1418616229134369,0.4920470470318096,2
0.14285714285714285,0.14285714285714285,0.14285714285714285,0.0,0.0,0.0,0.0,0.0,nan,0.0,0.0,0.0,3.4661976109059578e-09,0.4117647058823529,1.635718487290243,0.0,0.0,0
0.0,0.0,0.0,0.15384615384615385,0.125,0.0,0.0,62499999.99999999,nan,0.0,nan,0.0,0.3372900666170139,0.21212121212121213,1.635718487290243,0.3843796289344384,0.3843796289344384,1
0.1111111111111111,0.1111111111111111,0.0,0.1111111111111111,0.0,0.16666666666666666,0.1111111111111111,0.75,1.0,2.0,nan,-0.25,0.41381685030363374,0.25,1.635718487290243,0.16402145495137038,0.3149661552024696,2
