qber_key,chsh_S,s_deviation,s_qber_residual,per_pair_corr_spread,jump_energy,spectral_entropy,autocorr_lag1,h_qber_key,sifted_rate,attack_duty_cycle,V,r_secure_di,_k_achieved,_N_used,label
0.020887728459530026,-2.6921668035912028,0.13626032115498754,-0.018101485656452088,1.3444474564019155,3.6336142847019297,0.8593213072018726,-0.18639941842119873,0.14639628814240824,0.22914529914529916,0.0,0.9560393568477236,0.56949958720717,2681,11700,none
0.04401268834258525,-2.626094469649946,0.2023326550962441,0.04664070798609288,1.3229061935564235,3.4209968708595766,0.8550995184701387,-0.018301897721169292,0.2603969767030999,0.21555555555555556,0.0,0.915104586041588,0.3569910527528575,2522,11700,none
0.018106374952847983,-2.756129637040316,0.07229748770587419,0.030127636389046586,1.3712641518943265,2.3194527352140497,0.8768299728720729,0.1396347356210467,0.13067213197985045,0.22658119658119658,0.0,0.9665543552545622,0.6959053539141553,2651,11700,none
0.05234795996920708,-2.5370779773116987,0.2913491474344916,0.004775632369574456,1.3154986184375783,3.1058185711565987,0.8514971260222011,0.008142457842778625,0.2962884133482736,0.22205128205128205,0.0,0.8996647964598374,0.20456072387380542,2598,11700,none
0.0541890853189854,-2.5475160478198164,0.28091107692637385,0.025628680636434087,1.3012042137429134,4.269927234060517,0.8694623148037609,-0.029332123848858773,0.30393216136892476,0.2223931623931624,0.0,0.8968525570659286,0.20981617703086342,2602,11700,none
0.06176134197483797,-2.4950328291208437,0.3333942956253466,0.01598061417936769,1.2547861272699905,5.197622930282635,0.838128284707163,-0.09833005880432298,0.33439746860625735,0.22418803418803418,0.0,0.8697201249832607,0.11624573228070378,2623,11700,none
0.046395705521472395,-2.5641532233155258,0.26427390143066454,-0.0018201574933263132,1.2957118652908346,3.9969203087297434,0.8632218066931763,-0.19652819609957212,0.27088423093595776,0.2229059829059829,0.0,0.909726580297474,0.2638111467995565,2608,11700,none
0.04772727272727273,-2.60287692712608,0.2255501976201102,0.04443602792384427,1.3207759406907287,3.5190859279604205,0.8440523911422095,-0.14112463761019367,0.2766629826192453,0.22564102564102564,0.0,0.9101610526752252,0.30879146152616443,2640,11700,none
0.05037878787878788,-2.4749259093337175,0.3535012154124728,-0.06851575511607644,1.2582503664021831,5.915517213978377,0.8788685669329179,-0.16455668642933624,0.28800384683204916,0.22564102564102564,0.0,0.888994717907265,0.13954894575689925,2640,11700,none
0.06288819875776397,-2.438387597325237,0.3900395274209534,-0.034290153035174686,1.2257205793849733,2.790524384864944,0.8122112115784054,-0.28419826934459563,0.3388048650206997,0.22017094017094016,0.0,0.8674543594239564,0.04817065699841083,2576,11700,none
0.05105566218809981,-2.5479500716847756,0.2804770530614147,0.008337386547985215,1.2936543153713158,4.070625759534694,0.8005784047718383,0.12365252902786641,0.2908645213112555,0.22264957264957264,0.0,0.8985750072648705,0.22342415302303575,2605,11700,none
0.05396825396825397,-2.4688187038446783,0.359608420901512,-0.05431787410351019,1.2420700903465423,4.284770762889813,0.8678280705767072,-0.07954471185583681,0.3030204393428982,0.2153846153846154,0.0,0.8853976882066967,0.11762890277969096,2520,11700,none
0.05583173996175908,-2.532595018761145,0.2958321059850455,0.01999990947418473,1.2497112254541636,3.460563830379305,0.8335154614871688,-0.05026028125996383,0.3106712756092517,0.22350427350427352,0.0,0.9016319575997523,0.18469325805579173,2615,11700,none
0.02935496330629587,-2.6888792062818663,0.13954791846432402,0.02650883045858876,1.3610471542119882,3.305975304469461,0.8439082351951652,0.010641117500971731,0.19114664458925765,0.22128205128205128,0.0,0.9481010888504552,0.5195324591007845,2589,11700,none
0.0187866927592955,-2.669272359193532,0.15915476555265817,-0.05288118278332954,1.3488207662744054,2.50936497716709,0.8925656190896932,-0.14132067195783005,0.1345728885117542,0.21837606837606838,0.0,0.9653416598654581,0.5457431282002763,2555,11700,none
0.015537848605577689,-2.771118009180028,0.05730911556616247,0.030586229346268645,1.41479325113167,3.125479619973155,0.9119444687903975,0.043246056890331466,0.11559379015564276,0.21452991452991452,0.0,0.9679262601471568,0.7403023422113387,2510,11700,none
0.06321401370906321,-2.3657620996103117,0.4626650251358786,-0.10507256305829493,1.1989265609085198,4.69219326676734,0.8243328250659196,0.06629317704760616,0.3400733859039185,0.22444444444444445,0.0,0.8571699359658452,0.0,2626,11700,none
0.011769321302471557,-2.713991942457199,0.1144351822889913,-0.04785784706546403,1.352181862903441,1.9752460787573705,0.8766393118233327,0.08205506673661629,0.09230674965350458,0.21786324786324787,0.0,0.9646794522007918,0.6592437218095422,2549,11700,none
0.04973624717407687,-2.5817250085751384,0.24670211617105187,0.034648585009428245,1.2959141179227358,2.7186383040749615,0.9211452266979867,-0.20872087358362632,0.28527549602464464,0.22683760683760684,0.0,0.9003220833965974,0.2720896598051692,2654,11700,none
0.02186421173762946,-2.7647112132918723,0.06371591145431799,0.05996674762549237,1.3992260917634052,8.068349676614453,0.87942543427424,-0.07974367729462532,0.15178336897005879,0.22282051282051282,0.0,0.9589206012089669,0.6913703895021213,2607,11700,none
0.039104024297646166,-2.623136651668026,0.2052904730781644,0.015915292942228376,1.3352559954705383,3.356279618475875,0.8667005672022612,-0.2769292535463141,0.2381689848001692,0.22512820512820514,0.0,0.917855485194265,0.37508261089261286,2634,11700,none
0.057449253159708925,-2.435091500205028,0.39333562454116233,-0.06835357267449904,1.259387221494947,4.702261449335211,0.8742063519344851,0.3013329030382204,0.3172350644254756,0.22316239316239317,0.0,0.8648043566850823,0.06616309330534365,2611,11700,none
0.00880551301684533,-2.76840358411315,0.06002354063304027,-0.010212036904738042,1.4125516613251077,4.15807792499005,0.7979777361980345,0.01246688035319287,0.07276613293207422,0.22324786324786325,0.0,0.9827970518288901,0.7776904516299618,2612,11700,none
0.027190332326283987,-2.707967607777424,0.12045951696876633,0.03335222999628318,1.3810578040723906,3.453459943832865,0.808555109950779,0.06652904666160733,0.18009961295257274,0.22632478632478634,0.0,0.9508292232040263,0.5614224337215562,2648,11700,none
0.028804982483456597,-2.6646273401390412,0.16379978460714906,-0.0008541970390538722,1.3338987016025268,2.6568505781263423,0.8049803670980262,-0.13725029150627158,0.18836303978327068,0.21957264957264958,0.0,0.9320623082324877,0.4849363162298328,2569,11700,none
0.01988527724665392,-2.6717563131560595,0.15667081159013074,-0.04418269649506268,1.3700811099574135,1.9515380515086536,0.8257981524284236,0.4005848610611519,0.14079592227784102,0.22350427350427352,0.0,0.9534088285019993,0.54329902013257,2615,11700,none
0.03413885692366705,-2.552582409583544,0.2758447151626462,-0.08272617730118803,1.3025850340136054,3.2223121783956503,0.8798112366771875,-0.16805328467016614,0.21474110425496828,0.22282051282051282,0.0,0.9334267945529009,0.30533471944668256,2607,11700,none
0.029029793735676088,-2.6215603319740977,0.20686679277209263,-0.04264948071654606,1.3152202585069903,1.3098968574755323,0.7462035658448524,-0.26762159796846374,0.1895027403240344,0.22376068376068375,0.0,0.9420812735416724,0.42155279567281856,2618,11700,none
0.01407318053880177,-2.816167920810228,0.012259203935962137,0.06735072719883206,1.4078802537946506,4.268037515585589,0.8336456400688652,-0.09195324532076199,0.10672260236452621,0.21256410256410257,0.0,0.9738272111527848,0.8529395306416063,2487,11700,none
0.0649706457925636,-2.48046203767554,0.3479650870706501,0.019564386673277756,1.2559619867312175,1.9536567569574657,0.8627948772057501,-0.02213933111631638,0.3468683682415132,0.21837606837606838,0.0,0.8789639382589993,0.0869859966938753,2555,11700,none
0.02893033878949372,-2.7226606494351637,0.10576647531102656,0.05788823460957504,1.3846987485184736,1.7444743724211182,0.8513082789207176,0.003864027346205262,0.18899886488558487,0.22452991452991453,0.0,0.9307090154387981,0.5772545802794271,2627,11700,none
0.0160857908847185,-2.6872635195344845,0.1411636052117058,-0.05016863068903987,1.3636862481511227,2.6532547398319872,0.8420414195011989,-0.17695395378722248,0.11885948835768814,0.22316239316239317,0.0,0.9602474055901328,0.5892696239712273,2611,11700,none
0.0072436141822340835,-2.735399284540123,0.09302784020606714,-0.052051770537612896,1.3759113951859268,1.828183223435983,0.846718187161337,0.0665706788433764,0.06190777891433877,0.22418803418803418,0.0,0.9851813935997379,0.7265881664938809,2623,11700,none
0.055772230889235566,-2.5678916461033885,0.2605354786428018,0.05495990266664075,1.2938994785110591,3.959415809407476,0.8785071842070027,-0.3200105314358422,0.3104284368680643,0.21914529914529915,0.0,0.8959645954707506,0.2290417678770197,2564,11700,none
0.036092585327579446,-2.6606880633680943,0.16773906137809602,0.03643143330738807,1.3185524370531017,3.317900981118653,0.9143892283134352,0.038906523383683604,0.22408061536190982,0.21786324786324787,0.0,0.9208033164575702,0.4433180158898644,2549,11700,none
0.06676899462778205,-2.4661228731210203,0.36230425162517,0.015398219369333166,1.2680430885252578,5.862618236890229,0.8427186934994502,0.07705027042536562,0.3537488125541366,0.22273504273504274,0.0,0.8747210791747574,0.06386908090600485,2606,11700,none
0.08053949903660887,-2.4750087777672336,0.3534183469789567,0.1021818603982716,1.2404106970563071,3.8249497688464382,0.8323298779954408,0.1274460524774837,0.40407730167078515,0.22179487179487178,0.0,0.8606158943375166,0.02356950919729439,2595,11700,none
0.04108527131782946,-2.6034205088679334,0.22500661587825688,0.007406775767554219,1.3268679785000808,4.746994972425616,0.8947560532903198,-0.16269376442033395,0.2472461812349429,0.2205128205128205,0.0,0.9187267960513118,0.33894230504937545,2580,11700,none
0.015849056603773583,-2.7185837002279527,0.10984342451823759,-0.02018762131873597,1.3881758014377779,3.0788519575255675,0.9138525625661554,-0.025492166908549607,0.11745198094495847,0.2264957264957265,0.0,0.9590968914829652,0.6418451999183702,2650,11700,none
0.04060913705583756,-2.64790149683525,0.1805256279109404,0.04919434161159275,1.3473763655524293,2.974379257070083,0.794435962429777,-0.17525578587022766,0.24507812312245378,0.21888888888888888,0.0,0.9218151342350375,0.4034692781628844,2561,11700,none
0.08739758095981272,-2.462255173216544,0.3661719515296462,0.12822342571822487,1.2656372934697089,5.6573434057641325,0.8953976259948271,-0.20517847080353788,0.42772310513346923,0.21905982905982907,0.0,0.8508748266727488,0.0,2563,11700,none
0.051815431164901664,-2.5944414894181063,0.23398563532808403,0.059126706646369875,1.3285514807163552,4.523115497335012,0.8255574369618435,0.058006731887247705,0.294059290018933,0.225982905982906,0.0,0.8877886024402206,0.28008375085570975,2644,11700,none
0.016506717850287907,-2.773299995085122,0.05512712966106825,0.038248967355504426,1.4116853219020402,2.4510405599544978,0.8830399285251967,-0.07805222884555058,0.12134954566971368,0.22264957264957264,0.0,0.9685106587481641,0.7389649300224073,2605,11700,none
0.04438440756464686,-2.587287293953526,0.24113983079266443,0.009936293750609781,1.3188251377105866,4.837367394886776,0.7663757420070452,0.32722595682266964,0.2620454192410275,0.22145299145299147,0.0,0.9082494741135135,0.3026188485581944,2591,11700,none
0.018168054504163512,-2.700228343312811,0.12819878143337915,-0.02542474510649262,1.3501180495131968,4.404986722717265,0.898906673127323,-0.1848648010633358,0.13102731350893057,0.2258119658119658,0.0,0.9620928190326341,0.5978251144142946,2642,11700,none
0.07572815533980583,-2.4337343537397054,0.3946927710064849,0.033690366333714916,1.239998622759346,5.754347391355997,0.8765448352240583,-0.08811759102389473,0.3869452397983306,0.22008547008547008,0.0,0.8522511546886213,0.0,2575,11700,none
0.06134969325153374,-2.532323219813254,0.29610390493293615,0.05094236804205643,1.2650575397568766,5.464358971245536,0.8152440807306274,-0.2388066002373052,0.3327795598700386,0.2229059829059829,0.0,0.8784326210228581,0.162253496841971,2608,11700,none
0.03904136064940085,-2.655771318220644,0.17265580652554613,0.04819548036998178,1.3545359109432697,3.6843980287710747,0.9086260679046548,-0.04633063185680974,0.23787946653382921,0.22111111111111112,0.0,0.9202730911223442,0.4222167195720918,2587,11700,none
0.03135755258126195,-2.6627500483264366,0.1656770764197537,0.011708028153238459,1.3612998754645564,4.764038346935748,0.9384302594345335,-0.03140235835855614,0.201154885590729,0.22350427350427352,0.0,0.9359551487728359,0.4693268053546271,2615,11700,none
0.012093726379440665,-2.712622022451545,0.11580510229464513,-0.04739265483290822,1.3791409695835641,3.163319410098025,0.8640087120227098,0.05925893701768566,0.09437379562513837,0.22615384615384615,0.0,0.9662331653062137,0.6548829955064951,2646,11700,none
0.03647652308886302,-2.611150147203147,0.21727697754304343,-0.010934602901101709,1.3128387533875339,2.809966605756632,0.8407740764539053,0.042815717036177064,0.22589709651433698,0.22025641025641027,0.0,0.9247836060478509,0.3707982896859301,2577,11700,none
0.04475899005355777,-2.6011714300755115,0.22725569467067874,0.025939388416776676,1.3135220125786162,4.133844955203842,0.8795693941139385,-0.3108583412251199,0.2637018050249649,0.2234188034188034,0.0,0.9087438637884472,0.3194536430403677,2614,11700,none
0.06096625766871166,-2.4993808385909113,0.329046286155279,0.01583094761362025,1.2724703924819116,5.346765179786272,0.9012672475188103,-0.04189536753315829,0.3312687192949599,0.2229059829059829,0.0,0.8754909154677909,0.12444286440664232,2608,11700,none
0.04192546583850932,-2.6157653338085103,0.21266179093768,0.024504458652839123,1.3398524524091848,2.9348960332937946,0.7941441685216991,-0.39911525730299546,0.2510517793667839,0.22017094017094016,0.0,0.9252874425799045,0.35197968661545065,2576,11700,none
0.053788771103258734,-2.573382658517957,0.2550444662282332,0.04923077216220895,1.2993237952879209,6.425669459582156,0.8900941569974032,0.06380862504537531,0.3022784133521912,0.21769230769230768,0.0,0.9042563463344541,0.24425179747786663,2547,11700,none
0.04059328649492584,-2.572231414031008,0.2561957107151822,-0.026565405505499573,1.2674708386906135,7.185144490591617,0.8659122699900264,-0.24390353069661128,0.2450058043687052,0.21897435897435896,0.0,0.9213675845462612,0.3000395529766805,2562,11700,none
0.06328125,-2.427362738249446,0.40106438649674425,-0.04309157852105461,1.234742873802956,3.0093658502373573,0.8370155693686586,0.05760294679666371,0.3403348398972774,0.2188034188034188,0.0,0.8786687435599636,0.034726784828499446,2560,11700,none
0.07960199004975124,-2.446904342507307,0.38152278223888336,0.06877407344210207,1.2103052503052503,2.6516005877323328,0.8317837553447274,0.23032725212586655,0.4007752225445119,0.22333333333333333,0.0,0.856921895578536,0.0,2613,11700,none
0.041714069017823284,-2.5547055222931556,0.2737216024530347,-0.0377511938659425,1.2840276045564147,3.1436371232209064,0.9647416919270457,-0.016450566741960083,0.25009667972836025,0.22538461538461538,0.0,0.9072021433211381,0.27264395163963057,2637,11700,none
0.02586549940310386,-2.709471034799803,0.11895608994638751,0.027361270267303173,1.3750308537687128,2.4706271835740434,0.9088664632748811,0.08517037728209208,0.17321352064051976,0.21478632478632478,0.0,0.9508751783418464,0.5707972252610815,2513,11700,none
0.06279251170046801,-2.430578069416753,0.3978490553294374,-0.04264096868034484,1.2569928694545167,6.055879287218811,0.8434025329703663,0.1482094735873048,0.33843182599178223,0.21914529914529915,0.0,0.8676036763823578,0.04008921904615814,2564,11700,none
0.03571428571428571,-2.7321069909349154,0.09632013381127491,0.10571037509916703,1.3895849334458967,3.730941017686227,0.82069985501921,-0.26889059445845137,0.222284830685688,0.21777777777777776,0.0,0.9452171584011777,0.5603854914061217,2548,11700,none
0.02762854950115119,-2.687501859522146,0.14092526522404425,0.015365412428853364,1.3649492106973353,2.1865610205620247,0.9096184882116418,0.02931574114991341,0.18235603838138947,0.22273504273504274,0.0,0.933095380019926,0.5261486742053012,2606,11700,none
0.030566037735849056,-2.7089734708472286,0.11945365389896168,0.053453966557220234,1.3715401816273445,3.765567623836927,0.8047913335814743,-0.07640735596394121,0.19722261469496044,0.2264957264957265,0.0,0.9467651100028721,0.5459634733490669,2650,11700,none
0.06955842125830403,-2.372400891790557,0.4560262329556335,-0.06254438207261526,1.1908719632857565,2.6713796402817613,0.8399478406444918,0.1486238279424992,0.3642736007925983,0.21871794871794872,0.0,0.8575185900840063,0.0,2559,11700,none
0.04844426939740055,-2.586033684575136,0.24239344017105413,0.031648731033184774,1.3130559412370673,4.2354313631589005,0.8633786230083594,-0.13805796609722432,0.2797512041192989,0.21700854700854702,0.0,0.8994410183479113,0.2832626936168981,2539,11700,none
0.06228104320747373,-2.495082160389939,0.33334496435625116,0.01896981957476518,1.2553860010146671,2.4115894357550705,0.9065018609668297,0.1427059132472267,0.3364340355242292,0.21957264957264958,0.0,0.8684811712471877,0.11426651679615285,2569,11700,none
0.014206787687450671,-2.7495751262954187,0.07885199845077162,0.0015137288506195112,1.3925249160363706,3.541911286301868,0.784585222828601,0.24665164110585874,0.1075407505186308,0.2165811965811966,0.0,0.9757587317719725,0.706716203087564,2534,11700,none
0.032520325203252036,-2.6283956168389158,0.20003150790727453,-0.016068768086384022,1.327534699977999,3.7124300972715476,0.8705374989057407,0.09818903888263794,0.20687780750472537,0.22076923076923077,0.0,0.938722765005109,0.41374267526663455,2583,11700,none
0.023577844311377244,-2.6992650424842624,0.12916208226192794,0.004214346524756163,1.364048269765202,3.14026319273605,0.8362625772906858,0.11897561905061182,0.16108327407389228,0.2283760683760684,0.0,0.9498803321695406,0.5662083101666484,2672,11700,none
0.004219409282700422,-2.77891869434841,0.04950843039778041,-0.02563984706658884,1.4240869883075638,5.995408484346105,0.8621138552498345,-0.0672528269222266,0.039360296791109084,0.22282051282051282,0.0,0.9877908044189541,0.8325319238951829,2607,11700,none
0.008248232521602514,-2.813028817899097,0.015398306847093313,0.03126074234353515,1.4272069030016046,2.98013653772357,0.8628195509225185,0.004248683834182019,0.06894225810095912,0.2176068376068376,0.0,0.983104804589993,0.8821666994198165,2546,11700,none
0.012436844150796735,-2.8333010515838235,0.0048739268376332134,0.0752273415223419,1.4609361958638596,2.9467038840051574,0.8108341888139143,-0.08467557042464942,0.09654625195705119,0.21991452991452992,0.0,0.978667289463351,0.9034537445767509,2573,11700,none
0.028924026224450443,-2.5925064545418652,0.23592067020432506,-0.07230166954411343,1.2936711984538376,3.253092542590929,0.8806764541083647,0.034026872241992856,0.18896686597721493,0.22162393162393162,0.0,0.9334966289730756,0.38260217928086226,2593,11700,none
0.015069551777434312,-2.6602083015779545,0.16821882316823578,-0.08297256515811124,1.3379336525391559,2.1478696192077016,0.8008512559750194,-0.1457348145358526,0.11278036457588464,0.2211965811965812,0.0,0.965684618361278,0.5539026893731906,2588,11700,none
0.061452513966480445,-2.5764355854325767,0.2519915393136136,0.09563637545966097,1.2792597052749688,3.9778654553643564,0.8788323738666901,-0.029899386465609815,0.33318407429307206,0.22948717948717948,0.0,0.8697770500531367,0.2172958354731933,2685,11700,none
0.06987577639751552,-2.356524570723639,0.47190255402255143,-0.07662547137168652,1.1894293600721046,4.13763954170666,0.8547599582279048,0.36763180037158666,0.36545990169331577,0.22017094017094016,0.0,0.8583940589226136,0.0,2576,11700,none
0.037890625,-2.5996660879078783,0.22876103683831195,-0.014419293791139598,1.3147245303297028,2.255033861698806,0.9296952751617993,-0.01817695252618853,0.23253575380256059,0.2188034188034188,0.0,0.9154989226463933,0.348595609977688,2560,11700,none
0.05488516932658622,-2.508427625285896,0.31999949946029416,-0.009522096121086232,1.2599630941310083,5.566197204486938,0.8351929552633659,0.08001999276837235,0.30679704820676246,0.21957264957264958,0.0,0.9050357569190997,0.15954879648338183,2569,11700,none
0.05974124809741248,-2.500245239764385,0.32818188498180545,0.009765648188020837,1.2634166315350808,4.56055582090146,0.8228921610069172,-0.13982730340453517,0.32641691331570405,0.2246153846153846,0.0,0.8881469346759704,0.13030555195319737,2628,11700,none
0.009248554913294798,-2.758426888789452,0.07000023595673843,-0.017682508793803287,1.4049779765060126,2.8858342702448665,0.835552695655845,0.13181992138923826,0.07576933436869696,0.22179487179487178,0.0,0.9764644441971702,0.7551939316216554,2595,11700,none
0.07033639143730887,-2.4665573477171403,0.36186977702905,0.03601293776705017,1.2563358796136996,2.340510311084257,0.9351339740119715,-0.06913053841231011,0.36717774575447004,0.2235897435897436,0.0,0.858170668840563,0.05092806077235856,2616,11700,none
0.07461508093170154,-2.4542790647359207,0.37414806001026957,0.04793857763444409,1.233378631835488,4.497622338352475,0.8807103144587956,-0.019532341657341405,0.38291486548528747,0.2164957264957265,0.0,0.8593159297241796,0.021497654988148263,2533,11700,none
0.0412448443944507,-2.596382642193496,0.2320444825526944,0.0012715907297060625,1.3031479735643519,2.8720842113570035,0.8681958325634849,0.011991208041795867,0.24797092883453736,0.22794871794871796,0.0,0.9112492974402854,0.3287619589540354,2667,11700,none
0.020711215318483783,-2.7511094223113197,0.07731770243487057,0.03984262395164606,1.372172231293935,2.262262047792245,0.8532809879704829,-0.17625996220417497,0.14541540640739004,0.21871794871794872,0.0,0.9591382041989056,0.6717007951358223,2559,11700,none
0.02518122853872568,-2.7356012821404967,0.0928258426056936,0.04962069706103556,1.381283332687664,3.2093435729207656,0.7329407859781858,0.3031773761736236,0.1696178275270092,0.22401709401709402,0.0,0.9547404553314228,0.6192373766767887,2621,11700,none
0.0360668185269552,-2.609820661473402,0.21860646327278843,-0.014581727622911433,1.3185872262032694,2.7972989820242793,0.8497931483456109,-0.16119026492876692,0.22395848962763934,0.22512820512820514,0.0,0.9229569173201657,0.3709204547164985,2634,11700,none
0.07037457434733257,-2.4461181097677978,0.38230901497839254,0.015789694974533308,1.2529362915859799,3.886752926580826,0.8661444213528573,-0.30770415140672946,0.36731993678877645,0.2258974358974359,0.0,0.8563774202566774,0.02809836152852274,2643,11700,none
0.056106870229007635,-2.3806980368493416,0.44772908789684873,-0.13034070061616942,1.2303775004113486,3.7915293599066446,0.8175662674736832,0.19599246509941926,0.3117927416510486,0.22393162393162394,0.0,0.878531156085385,0.014406779930685842,2620,11700,none
0.06833013435700576,-2.411560057152818,0.4168670675933721,-0.030333456687559046,1.2010198367082265,3.25758768037875,0.8727512851449017,-0.15485149947732135,0.35966091210259976,0.22264957264957264,0.0,0.8613007556975143,0.0,2605,11700,none
0.04086444007858546,-2.583162388857674,0.2452647358885165,-0.014100554376843544,1.349351898388588,3.6084058357495707,0.8636401819324332,-0.27857583632617605,0.24624167301316757,0.21752136752136753,0.0,0.9139446815220056,0.3130038687194675,2545,11700,none
0.019135093761959432,-2.759689736994261,0.06873738775192928,0.03950704870984589,1.3826584198856344,2.9851984099994233,0.808385539630639,-0.29830124492433396,0.1365564162832625,0.22333333333333333,0.0,0.9657945566946049,0.6968334816621813,2613,11700,none
0.0394491998511351,-2.5513009037720256,0.2771262209741647,-0.053967847157196935,1.2799501059826466,2.092452961755583,0.8331905162388358,0.14082083093353273,0.23976106677526676,0.22965811965811966,0.0,0.9212832439691325,0.27871007787312263,2687,11700,none
0.008052147239263804,-2.752176971480985,0.07625015326520534,-0.03070032993723748,1.3683092647727166,2.3127111425919584,0.8605689631641906,-0.04884823755039088,0.06758394025263477,0.2229059829059829,0.0,0.986785561907861,0.7515304755356943,2608,11700,none
0.020182034032449545,-2.6687456898356228,0.15968143491056752,-0.04551460993070533,1.3425242449701096,3.0682597137551193,0.8803046390465237,-0.030220730962347356,0.1424613948905347,0.21598290598290598,0.0,0.9596409924097434,0.5370557949490784,2527,11700,none
0.033476060724017126,-2.6931163283699666,0.13531079637622367,0.05405839998669748,1.3775149581601194,5.611893539638059,0.8275255931721445,-0.24602219128209935,0.2115352118562562,0.21957264957264958,0.0,0.9420656140702979,0.505874475881301,2569,11700,none
0.008480825958702065,-2.7979224725393372,0.030504652206853056,0.01747014415683612,1.413313032401879,3.728786672721284,0.830712090455438,-0.1839878169279191,0.07054469388580298,0.2317948717948718,0.0,0.9808414695353481,0.8431144662151431,2712,11700,none
0.07099697885196375,-2.434386404915654,0.39404071983053646,0.007578841689315663,1.2692874519264739,4.488917853165315,0.8361949805168744,-0.145718011831239,0.3696332147102248,0.22632478632478634,0.0,0.8650854223491856,0.013001403031505432,2648,11700,none
0.05747126436781609,-2.4253929684457827,0.4030341563004076,-0.07792759023762708,1.2156505519245875,5.227986380561343,0.875814327541358,-0.17357141919043714,0.31732389983585857,0.2230769230769231,0.0,0.8812103286132373,0.055624535400475184,2610,11700,none
0.041731669266770674,-2.6587228540685666,0.16970427067762373,0.0663656999525184,1.3593367171429975,4.7945190670311515,0.8872081307770039,-0.13176295637837915,0.25017625982905234,0.21914529914529915,0.0,0.9192997495747792,0.414295384124655,2564,11700,none
0.025826053930877325,-2.6684464111520976,0.15998071359409272,-0.013886490667589957,1.3352703433751363,5.675097336575496,0.7885280493903437,0.27241620846114173,0.1730069782362637,0.22504273504273503,0.0,0.9478754780848536,0.5060566536323898,2633,11700,none
0.025757575757575757,-2.680090333884989,0.14833679086120144,-0.002629938980337254,1.315644974267443,3.528961398648251,0.8426312887173693,0.07188793952744102,0.1726482042865341,0.22564102564102564,0.0,0.9465181447795482,0.524266256080086,2640,11700,none
0.032081377151799685,-2.601450120423186,0.22697700432300438,-0.045497329652278484,1.319909062862516,3.3516779527291667,0.8835846075239728,-0.024678865707746276,0.20472479997272935,0.21846153846153846,0.0,0.934532270519639,0.3788058993386081,2556,11700,none
0.0536639526276832,-2.552315196609652,0.2761119281365385,0.027457230329928972,1.271752406608155,3.393513836779785,0.9045671540663957,-0.09324815211226647,0.30176184513802295,0.23094017094017094,0.0,0.8957131621832468,0.2179791442649195,2702,11700,none
0.03018424147393179,-2.651544953586729,0.17688217115946125,-0.006134316509946114,1.342719391672507,2.5924721237018535,0.8656421452665882,-0.02115496466927335,0.19531497989214458,0.21803418803418803,0.0,0.9372411585304953,0.4585581233290456,2551,11700,none
0.02593320235756385,-2.633729650262193,0.1946974744839971,-0.04799712852466609,1.3212391554992724,4.0972425993748995,0.8699895402566565,0.1487396310294371,0.17356781584846334,0.21752136752136753,0.0,0.9499804614594033,0.45459464572192637,2545,11700,none
0.06305609284332689,-2.5301069715329723,0.29832015321321803,0.058378973543941726,1.3039007039156618,3.7321057924019305,0.8619119492283822,-0.0020433871465226497,0.33945886396464525,0.22094017094017093,0.0,0.8815122216586043,0.15287577964590904,2585,11700,none
0.06388575723412251,-2.5090079219333283,0.31941920281286196,0.04197321447902258,1.284339693403966,1.7488780736291218,0.7289174902202273,-0.3477871451271769,0.3426805887128126,0.22743589743589743,0.0,0.8931969637880843,0.12435152341351108,2661,11700,none
0.0712360415864459,-2.3680960683056145,0.4603310564405758,-0.057359151875273184,1.2180471110447986,5.813325024301206,0.8354219018476461,0.12119607108338351,0.37051947809368574,0.22196581196581197,0.0,0.8597373460294186,0.0,2597,11700,none
0.06676503135374401,-2.4922823248394628,0.3361447999067275,0.041535251424191344,1.2404982411545526,5.763248855786433,0.8863634890089556,-0.04845972475063628,0.3537337321779215,0.2317094017094017,0.0,0.8640924229380477,0.09371731019891705,2711,11700,none
0.017619420516836334,-2.7698142855754297,0.058612839170760545,0.04105765465349842,1.3997733576952125,2.393487787162011,0.7786977719674875,-0.21748253406907433,0.1278570819593998,0.2182905982905983,0.0,0.9623644984132016,0.725418746529233,2554,11700,none
0.0657347941065357,-2.493064176579871,0.3353629481663192,0.03648920121474397,1.267941910336964,3.792447265100175,0.8608687008122466,0.35541536495741677,0.3498012542993294,0.22623931623931623,0.0,0.8609853179429863,0.09855608302392549,2647,11700,none
0.04939239513916111,-2.561886561453437,0.26654056329275333,0.012865017042817062,1.2784408897168378,3.688653157521798,0.7815432199838597,0.28509805185268766,0.2838102675426991,0.21803418803418803,0.0,0.9131729707567552,0.24800242465321876,2551,11700,none
0.06381292112564407,-2.504303746256075,0.3241233784901154,0.03685701555200627,1.2857635766247875,4.543624926877161,0.8726196965844507,-0.44526722871531843,0.3423984218314179,0.21564102564102564,0.0,0.8757070845069864,0.11908492497849499,2523,11700,none
0.05339992316557818,-2.5114633414479663,0.31696378329822394,-0.014888201016456382,1.2496495006159218,8.89580792251407,0.9131611958594157,-0.07719343855117794,0.3006676850015749,0.22247863247863248,0.0,0.8910555192576897,0.16927384133961965,2603,11700,none
0.02608362102032988,-2.647383391045897,0.18104373370029325,-0.033492491289291326,1.3481110326981887,3.785124760507595,0.8220564007963858,-0.0671235797337087,0.1743540333084601,0.22282051282051282,0.0,0.9503082837300179,0.4734389361641962,2607,11700,none
0.04924812030075188,-2.608757142236706,0.2196699825094841,0.05891945609333593,1.2944956446476923,4.82347390111262,0.8965312314560618,-0.2953586321364594,0.2831944004307564,0.22735042735042735,0.0,0.9077375051834964,0.31023428096667394,2660,11700,none
0.01982892690513219,-2.7551062054497786,0.07332091929641171,0.03884843012975914,1.4225718763326785,7.337959559945969,0.8496227025595208,-0.44627417033661937,0.14047893664096242,0.21982905982905984,0.0,0.9516685176153126,0.6841562649664761,2572,11700,none
0.05448963929393707,-2.4987953566842456,0.3296317680619447,-0.021391820468729783,1.2614388112650663,4.0369735751724845,0.8828378807531211,-0.23706749830102417,0.30517082089280756,0.22273504273504274,0.0,0.8804616685301168,0.14985668375946037,2606,11700,none
0.01557632398753894,-2.7183783266067385,0.11004879813945179,-0.021935803599072212,1.3819365468418832,4.49414592684502,0.9119061701280435,0.06521769941478542,0.11582401391856065,0.2194871794871795,0.0,0.9599229967108617,0.6431247191747704,2568,11700,none
0.04508979747802828,-2.540212277928216,0.2882148468179744,-0.03314843434563919,1.2743454048632008,2.7180746151710338,0.8268932448555507,-0.21440959923792963,0.2651606813998232,0.22367521367521367,0.0,0.9203751149321644,0.2395426594640766,2617,11700,none
0.0334855403348554,-2.578842029781171,0.24958509496501913,-0.06016227382524386,1.304687391849443,3.2607375673573054,0.8733111694409119,0.0409241172796954,0.21158120116887305,0.2246153846153846,0.0,0.9223020747570316,0.34202451154058555,2628,11700,none
0.05352528608342562,-2.5397677194789776,0.2886594052672127,0.014125336769108987,1.2844842302286135,2.5421217625307664,0.8836242445899647,0.17099811705624057,0.3011874469053672,0.23153846153846153,0.0,0.8899090542211334,0.20296823747565185,2709,11700,none
0.04834198961246504,-2.624752782755925,0.20367434199026535,0.06978924737792402,1.3307198377830347,2.456607144659653,0.8761398798062676,-0.3119798164287841,0.2793116575810425,0.21393162393162393,0.0,0.9163866472869351,0.3361974997671694,2503,11700,none
0.0056179775280898875,-2.7730320510448347,0.055395073701355546,-0.02361499364802766,1.3826769321883328,5.097776476420857,0.876132439221466,-0.08445541338553554,0.050080721052405935,0.2282051282051282,0.0,0.9859903623156547,0.8096889314066409,2670,11700,none
0.028868360277136258,-2.673049377517228,0.15537774722896236,0.007926359280632678,1.3570732390086864,4.228854444441733,0.9287812072108134,-0.12447963764499566,0.18868460208360197,0.22205128205128205,0.0,0.9454576261954288,0.4973850275950521,2598,11700,none
0.045109931766489766,-2.54751234313448,0.28091478161171013,-0.025734472404131292,1.303114986830526,4.022133437660446,0.8923702668674716,-0.11531812540024658,0.26524935592432763,0.22547008547008546,0.0,0.9031007165471309,0.2484943717285153,2638,11700,none
0.012446518864255154,-2.7388620090505036,0.0895651156956867,-0.01915697256703819,1.3926496027088588,2.9059653309939963,0.8834686981625984,-0.002684617814141353,0.09660730532567592,0.21974358974358973,0.0,0.9794419997450104,0.6980771994463817,2571,11700,none
0.03464383028415726,-2.688009663152819,0.14041746159337132,0.05555763696825622,1.349881982103109,2.8054463190355388,0.8422217720914233,0.1975290483440372,0.2171706998381005,0.21957264957264958,0.0,0.9384366109245438,0.49213491159236067,2569,11700,none
0.06108336534767576,-2.504481769974202,0.3239453547719884,0.021594340068307183,1.2682856213077294,4.076118996343375,0.8744774325925082,-0.06025005900286314,0.33173054741172364,0.22247863247863248,0.0,0.8746534558052644,0.12996218730074327,2603,11700,none
0.014324428958575301,-2.7149790481805525,0.11344807656563782,-0.03241686973976954,1.3600528434228472,3.5507435494395243,0.8682448589478076,0.19549519713228194,0.10825960807884867,0.22076923076923077,0.0,0.9704018492784662,0.6449485222863465,2583,11700,none
0.04404945904173107,-2.545812695205635,0.28261442954055527,-0.033433059972498125,1.277764308535792,3.840583101065066,0.925881325398386,0.01907763025749513,0.2605602522064491,0.2211965811965812,0.0,0.9040131091025643,0.2510706049267357,2588,11700,none
0.05422828972317027,-2.4762353920502242,0.35219173269596604,-0.04543020153274613,1.2551183833710475,3.9464463771361826,0.8596190890741071,-0.2670814842434753,0.3040938766326654,0.22538461538461538,0.0,0.8727062149871114,0.1249456777342065,2637,11700,none
0.06999606763664963,-2.49569521908113,0.33273190566506017,0.06322564699307742,1.260486569322827,3.284614230597835,0.8042550743901017,-0.11746550982682388,0.36590897592003147,0.21735042735042734,0.0,0.8557608428671793,0.08550459664388865,2543,11700,none
0.04490106544901065,-2.597173234155673,0.23125389059051749,0.022744892301453934,1.2990065065198566,3.0611033643338206,0.8385563700533103,0.10790752963636725,0.26432881511364825,0.2246153846153846,0.0,0.9142615940414125,0.31346109343766654,2628,11700,none
0.04956726986624705,-2.6256250115594075,0.20280211318678276,0.07759270799183238,1.3378102987348601,4.676229269686212,0.8828728846252658,0.21422730591120662,0.2845558993596481,0.21726495726495726,0.0,0.9073465242972715,0.33217422531781016,2542,11700,none
0.004620716211012707,-2.7910095498865006,0.03741757485968966,-0.01127885672572404,1.4269628867158461,3.223158914535731,0.9129086192649098,-0.00633080478709865,0.042496840435591966,0.22196581196581197,0.0,0.9892017304728489,0.8554341267715003,2597,11700,none
0.02733485193621868,-2.6563191259137584,0.17210799883243189,-0.017478725497788172,1.3721459450469116,3.883490330021212,0.7962514314607907,0.2757902947287811,0.18084490888250332,0.22512820512820514,0.0,0.9382509158562063,0.4800615161163599,2634,11700,none
0.038119911176905996,-2.608891752167936,0.2195353725782545,-0.003896591046901765,1.3144815241268764,5.542270240169633,0.8883018671356626,0.16904944606232383,0.23360463089891878,0.23094017094017094,0.0,0.9240142158803073,0.360007473806915,2702,11700,none
0.028991262907069104,-2.679889325410002,0.1485377993361885,0.015461549437816302,1.3409980136038042,2.8931518747164793,0.9069457792880983,-0.08375622930465254,0.189307589102633,0.2152136752136752,0.0,0.9477588493581456,0.5072950653290735,2518,11700,none
0.07088122605363985,-2.462742036139107,0.3656850886070835,0.03527967620367889,1.249171243202008,4.082379798229935,0.8430610947655085,-0.2849733789949507,0.36920364214574897,0.2230769230769231,0.0,0.8508726042127426,0.044626092540380524,2610,11700,none
0.07192042846212701,-2.3325584500942353,0.49586867465195494,-0.08902529328065922,1.1719486428459711,3.179772917985336,0.7535662484998571,-0.07182045386120953,0.3730497884129719,0.2234188034188034,0.0,0.8560035821975152,0.0,2614,11700,none
0.01973419250906162,-2.762431763576233,0.06599536116995708,0.04563808958522886,1.4112234247102124,2.1716945796264304,0.8452177579729772,0.187648986838994,0.13994549894894714,0.21222222222222223,0.0,0.9660385285428866,0.6987528452375947,2483,11700,none
0.07599844901124467,-2.3597422242680492,0.46868490047814104,-0.03877275123405166,1.1862631212114811,3.0974515544383205,0.8464328103506349,-0.020801317571493713,0.3879200898605609,0.22042735042735043,0.0,0.8502466125199749,0.0,2579,11700,none
0.02761795166858458,-2.602444410876839,0.22598271386935131,-0.06975198661064352,1.3069535890979251,3.203932614717507,0.9399206409845089,-0.03953672133169389,0.18230159137645466,0.22282051282051282,0.0,0.9327268833698571,0.402569240514652,2607,11700,none
0.07264296754250386,-2.4555452742681974,0.37288185047799294,0.03804882916055741,1.2499732793395855,3.926110620133087,0.8606465738781879,0.24955306363183663,0.37571017042159954,0.2211965811965812,0.0,0.8656446596339562,0.030105444010004923,2588,11700,none
0.07482462977396727,-2.421108612988276,0.40731851175791434,0.015953513145646525,1.251522770988641,4.416449681406817,0.8416196899481245,-0.10610831269197799,0.38367559633350623,0.2193162393162393,0.0,0.8604106602580208,0.0,2566,11700,none
0.01853997682502897,-2.6883120188392087,0.14011510590698162,-0.03523715921882653,1.348768909038177,5.52799579724329,0.8807336289389905,0.03492008002856919,0.13316254181583537,0.22128205128205128,0.0,0.9648799148737255,0.5766203612514482,2589,11700,none
0.024390243902439025,-2.7594657105709897,0.06896141417520063,0.06901064069046736,1.3999528700104555,3.1838781726548993,0.8189278811237537,-0.09109460112651395,0.1654270339962668,0.2242735042735043,0.0,0.9572307885403553,0.6675315602854928,2624,11700,none
0.031067961165048542,-2.6043037002418012,0.22412342450438905,-0.048376496364819666,1.342524877113056,4.588530009449454,0.8676721218467094,-0.010271582436779211,0.19971967709331273,0.22008547008547008,0.0,0.9382453429878774,0.38766279808941745,2575,11700,none
0.013730874852883483,-2.8379046704288027,0.009477545682612387,0.08715110344339427,1.4440145224940806,3.1282517543617443,0.7920221148172059,-0.2987015835915701,0.10461797001661904,0.21786324786324787,0.0,0.9731124746453065,0.8953820265171831,2549,11700,none
0.04572329523058731,-2.5912719070092503,0.23715521773694004,0.021494799189002656,1.3233337268819145,4.289403054342203,0.8791800649565156,-0.18219321049507448,0.2679442235845447,0.21683760683760683,0.0,0.9124997775954056,0.30198660069473543,2537,11700,none
0.009167303284950344,-2.7449084305500397,0.08351869419615054,-0.03166059565229373,1.400995550145482,2.7675568100625267,0.9117298208199401,-0.18559349106022507,0.07522092110253019,0.22376068376068375,0.0,0.9754267416195936,0.7304279995351757,2618,11700,none
0.011398176291793313,-2.727612231750347,0.10081489299584323,-0.0363370710031492,1.3935329400439365,3.416974457548285,0.8522295483682503,0.10529403470359147,0.0899258520680837,0.22495726495726495,0.0,0.9760499319513727,0.6848793107312601,2632,11700,none
0.021631878557874764,-2.7026521130978263,0.12577501164836402,-0.003406627503747206,1.3874700648112221,3.1436369321309097,0.8238916893790179,0.2528710875025534,0.15050756816263142,0.22521367521367522,0.0,0.9537547436453846,0.5822876860537569,2635,11700,none
0.021475985942991018,-2.672635090507187,0.15579203423900312,-0.03430551189535569,1.3559075825362057,2.1480342925254674,0.8159164319357526,-0.24834925851776718,0.14964946155512612,0.21888888888888888,0.0,0.9558720686556844,0.5357869314197843,2561,11700,none
0.023716951788491446,-2.671158419253224,0.15726870549296645,-0.023105365983232762,1.3722049907174227,3.2218891890701262,0.7735888255586025,0.12127925404967493,0.16182995446011197,0.21982905982905984,0.0,0.9483774863372034,0.521353665718779,2572,11700,none
0.06152677554120775,-2.4744093691287286,0.35401775561746174,-0.005969753939616851,1.2546647558028439,6.228205736094803,0.7968896468702197,-0.23963539453075106,0.333476067639403,0.22504273504273503,0.0,0.8755323132575419,0.09349089460331383,2633,11700,none
0.035836828059473885,-2.6640429597850366,0.1643841649611537,0.03833954813540874,1.3600321950097736,3.2352898890279267,0.8797375837287352,-0.0473817940458036,0.22286719156196172,0.22418803418803418,0.0,0.9304160349382411,0.44955394963849565,2623,11700,none
0.07695327836670593,-2.351534251533294,0.4768928732128961,-0.04157939347182538,1.1805078381676524,5.6873754964128445,0.7727015280406914,0.2875038867804421,0.391351825406965,0.21769230769230768,0.0,0.8523019465321787,0.0,2547,11700,none
0.006690279417552145,-2.783875679996286,0.044551444749904245,-0.006705509196433201,1.4166988960960032,1.9839061198545829,0.8668726951224434,-0.061802368828378654,0.05794836393481512,0.21717948717948718,0.0,0.9861605430444969,0.824418850863482,2541,11700,none
0.04018728053062817,-2.5776090037383663,0.25081812100782397,-0.023484532362597843,1.2913962666109953,4.59429637088021,0.8276903029198868,0.05866185033685245,0.2431502054073352,0.21905982905982907,0.0,0.910971439886502,0.30885250989187074,2563,11700,none
0.07361268403171008,-2.408319067608854,0.4201080571373361,-0.0036918326560173576,1.240878030290403,3.692114192435885,0.8325601523746533,-0.046867206198700676,0.3792631035338566,0.22641025641025642,0.0,0.8521146399142164,0.0,2649,11700,none
0.046529662659945716,-2.4273735055455354,0.40105361920065485,-0.13784209925529378,1.2541547921717022,4.756806871812997,0.8758771098190691,0.012790663349344382,0.27146816959232045,0.22042735042735043,0.0,0.8951696166937436,0.10360501913196885,2579,11700,none
0.04964001515725654,-2.477842015305055,0.3505851094411354,-0.06977877875394256,1.2603905958367732,5.103421995165185,0.8362025291867035,0.0368697136141382,0.2848657951334228,0.22555555555555556,0.0,0.8950903732348997,0.14600107588932731,2639,11700,none
0.019532746074301034,-2.6614323212235025,0.1669948035226878,-0.056500905888022146,1.3393607955545852,2.9206836141643566,0.9240987854586997,-0.07418287824859995,0.13880895014424977,0.22316239316239317,0.0,0.9523657534356514,0.5297010709155161,2611,11700,none
0.007039499413375049,-2.7873298354296203,0.041097289316569974,-0.0012758671457202553,1.4004610819447616,2.19215109223304,0.8875048356015032,-0.11010355483282638,0.06045463388029619,0.21854700854700854,0.0,0.9837472623951244,0.8293715559636022,2557,11700,none
0.06264501160092807,-2.5319530586460557,0.2964740661001346,0.05789963398407494,1.27158435242329,2.419248303571798,0.8422505443944603,-0.27166562756425006,0.3378563523834398,0.221025641025641,0.0,0.8822704517513257,0.15672546023607825,2586,11700,none
0.04611837048424289,-2.6072423279960644,0.22118479675012592,0.039700103303327516,1.3267177159321082,4.439987904552407,0.7927372275071819,-0.23677932139525382,0.2696734255815282,0.2223931623931624,0.0,0.9111567255858358,0.3216938514078635,2602,11700,none
0.00745390349156532,-2.7357631273531324,0.09266399739305786,-0.05049835175149031,1.3650712901879776,3.1944307065567297,0.8668625854401341,0.21172871568328902,0.06339614182092297,0.21786324786324787,0.0,0.9849445588092824,0.725747063622292,2549,11700,none
0.02860368837034249,-2.6341991842314627,0.19422794051472758,-0.03242104440579974,1.3195836935678322,2.7055957369202934,0.8820093293862312,0.21618282118406562,0.18734035036395452,0.22709401709401708,0.0,0.9352801805810363,0.44148933896510395,2657,11700,none
0.01622874806800618,-2.7699923385811562,0.05843478616503406,0.03336887630740781,1.3904295991478062,2.4754008319404672,0.7801492099697042,-0.31910643740353684,0.11970696385898162,0.2211965811965812,0.0,0.9659712717861886,0.7339258775906078,2588,11700,none
0.03964925657643919,-2.58105338805834,0.24737373668785034,-0.023083671134206618,1.32900925692792,2.7407825310215195,0.7693260427896352,0.22359410610071728,0.24068172617644917,0.22418803418803418,0.0,0.9218029420635591,0.31580619120475123,2623,11700,none
0.045051983057373894,-2.6175218011443357,0.21090532360185454,0.04394717820430971,1.3248984753449995,5.0464412579357525,0.8220127134830025,-0.01998556476567351,0.2649941041187742,0.22196581196581197,0.0,0.9196451957555186,0.3404613547730384,2597,11700,none
0.024277456647398842,-2.6867385866620763,0.14168853808411397,-0.004354504281408822,1.3574999025779642,2.3207539016082555,0.8872398517648435,0.05298157264906101,0.16482640212267868,0.22179487179487178,0.0,0.9481521636387311,0.5424761536979527,2595,11700,none
0.03369935630443014,-2.7410107436398166,0.08741638110637373,0.10321596580949999,1.3579530411154381,2.5420746899832714,0.917835188217974,0.08929265170781969,0.21261744429509136,0.22572649572649572,0.0,0.9486632890949835,0.5859399601358845,2641,11700,none
0.010350318471337579,-2.769045988094536,0.05938113665165412,-0.0008308936234686648,1.4100245459008347,2.482021908940845,0.766950658694743,-0.24179658419967492,0.08310668154761988,0.2147008547008547,0.0,0.9851972789266912,0.7686316811541108,2512,11700,none
0.07829313543599258,-2.387908550911782,0.4405185738344084,0.0023742820627687955,1.216850652872024,5.825067326150427,0.7789768513215318,-0.1346293172176631,0.3961362058636556,0.23034188034188033,0.0,0.8532418238127468,0.0,2695,11700,none
0.042704626334519574,-2.598911566625787,0.22951555812040336,0.012058288833007857,1.320976728189843,2.642220952333781,0.798180238215034,-0.04123169554397608,0.25455825781385927,0.21615384615384614,0.0,0.8999578819312438,0.32556036630324114,2529,11700,none
0.01845444059976932,-2.721335262874315,0.10709186187187525,-0.002697781143065736,1.3720707744788347,2.7784963645780794,0.7705366448391769,-0.04810114891380686,0.13267245224749333,0.22230769230769232,0.0,0.9694407256081417,0.6313113191313351,2601,11700,none
0.048770971517752636,-2.549999530292122,0.2784275944540684,-0.0025373169719977717,1.2853346022608574,2.438791860412242,0.7820549550662581,-0.18094211596898077,0.281153013906155,0.21905982905982907,0.0,0.8952006878076759,0.2356914788959853,2563,11700,none
0.04600301659125189,-2.5804241613473,0.2480029633988905,0.012229396494801037,1.3272632324965496,7.6227064586516455,0.7319260805653973,-0.579709385123594,0.2691690649299696,0.22666666666666666,0.0,0.896045649504012,0.2864977800141977,2652,11700,none
0.04892141756548536,-2.583830914962739,0.2445962097834511,0.03214511906305573,1.3663047843814076,2.127369891656532,0.9255170529222406,-0.19834820000027142,0.28179742866108254,0.2218803418803419,0.0,0.9133298447071189,0.27832405596357385,2596,11700,none
0.03279306445533359,-2.734017072593281,0.09441005215290943,0.09109553386512204,1.3659903707676269,3.3405179223496564,0.7937790443724237,-0.10312407124449154,0.2082111155626707,0.22675213675213676,0.0,0.9408899537592427,0.5778322394244481,2653,11700,none
0.009873617693522907,-2.754033379253356,0.07439374549283428,-0.01854012928536619,1.4091604508950257,3.7907915942823323,0.8424226829662107,0.00012147254486511518,0.07995413382207996,0.2164102564102564,0.0,0.9770907859815504,0.7426525559037498,2532,11700,none
0.015804030027657054,-2.742844417539668,0.08558270720652228,0.0038183872145349795,1.4288659989174834,4.202105160574042,0.9238387254449,-0.055392241903496044,0.11718369031636636,0.21632478632478633,0.0,0.9715638856721093,0.6846991179871257,2531,11700,none
0.05379365716579687,-2.6334274248327447,0.19499969991344557,0.10930317822062863,1.3446736254406475,4.209459716389978,0.8173943385951403,-0.017571690371344886,0.30229862560575577,0.2129059829059829,0.0,0.9020372190393864,0.3254346488850742,2491,11700,none
0.05065234075211052,-2.522410913198097,0.30601621154809333,-0.019483302517780743,1.257158970796404,5.387106969040632,0.9009190919086074,-0.015630869745789807,0.28916161730687034,0.22273504273504274,0.0,0.9055471620743046,0.19386348385124486,2606,11700,none
0.05083430345362825,-2.526345179430049,0.3020819453161412,-0.014519699804498742,1.266395451738386,1.9849588633640813,0.7459783348313206,0.41612554504027466,0.2899305023643176,0.22025641025641027,0.0,0.9077291157128294,0.1978419572782062,2577,11700,none
0.06569900687547746,-2.4962105253355205,0.33221659941066983,0.03943310682030399,1.2451618718418551,2.7336271900351337,0.8812025583112489,-0.11930121606414533,0.34966420625893496,0.22376068376068375,0.0,0.8724820852869423,0.10234911362616606,2618,11700,none
0.006979449398991857,-2.7907934842047224,0.037633640541467894,0.0018480874503361555,1.4018584435579942,4.2426844702545194,0.8556662957345931,0.011877545929371238,0.060025496403763035,0.22042735042735043,0.0,0.9842962805474199,0.8374247786369728,2579,11700,none
0.05380116959064327,-2.561940226043154,0.26648689870303643,0.03785847612345439,1.318234939868543,2.4828507873308614,0.8361833310827997,-0.28260812710261707,0.3023297010545766,0.21923076923076923,0.0,0.912111864937254,0.229551133403606,2565,11700,none
0.025088200705605645,-2.6926168202552145,0.13581030449097575,0.0061099902826473595,1.3549759576422282,4.237424767135506,0.8742860004186802,-0.09986122175179712,0.16912687774459437,0.21803418803418803,0.0,0.945512406677345,0.5474860515291549,2551,11700,none
0.01615445232466509,-2.7229270356591515,0.10550008908703878,-0.014116706806035051,1.3672705724469076,4.069660730734468,0.8404656957692624,-0.0394347223036495,0.11926675703571288,0.2169230769230769,0.0,0.9714451346554923,0.6474438360414351,2538,11700,none
0.06959847036328871,-2.4074346837624008,0.4209924409837895,-0.027284038151050183,1.2147838741198327,4.163950781991823,0.8876488723918274,0.02056148774946887,0.3644234313899974,0.22350427350427352,0.0,0.8614012290961948,0.0,2615,11700,none
0.027213491759294748,-2.6359845468479697,0.1924425778982206,-0.038499821396128286,1.3690137916695544,3.190793835007402,0.8086127696607084,-0.08539683875269513,0.18021912397515266,0.22299145299145298,0.0,0.9417907010992342,0.4511526368412798,2609,11700,none
0.0663109756097561,-2.495048058747246,0.3333790659989444,0.0417324581670897,1.2831148572593438,5.08713050114546,0.8351378559617137,-0.24633829757869405,0.3520036237842368,0.2242735042735043,0.0,0.8752219019183765,0.09865728235372218,2624,11700,none
0.033517350157728706,-2.636935173482468,0.1914919512637221,-0.001889186592250347,1.3503821759635715,3.5246977786543483,0.8498892804938127,-0.36117552491906507,0.21173549383643864,0.21675213675213675,0.0,0.9384742674022702,0.42099305298680223,2536,11700,none
0.05373018940858137,-2.506313491976935,0.3221136327692551,-0.018169782487290842,1.3010643786196756,4.122926952669652,0.8751997869863456,-0.08755501548052284,0.302036024799863,0.22111111111111112,0.0,0.899314580701037,0.16181387004853554,2587,11700,none
0.062116564417177916,-2.4977161877830705,0.3307109369631198,0.020673414424060343,1.2536351136663177,4.022743363472696,0.8995721477490615,0.2399979040866846,0.33579021228119377,0.2229059829059829,0.0,0.8843147795964861,0.11797769210476372,2608,11700,none
0.0571643474990598,-2.5052534744447517,0.32317365030143863,0.00019673176807710746,1.2690796155882316,3.4026682760095963,0.8444675280955032,0.14077854091253084,0.3160840422660502,0.22726495726495727,0.0,0.8909276653526189,0.14651689773039878,2659,11700,none
0.03269447576099211,-2.672996292074395,0.15543083267179547,0.029517051471698252,1.354851214312097,3.499149999180671,0.8364166729579744,0.25973783141884943,0.20772954860398424,0.22743589743589743,0.0,0.9260536048636968,0.47825891034834994,2661,11700,none
0.008792965627498001,-2.721570673995811,0.1068564507503793,-0.05711592577482705,1.4061172357289728,2.628611490487824,0.8663921910891186,-0.07638525641619884,0.0726806142576944,0.21384615384615385,0.0,0.9753536315980266,0.6917057042056823,2502,11700,none
0.060141509433962265,-2.439552432835349,0.38887469191084145,-0.04866293869844629,1.239431077397179,3.5542964321168102,0.8806817419992747,0.27555410045823137,0.3280064028050007,0.21743589743589745,0.0,0.8788335293720654,0.060236542291634776,2544,11700,none
0.06290507052992757,-2.4341667664323303,0.39426035831385997,-0.038415542772021194,1.2346904021962406,3.7240882413899494,0.8572254296993813,-0.12180793288116232,0.33887061690602044,0.22418803418803418,0.0,0.8565947478194154,0.04352628036008732,2623,11700,none
0.02100840336134454,-2.6645763208783424,0.1638508038678479,-0.04500932803817603,1.3502626928001196,6.287688378145157,0.9189614557054679,0.0647735340048239,0.1470656112958255,0.22376068376068375,0.0,0.960408226260974,0.5261570322679893,2618,11700,none
0.06360294117647058,-2.4599211703213415,0.3685059544248488,-0.008713386350517105,1.2486444289722978,3.523399922181302,0.8882221848091024,-0.10034363068334831,0.34158424255405206,0.23247863247863249,0.0,0.8751130852284178,0.06909623711356039,2720,11700,none
0.018257892734880182,-2.667040288025491,0.1613868367206992,-0.05810459861661599,1.3324012077602516,2.5207638159495915,0.8467086813083682,-0.032855913160241154,0.13154409653696875,0.2247008547008547,0.0,0.9630090521437511,0.5453921577791492,2629,11700,none
0.018369690011481057,-2.771405936045104,0.05702118870108608,0.046893470302218354,1.4059007531391372,3.0828740095718272,0.8977854309922975,-0.10686234223529852,0.13218628936104887,0.22333333333333333,0.0,0.9630142821722992,0.724290493366991,2613,11700,none
0.04452187379016647,-2.554620941241769,0.27380618350442143,-0.02195243255915491,1.3036732535996158,3.311954436520032,0.8741683442853099,0.1276430390014759,0.2626538406230847,0.22076923076923077,0.0,0.8938490084153429,0.25998047904192134,2583,11700,none
0.005233644859813084,-2.822101696466353,0.006325428279837286,0.023280537885730368,1.4214323400545958,4.807398311610077,0.853053872137266,0.03504186125398985,0.047191155068232675,0.22863247863247863,0.0,0.9894469774707071,0.9298734906710183,2675,11700,none
0.023661753297129558,-2.666621137209817,0.16180598753637332,-0.02795489784706584,1.363287111732915,3.4836464988455793,0.825222857594239,0.14117723767402662,0.16153381290256597,0.22034188034188035,0.0,0.9608569189232505,0.5147694378272887,2578,11700,none
0.032198371576609916,-2.67192179972347,0.1565053250227204,0.025636170057160346,1.3611778686349811,4.550912982759781,0.9097403415754444,0.07628455050483524,0.20529951907585337,0.23094017094017094,0.0,0.9384388060714612,0.47904785577682324,2702,11700,none
0.01090767432800935,-2.7940790925595045,0.034348032186685806,0.027355091687792932,1.399134664153038,3.4808949437899095,0.9185522653772443,0.08342983107291031,0.08675212305978529,0.2194017094017094,0.0,0.977013166140705,0.8180764857787451,2567,11700,none
0.007344414379590259,-2.815598160080848,0.012828964665342113,0.028717317027875833,1.4381804242269358,2.870614491621441,0.8690832609901071,-0.4219639824758507,0.06262230324388181,0.22111111111111112,0.0,0.9876124867810835,0.8954600474774407,2587,11700,none
0.02317629179331307,-2.7545361563228274,0.07389096842336285,0.05721393629511562,1.4116688580015027,4.508951436234526,0.9042146973621784,0.009018049007474644,0.1589210529112803,0.22495726495726495,0.0,0.9587916045814808,0.6646353427880538,2632,11700,none
0.027821316614420062,-2.689613552903389,0.1388135718428014,0.018567561273953537,1.3950894507281733,3.4890832741710742,0.7417122192709094,0.21143063457625652,0.18334534070924505,0.2181196581196581,0.0,0.9454236935421139,0.5284957452983134,2552,11700,none
0.0449438202247191,-2.5843505978319516,0.24407652691423865,0.010164113512385331,1.316167718584278,5.6251877622599595,0.8465699563120235,0.1055505605519139,0.26451736836297474,0.2282051282051282,0.0,0.9122506440054053,0.29628564097290083,2670,11700,none
0.014809041309431021,-2.704076231620611,0.12435089312557945,-0.04057830486341629,1.3713453217771947,2.3160746203534734,0.8664602544158579,-0.01672449301752051,0.11120608762959977,0.2193162393162393,0.0,0.9676382518265502,0.6239163575637969,2566,11700,none
0.05594135802469136,-2.489091086838423,0.33933603790776745,-0.022883929043417517,1.2829705553185802,4.970196426115291,0.8854839879553281,-0.10072157915877586,0.3111183405434087,0.22153846153846155,0.0,0.8763250079035056,0.13264254251249763,2592,11700,none
0.016885553470919325,-2.7194220054738585,0.10900511927233181,-0.013486004365331095,1.3728443644070936,2.673262317391972,0.82242013093349,-0.13123954057542206,0.12357713022896061,0.22777777777777777,0.0,0.9741852466505423,0.6371443031443025,2665,11700,none
0.031150159744408944,-2.6233234856282284,0.20510363911796192,-0.028891725595435958,1.3250657857902692,7.596989739481855,0.9016044732234645,-0.06049839231078727,0.20012745832494527,0.214017094017094,0.0,0.9374861376817776,0.41338481090891543,2504,11700,none
0.01800766283524904,-2.7935224974172117,0.03490462732897859,0.06696209670402586,1.4007913098313636,3.3756520338607467,0.8398964178765168,-0.01330653792641093,0.13010305569281688,0.2230769230769231,0.0,0.9658210771425721,0.7734650437882084,2610,11700,none
0.05336426914153132,-2.575322670784505,0.2531044539616851,0.04876943870264139,1.2735260864834692,3.352715644815959,0.8446248274429019,-0.17307982749901504,0.300519779474988,0.221025641025641,0.0,0.9116128139442375,0.2485182638971185,2586,11700,none
0.02818489289740699,-2.5825054378734125,0.24592168687277782,-0.08648385571459327,1.2812624778232404,2.2998167286455375,0.8282362669124133,-0.23854255289134643,0.18520587076197625,0.22743589743589743,0.0,0.9295254554173318,0.37317974567553924,2661,11700,none
0.008576998050682261,-2.7642170924371285,0.06421003230906175,-0.01569120443817207,1.4183409552076078,2.761819154162964,0.775195805727894,-0.28629692833907716,0.07120453761217042,0.21923076923076923,0.0,0.9829523377789289,0.7709800591860015,2565,11700,none
0.05348210850327049,-2.4088319689863793,0.419595155759811,-0.11705466300127254,1.233892069214265,2.3848579387132642,0.8672272004592133,0.023055298824295165,0.3010084807399924,0.22213675213675213,0.0,0.877398549655152,0.054353644494844366,2599,11700,none
0.06848802395209581,-2.5091213137189756,0.31930581102721467,0.06812095830553444,1.2503234364126348,3.133671968432708,0.9259862412443861,-0.015884581455050298,0.360255751233866,0.2283760683760684,0.0,0.866372554159455,0.10691051863821066,2672,11700,none
0.06881968473663976,-2.4710964433497584,0.35733068139643187,0.03197224465475479,1.270476731496569,3.4737246020631387,0.8652400025133633,0.0231181563084714,0.3615034280068259,0.22230769230769232,0.0,0.8633547987346906,0.06171476485774674,2601,11700,none
0.044066486277541554,-2.6147373467711317,0.21368977797505861,0.03558791218424995,1.3141486558338737,4.173041420154767,0.883670022825407,-0.14576260377399144,0.26063584373650095,0.22111111111111112,0.0,0.9051280751672259,0.3409801962595217,2587,11700,none
0.06406893967778195,-2.486352736613198,0.3420743881329922,0.020354265543739647,1.2883014542589009,4.641171650199604,0.7896301797888177,-0.583615365107889,0.34338967161736317,0.22811965811965812,0.0,0.8798394550637597,0.09721620907059847,2669,11700,none
0.038461538461538464,-2.562956761931402,0.2654703628147881,-0.04789904552661994,1.2879243086512147,3.5206616127552794,0.9289963705594941,0.056196505393991646,0.23519338181924143,0.22,0.0,0.9280976709699365,0.29797920957200735,2574,11700,none
0.022003034901365705,-2.7766573498398053,0.05176977490638501,0.07269818657713456,1.3894559733590954,2.7574695223483414,0.892344449585397,0.10582096975706233,0.15254394203622493,0.2252991452991453,0.0,0.9684886223824017,0.7146526731206491,2636,11700,none
0.028330781010719754,-2.7331214672065327,0.09530565753965758,0.06495744141227044,1.3763409958244872,3.077705866404793,0.9027738454910157,-0.08277784930481344,0.18595046213400002,0.22324786324786325,0.0,0.9474306874009079,0.5985090115783792,2612,11700,none
0.036893203883495145,-2.5724849861125874,0.25594213863360293,-0.04724266146786471,1.299581419091373,3.1967947662879035,0.9036321930079427,-0.06166957003569775,0.22786164593986571,0.22008547008547008,0.0,0.9321469893978418,0.3175105505888579,2575,11700,none
0.04806964420893263,-2.5952654417634045,0.23316168298278583,0.038761288132101335,1.2999749999999999,3.338899347750774,0.9256533234596946,-0.0034411226331803406,0.2781396538877505,0.2258119658119658,0.0,0.9048565476081903,0.2971017402086023,2642,11700,none
0.0460170146945089,-2.510629296650947,0.31779782809524315,-0.05748628297165714,1.2579465551578792,3.4511853649536004,0.8455892167798231,-0.3072123683568366,0.2692302919935301,0.221025641025641,0.0,0.907422493635293,0.19972196082526295,2586,11700,none
0.06405693950177936,-2.5388111549951144,0.28961596975107584,0.07274480067904099,1.2979817026328655,3.554133758153741,0.8777598801967609,-0.0008277966843730043,0.34334324474107863,0.21615384615384614,0.0,0.8816345401828822,0.15963514850947114,2529,11700,none
0.0119276644863409,-2.827929110891619,0.0004980138545711554,0.06697504568150592,1.4352902650681316,3.72146190877625,0.8813040908946167,-0.3248867170923782,0.09331729071072781,0.22213675213675213,0.0,0.9789499209075261,0.9042325988503224,2599,11700,none
0.022673964034401875,-2.7034762646479598,0.12495086009823053,0.0033124497026131294,1.3615239508240267,2.8861758887465396,0.8592518852235065,0.08286785270890289,0.15620170345903242,0.21863247863247864,0.0,0.9558767559465223,0.5779393607680258,2558,11700,none
0.04918032786885246,-2.4938054101128335,0.33462171463335677,-0.05641576793701031,1.2853619508122587,3.4772329090027396,0.8380811685738183,-0.167589702445493,0.2829047929798921,0.22418803418803418,0.0,0.890143840311421,0.16631256220446144,2623,11700,none
0.029514563106796118,-2.6537141132919317,0.17471301145425855,-0.007753429721667704,1.36169600943186,3.5056367791745475,0.7857876880557875,0.006400702525131711,0.19195154373371578,0.22008547008547008,0.0,0.9384857474727428,0.46510937395896934,2575,11700,none
0.02324680356450988,-2.720295598387876,0.10813152635831447,0.023372253172697643,1.3626652302897164,5.575144399318561,0.8351652535333562,-0.12297220205537243,0.15930147322961893,0.2205982905982906,0.0,0.9581509569142859,0.6029075000946397,2581,11700,none
0.062199036918138044,-2.4518646194203644,0.3765625053258259,-0.024711619021123177,1.2659316655936723,4.228509726426143,0.8554169232588007,-0.010464472003500718,0.33611311999311505,0.212991452991453,0.0,0.8723232946652061,0.06562962593527677,2492,11700,none
0.033951835767864195,-2.637421549572717,0.19100557517347339,0.001055011268036754,1.3281765572768771,2.9381271584233426,0.862299729483299,0.03238409162222876,0.21383846015677777,0.2164957264957265,0.0,0.9371270175010985,0.4195851461235111,2533,11700,none
0.042704626334519574,-2.4983987355060115,0.33002838924017874,-0.08845454228676752,1.2454043849487277,3.0528867208950454,0.7785650419009734,0.3272605892417276,0.25455825781385927,0.21615384615384614,0.0,0.9022963239784307,0.200006116322349,2529,11700,none
0.006772009029345372,-2.772988762126851,0.0554383626193391,-0.017130094564085763,1.3955388932116668,2.2576832715405883,0.8610548019917678,-0.18954729992139316,0.058537241934219914,0.2271794871794872,0.0,0.9813127103247632,0.801144449136423,2658,11700,none
0.01719526175009553,-2.7440504361165448,0.08437668862964554,0.012894400872516254,1.402072957792515,3.1945431821822696,0.8018528660870499,-0.17101936910483717,0.12538896089277465,0.22367521367521367,0.0,0.9652807619510835,0.6786914233718429,2617,11700,none
0.053656597774244835,-2.4386774414861154,0.38974968326007486,-0.08622213012753477,1.2371748219815346,5.021335886444304,0.8911320253760033,-0.1900905624627194,0.3017313928687456,0.21504273504273505,0.0,0.8773436362619249,0.08555934393638387,2516,11700,none
0.07320872274143302,-2.390974914566668,0.4374522101795222,-0.023321135839737384,1.203351211932028,5.0659840563229155,0.7777704744602447,-0.0225339749522505,0.37778546585274553,0.2194871794871795,0.0,0.8502036740002514,0.0,2568,11700,none
0.047784200385356454,-2.635168952669077,0.19325817207711316,0.07705008493138621,1.3422645729859606,6.199696592859342,0.8467173980582794,0.04977580359224173,0.2769087726689816,0.22179487179487178,0.0,0.913682455316145,0.3533007283138778,2595,11700,none
0.05605718585402558,-2.536873416432728,0.2915537083134625,0.025553621699466067,1.260194326981356,2.9116126976359458,0.8592035090844949,0.22185085745175648,0.311590374652218,0.2271794871794872,0.0,0.8852059147435871,0.1890077803336485,2658,11700,none
0.02290649643259482,-2.69767264594403,0.13075447880216018,-0.0011757671164542849,1.357875963380239,3.088154552001049,0.9167466442231346,0.053409032751825805,0.15746253763756135,0.22760683760683761,0.0,0.9567987229268304,0.5672564935190827,2663,11700,none
0.05078274150439099,-2.5397234598190925,0.28870366492709776,-0.0014330978471104316,1.2661416008520074,2.9966470222997277,0.8388876857028837,-0.15288802329788884,0.2897127275433661,0.22384615384615383,0.0,0.9037065934720769,0.21438845082917724,2619,11700,none
0.034184823441021785,-2.5900344968108264,0.23839262793536387,-0.04501406418487308,1.302812221691426,3.298152902529725,0.7636755155621305,0.07078984913527538,0.21496272372728958,0.22752136752136753,0.0,0.9277305123493804,0.3533291741000109,2662,11700,none
0.012578616352201259,-2.870922539254478,0.042495414508287865,0.11365081387297193,1.464521658833696,3.125904921929448,0.7632076808456256,0.2684073213501529,0.0974398258756419,0.23102564102564102,0.0,0.9791987831597495,0.9025601706581602,2703,11700,none
0.053158705701078585,-2.5247582116727267,0.30366891307346355,-0.002957862830802238,1.2713354953003702,5.621811195283351,0.8659497112781982,-0.1718478847286564,0.29966632071431976,0.2218803418803419,0.0,0.8905913107224618,0.18618825870933153,2596,11700,none
0.03843255463451394,-2.5798410868764114,0.24858603786977884,-0.031178677866680715,1.3087771942985746,4.309012710835446,0.8294264090234617,0.15715067308538225,0.2350587687051446,0.22683760683760684,0.0,0.92102647115495,0.31984791074689267,2654,11700,none
0.02498078401229823,-2.728397553748482,0.10002957099770837,0.04128308319791252,1.3692166726932515,3.4552196010092575,0.8773264117635454,0.09447143912766377,0.1685593563422906,0.2223931623931624,0.0,0.9462002980702016,0.6076128404611573,2602,11700,none
0.010258358662613981,-2.770800413526622,0.05762671121956808,0.00040332857385694254,1.4119693387709509,3.0521942246586193,0.809556581888256,0.0016436345757321292,0.0825010649679517,0.22495726495726495,0.0,0.9765576541304947,0.7727554113096714,2632,11700,none
0.056106870229007635,-2.5030548446721514,0.32537228007403884,-0.007983892793359537,1.2585174295157033,4.233409216720281,0.8900631354613984,0.0588429111959722,0.3117927416510486,0.22393162393162394,0.0,0.8964248213079617,0.14822298741584672,2620,11700,none
0.023371647509578545,-2.737703525236306,0.09072359950988451,0.04148640402231285,1.383390494855463,3.3699667977918724,0.7955121744045301,0.36510741456772927,0.15997424858754247,0.2230769230769231,0.0,0.9532972431612395,0.6326326730503562,2610,11700,none
0.02699619771863118,-2.7168545186808606,0.1115726060653297,0.04114094971944526,1.3538896658896657,3.358747720662232,0.9047815319891471,-0.20472870339592392,0.1790966556345028,0.2247863247863248,0.0,0.9488311427207112,0.577272498817484,2630,11700,none
0.022313127556712532,-2.7120550287839666,0.11637209596222364,0.009850014476431301,1.374622641509434,3.2313591746194716,0.8492390596439621,0.009799157856145095,0.15423819780691783,0.22982905982905982,0.0,0.9539527945049115,0.5940715736937279,2689,11700,none
0.07459207459207459,-2.5097923109815596,0.31863481376463065,0.10332168036999922,1.2698385733296123,4.07721323550177,0.8778263980229337,-0.14400457798512595,0.3828312890945241,0.22,0.0,0.8561864703318159,0.08512925577301667,2574,11700,none
0.010814986481266898,-2.799486542218975,0.02894058252721532,0.032238219707541926,1.3952109192942408,2.9708959025570807,0.8609960333139913,0.11934192210426314,0.08614882672331334,0.22128205128205128,0.0,0.9851887360319407,0.8311713391915725,2589,11700,none
0.03923853923853924,-2.627680863468255,0.20074626127793538,0.021220436157468825,1.3413107302857639,4.210443951013338,0.8983687378459337,-0.02042788266474625,0.23878996115222959,0.22,0.0,0.9203607877622171,0.3808251422081901,2574,11700,none
0.012865497076023392,-2.8000275545824524,0.02839957016373784,0.04437867164259712,1.403479327828276,2.774796420503973,0.9008793411193571,-0.29766503806908123,0.09924088687983966,0.21923076923076923,0.0,0.9778720537634827,0.8193553116898276,2565,11700,none
0.0583301563095692,-2.496853438235882,0.3315736865103083,-0.0016084939169669354,1.2600696350660234,4.520946683739183,0.8550938009371363,0.14906238904757352,0.3207802865776359,0.22418803418803418,0.0,0.8990803709757813,0.13198183443630274,2623,11700,none
0.06285933307780758,-2.555150034391871,0.27327709035431935,0.08230899508713341,1.298382459655651,4.068745543130361,0.8538669534475143,-0.17587487929530662,0.33869235487526034,0.22299145299145298,0.0,0.8843215691289885,0.18460719901154976,2609,11700,none
0.07063339731285989,-2.3724789810232503,0.45594814372294,-0.05638530997760505,1.204062717748831,3.111653208449647,0.8485307120612223,0.12886457884800395,0.3682829323459414,0.22264957264957264,0.0,0.8533311932011797,0.0,2605,11700,none
0.04244928625093914,-2.57229604876471,0.2561310759814801,-0.01600165066493675,1.2987174609616083,4.972492611518787,0.8985409468910788,-0.08002616386584502,0.25341152193311317,0.22752136752136753,0.0,0.912600027133477,0.29171713427394463,2662,11700,none
0.02039274924471299,-2.6366624540716272,0.19176467067456304,-0.0764058604507758,1.3175672546823276,3.51117704447952,0.8457269165773127,-0.013956154047364683,0.143640074637378,0.22632478632478634,0.0,0.9585164320782678,0.48869900052964105,2648,11700,none
0.028679245283018868,-2.6078908699004786,0.2205362548457117,-0.0583019442942323,1.3344918551221534,4.723625987819552,0.8655190873423564,-0.13922333136233497,0.1877244686391319,0.2264957264957265,0.0,0.9461044995829573,0.4045247518629427,2650,11700,none
0.05604606525911708,-2.5470068720694865,0.2814202526767038,0.03562416975166016,1.3092284789947486,5.068618837309246,0.8699382268294166,-0.10352207469081655,0.3115450706847768,0.22264957264957264,0.0,0.9004312353732679,0.20156978123378222,2605,11700,none
0.031417624521072794,-2.6821974682921077,0.1462296564540826,0.03149526632690414,1.3434657877067693,3.4699202359201977,0.7949067698364578,-0.14440594068483528,0.20145210074061878,0.2230769230769231,0.0,0.944476457855783,0.49873891812419385,2610,11700,none
0.045507584597432905,-2.5589395941766524,0.2694875305695379,-0.012057757255415247,1.2942841197379207,5.787477062940961,0.8509910129787891,-0.04324865011352127,0.2669979058021401,0.21974358974358973,0.0,0.920505727332656,0.2610807036511583,2571,11700,none
0.024609375,-2.6804496269097653,0.147977497836425,-0.008765850290323396,1.3429199612164913,4.467518467304959,0.8911839786785121,-0.15953797064125,0.16659178251109652,0.2188034188034188,0.0,0.9437460017159475,0.5308803439836883,2560,11700,none
0.0047562425683709865,-2.8308340038993602,0.0024068791531699496,0.02931225013767591,1.4261980838036221,3.442694897486146,0.8582244207979787,-0.2991254042842669,0.043544450297192214,0.21564102564102564,0.0,0.9865390603673907,0.9564555462366099,2523,11700,none
0.04127224536160545,-2.5555726817393714,0.27285444300681894,-0.03938336644692875,1.288721162701889,1.94740286388189,0.6834591647972548,0.08892446726924544,0.24809528475352036,0.22572649572649572,0.0,0.9075120514943283,0.2757360205096704,2641,11700,none
0.04504504504504504,-2.626313793709557,0.20211333103663343,0.0526999234450054,1.3152479496947416,1.9393350581645932,0.8662346048682009,0.13562665967397078,0.26496353609662915,0.2276923076923077,0.0,0.8967584060101715,0.35273203633568373,2664,11700,none
0.07321848081440877,-2.3999310222975323,0.428496102448658,-0.014309828112293754,1.2005487710175273,5.23870707750528,0.8629635098209651,-0.11598310854504508,0.37782120043576173,0.2182905982905983,0.0,0.8505678702573637,0.0,2554,11700,none
0.061051004636785165,-2.456278300814147,0.3721488239320432,-0.026792188916666237,1.239720778966991,3.6240405903374904,0.8682892003855033,0.02472306418515836,0.3316029636036666,0.2211965811965812,0.0,0.8774331785044839,0.07502586302204817,2588,11700,none
0.029028656494231486,-2.711880232447405,0.11654689229878512,0.047663986547662685,1.3835241254404789,3.3067913835596716,0.7871644745604358,0.02125577182994943,0.18949698150405264,0.22965811965811966,0.0,0.9506648381070565,0.5585211076415377,2687,11700,none
0.04376452362509682,-2.6357656924252773,0.19266143232091304,0.054908099124725496,1.3328398826029157,3.158783412280152,0.8203921625609552,0.26462025685203666,0.2592938194456707,0.2206837606837607,0.0,0.9197669679153073,0.3717659006861325,2582,11700,none
0.02962962962962963,-2.6927561873455508,0.1356709374006395,0.03193955888061595,1.3747315676449534,5.469724163172046,0.9189836623194564,-0.13239138943318343,0.19253105481819402,0.21923076923076923,0.0,0.9439924521205268,0.5243040873985962,2565,11700,none
0.02621283255086072,-2.694808395001454,0.13361872974473643,0.014663443461832237,1.3719639615150505,2.204236900857822,0.8259862913671944,0.11814398376290002,0.17502837777466704,0.21846153846153846,0.0,0.9466283705828221,0.5450869538514522,2556,11700,none
0.054352107128790864,-2.5502934453769726,0.27813367936921773,0.02932826881114803,1.2924827944893984,4.158941934674144,0.9012780655809778,-0.19991960599788886,0.3046043305035053,0.21700854700854702,0.0,0.8829555254810524,0.2126072862561883,2539,11700,none
0.06292645943896892,-2.4227475597753676,0.4056795649708227,-0.049713755487981626,1.2280506512936298,5.3643722979495685,0.8257456251425754,-0.09113335000842059,0.33895396275298384,0.22547008547008546,0.0,0.8668499264152756,0.03116371222652592,2638,11700,none
0.04533230887437572,-2.5988189378436255,0.2296081869025648,0.026830077192748547,1.309407173137743,5.0601546691214585,0.818082438776012,-0.25949183221985483,0.26622783731764504,0.22247863247863248,0.0,0.9112791315611737,0.313766539949141,2603,11700,none
0.04616558565433041,-2.5377894495986966,0.2906376751474937,-0.0294856857584902,1.2997285686806728,6.523779219480064,0.9247929395671055,0.10625349638824187,0.2698797380675058,0.22401709401709402,0.0,0.898913731678396,0.23184286308801583,2621,11700,none
0.04611837048424289,-2.5745557942134556,0.2538713305327347,0.007013569520718743,1.300703940915123,2.1215786162657233,0.8383348297655094,0.012900536959092695,0.2696734255815282,0.2223931623931624,0.0,0.9058497500085082,0.27837243600798994,2602,11700,none
0.03557617942768755,-2.5805280265174977,0.2478990982286926,-0.04664983645247478,1.3186081669950236,3.613423760089052,0.8737467207984931,0.018951075488208402,0.22162775082632458,0.221025641025641,0.0,0.9301221283110204,0.3341745740745822,2586,11700,none
0.015848473134905297,-2.7105355042307133,0.11789162051547697,-0.028239117914321987,1.3695178795446958,4.1885519916293035,0.8322995802942181,0.17930991690289771,0.11744850554898587,0.22111111111111112,0.0,0.9678943389517024,0.6283298787640685,2587,11700,none
0.00680015111446921,-2.7833724172852006,0.04505470746098972,-0.006587243731914327,1.395254087375711,4.994945730993719,0.7749933730503987,-0.1160497557858841,0.058739678738011246,0.22623931623931623,0.0,0.9839803788287966,0.8225520971994248,2647,11700,none
0.05027711797307997,-2.5524357352738116,0.27599138947237867,0.00841893898586843,1.3000826225365119,4.0175243773869385,0.8533369393677699,0.054922362681936586,0.2875729699941974,0.2158974358974359,0.0,0.8959823709586872,0.23231904642737616,2526,11700,none
0.029285435376805936,-2.6053791010031735,0.2230480237430168,-0.057384584183497456,1.2924582066869301,2.5642939279681127,0.8497330828130462,0.2285747183440427,0.1907955960575744,0.21888888888888888,0.0,0.9384842948835884,0.39804297233195923,2561,11700,none
0.06288343558282208,-2.4438777753795273,0.38454934936666296,-0.02882691956729566,1.2141089508977476,3.9218380289924344,0.854518808749872,-0.031189031189215517,0.33878630093570145,0.2229059829059829,0.0,0.8652674023305337,0.05417760030932439,2608,11700,none
0.03702229299363057,-2.6619199401876994,0.1665071845584909,0.04292253088848019,1.3833848589139643,1.9135104878777893,0.8863231569332959,0.11244897910587484,0.22846883606898158,0.2147008547008547,0.0,0.9288497225657795,0.44077020612412543,2512,11700,none
0.03333333333333333,-2.626981973547084,0.20144515119910622,-0.012883342882693771,1.35164041046394,3.8498562635537867,0.7650728587874942,-0.33952302576437704,0.21084230031853213,0.2205128205128205,0.0,0.9319593435026825,0.4077909201283142,2580,11700,none
0.004580152671755725,-2.8233330295030674,0.005094095243122876,0.02081516086142221,1.4289697783811124,3.0501496574089555,0.8660308400323402,-0.16670108940418668,0.042182174194543856,0.22393162393162394,0.45943339259542126,0.9880542498647418,0.9387870308255473,2620,11700,intercept_resend
0.26927416321925535,-1.2887642154329002,1.53966290931329,-0.01641821482794059,0.6772461185764855,6.079774914407125,0.8426217600382581,0.01743851520596707,0.8404211768958278,0.22726495726495727,0.6525388295273798,0.97069621450487,0.0,2659,11700,intercept_resend
0.20586025544703232,-1.5996850907831857,1.2287420339630046,-0.0642205731358727,0.8322578713074482,5.892109369914279,0.8581742755283439,0.11705184496018524,0.7334948913644236,0.22752136752136753,0.7081480529018205,0.8756148498102774,0.0,2662,11700,intercept_resend
0.09746588693957114,-2.2109785158530997,0.6174486088930906,-0.06609829217843366,1.1473709483793517,3.650863877630315,0.8469343343743297,-0.049183903406780916,0.4609107837586609,0.21923076923076923,0.27002035806445945,0.9042895231097117,0.0,2565,11700,intercept_resend
0.13237016790316283,-2.14196923682983,0.6864578879163603,0.06234085889266616,1.11692655498232,8.686202980155533,0.8635665787738422,0.024145356859022454,0.5639027335014969,0.21888888888888888,0.47482012434073584,0.9737754058237769,0.0,2561,11700,intercept_resend
0.13423831070889894,-2.0654401231275585,0.7629870016186318,-0.003620443240318405,1.0594151418390427,6.071449741062999,0.9232585395189188,-0.023867433859443905,0.5689482407040595,0.22666666666666666,0.403545981763463,0.9204989056829336,0.0,2652,11700,intercept_resend
0.13515565679574792,-2.101131820775459,0.7272953039707315,0.03726054751722874,1.0662202363753621,7.005263871095529,0.4381659577169704,0.7524297541521233,0.5714099303115195,0.22512820512820514,0.7527489451954634,0.9647053348890245,0.0,2634,11700,intercept_resend
0.054901960784313725,-2.5865753006820267,0.2418518240641636,0.06872056610404575,1.3234522539104816,4.8268250755438045,0.8915237541773525,0.01945560407807239,0.30686599003443754,0.21794871794871795,0.16705261298454677,0.9801032004077007,0.2568605600126477,2550,11700,intercept_resend
0.2063552833078101,-1.7044945629238015,1.1239325618223888,0.043389199462601,0.8821297876966778,5.210212983304523,0.906070971878826,-0.148687780618814,0.7344579901515544,0.22324786324786325,0.583242313110062,0.8515549543141026,0.0,2612,11700,intercept_resend
0.21017202692595363,-1.64362023233953,1.1848068924066604,0.004105631233847218,0.8315581253804017,5.3595587033984895,0.6695419280977373,0.6445380513118977,0.7418114344429361,0.22854700854700855,0.7508552689280068,0.8648361610679516,0.0,2674,11700,intercept_resend
0.03959656331714606,-2.619688715232937,0.2087384095132534,0.015253577952638597,1.342890832863017,7.750354483732482,0.9013562094159937,0.3965075776113612,0.24043937963591075,0.2288034188034188,0.34895282449020737,0.9545463032459387,0.36801619197864427,2677,11700,intercept_resend
0.1990984222389181,-1.7208197026833276,1.1076074220628627,0.01866333384658958,0.8710210761882495,11.032183358234068,0.7269905097187999,0.7217315498763822,0.7201212705883152,0.22752136752136753,0.4427563569550532,0.8615427734993886,0.0,2662,11700,intercept_resend
0.23064770932069512,-1.5596588238491838,1.2687683008970065,0.03597217370945094,0.8501135138894751,3.092846552112446,0.8463757727090182,-0.006284841512171061,0.7791386987007218,0.2164102564102564,0.82883471887322,0.9501158280894556,0.0,2532,11700,intercept_resend
0.06134486826582776,-2.489673898616629,0.3387532261295614,0.008265752604536658,1.2480228448050705,4.107400119487596,0.8395069640739345,0.2071983993321985,0.3327605710413798,0.21735042735042734,0.17903535363731873,0.9513390574184011,0.11167316432878349,2543,11700,intercept_resend
0.09120521172638436,-2.260136385701066,0.5682907390451244,-0.05235614951487477,1.143309527707293,4.176058019821974,0.8710827888522618,-0.18040442927048408,0.44047991436706463,0.23615384615384616,0.3346520171397066,0.9826844886069422,0.0,2763,11700,intercept_resend
0.22150700492237788,-1.573611922145785,1.2548152026004054,-0.0017823605129225761,0.7909783144783198,7.180912949263655,0.9097286875214388,-0.23850489071662093,0.762909718462431,0.22572649572649572,0.7322701191660256,0.8789895471053492,0.0,2641,11700,intercept_resend
0.27155172413793105,-1.3292228371847237,1.4992042875614666,0.03692423708517123,0.6816918207798957,3.70756834768234,0.8807280747465583,0.20008124146160053,0.8436824610233312,0.2181196581196581,0.8834580952896428,0.9531223229621482,0.0,2552,11700,intercept_resend
0.07001166861143523,-2.3746037669485003,0.45382335779769,-0.05777755269904006,1.1963311747261394,3.417102216073882,0.7369765281218793,0.23099629530626606,0.365967194361138,0.21974358974358973,0.21200201721397383,0.8540903161156174,0.0,2571,11700,intercept_resend
0.1807044410413476,-1.8025520035697071,1.0258751211764832,-0.0036564359695903104,0.9304540627589184,2.8685822948608606,0.8541147688014241,-0.07571992908926302,0.681615677237013,0.22324786324786325,0.6806925025825636,0.9621008488480044,0.0,2612,11700,intercept_resend
0.1525875190258752,-1.98779061546288,0.8406365092833104,0.02252884613771111,1.050356311050857,8.952320592583249,0.5219713883825355,0.6633926781882321,0.6162778704833529,0.2246153846153846,0.28713620694692876,0.928128471163993,0.0,2628,11700,intercept_resend
0.012905748924520923,-2.7569773055744875,0.07144981917170279,0.0015561214748549546,1.3890561586210821,1.8595364166217545,0.9153292275915701,0.07943229330994372,0.09949283864220312,0.21854700854700854,0.15387537590739644,0.978036846582233,0.728698738489773,2557,11700,intercept_resend
0.082701062215478,-2.368213053509723,0.46021407123646707,0.007613783994693701,1.1723963935415265,8.743233796450715,0.6556164788366279,0.7406368215280673,0.41162576785867744,0.2252991452991453,0.26403350617350485,0.9344150983166322,0.0,2636,11700,intercept_resend
0.21352177234530176,-1.5561772457901868,1.2722498789560035,-0.06438833370533836,0.7807462759754551,6.165584853588548,0.8359239894409991,0.06162788259567989,0.7481607691312016,0.22376068376068375,0.8089678309559784,0.9401926268960314,0.0,2618,11700,intercept_resend
0.05011476664116297,-2.5779241590985817,0.25050296564760854,0.03298896498877335,1.309119184119184,4.583686721499427,0.7835686282744037,0.13675000860123313,0.28688427760931934,0.2234188034188034,0.29934103264804685,0.8909611231156777,0.2655278788856339,2614,11700,intercept_resend
0.12681586179819396,-2.1602856638623944,0.6681414608837959,0.04923738583235604,1.0611809578591287,6.266591864635334,0.6102326382460354,0.7316588948789428,0.5486405547165903,0.21769230769230768,0.3016061486235633,0.8603134796740023,0.0,2547,11700,intercept_resend
0.10142691862707288,-2.1980497668435435,0.6303773579026468,-0.05662006225417171,1.1105997334832465,9.199400522550143,0.8176893650989872,0.45434422262684565,0.47350256786220213,0.22162393162393162,0.48065856045033917,0.8697448910620017,0.0,2593,11700,intercept_resend
0.028537920250195466,-2.6603331372235717,0.16809398752261862,-0.006659132083625785,1.3230970109750504,4.617168937359666,0.9305963956036944,0.15730335784317465,0.1870057553415205,0.21863247863247864,0.2380895156108415,0.9278292490817203,0.4798634306924251,2558,11700,intercept_resend
0.1870286576168929,-1.7767165403485852,1.0517105843976051,0.006283272219371083,0.8822024510858926,3.3260687959138187,0.9061932055956566,0.05975797988669549,0.6952140934284656,0.22666666666666666,0.6474283990357362,0.898594403965953,0.0,2652,11700,intercept_resend
0.02526799387442573,-2.685528304179643,0.14289882056654735,3.853795814556804e-05,1.3808756652662293,2.2911634637273397,0.8627847686740036,-0.1122502689118948,0.17007526883183838,0.22324786324786325,0.17762468967375114,0.9513662567690028,0.5353251603096887,2612,11700,intercept_resend
0.18463347706781655,-1.7976738274381927,1.0307532973079976,0.013691372041634287,0.8979573581596804,6.998651774656332,0.8110800422852998,0.02355177052650884,0.6901091351246964,0.21803418803418803,0.6390506728278786,0.9248207375917844,0.0,2551,11700,intercept_resend
0.12113306000745434,-2.2055445117258836,0.6228826130203067,0.062349452236877045,1.1056216736043267,6.201677619092946,0.8209666207886639,-0.2923434935180423,0.5326090652765775,0.22931623931623932,0.39227267127078824,0.9453421810311156,0.0,2683,11700,intercept_resend
0.04085528827796869,-2.577222891668997,0.2512042330771931,-0.02009182196772974,1.3116486869347281,4.7577527956754615,0.8051005776086517,0.5738931053651056,0.2462000049994356,0.22384615384615383,0.1499291584768465,0.9402055620520626,0.3053013428282798,2619,11700,intercept_resend
0.20160673297628157,-1.6653009214197811,1.1631262033264091,-0.022666299163255132,0.8437061646363972,4.209269026315779,0.8549858687498034,-0.05337821922847959,0.725129945213418,0.2234188034188034,0.7637041114878474,0.9756161039766562,0.0,2614,11700,intercept_resend
0.09654905001938736,-2.244893766801064,0.5835333579451265,-0.03736945405850278,1.1441609371021135,6.494770265839968,0.6956873604277973,0.7729897946171099,0.4579598967899976,0.22042735042735043,0.15537547172857,0.8837083642541277,0.0,2579,11700,intercept_resend
0.17738275340393345,-1.7688473014553054,1.0595798232908848,-0.05615144091118496,0.9027989308588431,4.381943750150035,0.9138722189196709,-0.14082001504299324,0.6743178817040902,0.225982905982906,0.48585877160374125,0.8639697667187607,0.0,2644,11700,intercept_resend
0.25048923679060664,-1.3973951044803012,1.431032020265889,-0.014050916674842817,0.6782561486186605,8.011833365263302,0.8698242765649249,-0.12911033111126793,0.8120526259919099,0.21837606837606838,0.8329882483031296,0.8913636154516743,0.0,2555,11700,intercept_resend
0.10058027079303675,-2.2309836883376883,0.597443436408502,-0.02847550415781752,1.1784371929794188,2.9708023831419017,0.8076290840868257,-0.32263505526277314,0.4708323143551767,0.22094017094017093,0.19380637330609263,0.8896577550560248,0.0,2585,11700,intercept_resend
0.025254428948360347,-2.5961577701563967,0.2322693545897936,-0.0894087308747582,1.3301107452858427,3.133192079631201,0.9096577708084816,0.05675833296676953,0.17000378140095807,0.22675213675213676,0.15411525128491796,0.9431450169168297,0.4064286889236497,2653,11700,intercept_resend
0.1870892926169308,-1.7856998961474282,1.042727228598762,0.015609631375846478,0.9189807287681714,6.689921819098251,0.7800016994105904,0.5967556551841111,0.6953426188618435,0.22111111111111112,0.7901966953977043,0.9363546851872396,0.0,2587,11700,intercept_resend
0.1540785498489426,-1.946252516529123,0.8821746082170674,-0.010574708748452899,0.9747092668578342,4.575079801296071,0.7800543228808932,0.180301661203054,0.6199534576074084,0.22632478632478634,0.5787564993316578,0.9898961090992239,0.0,2648,11700,intercept_resend
0.07654037504783773,-2.411695968550659,0.41673115619553114,0.016246589651570442,1.2295223954466716,2.4472528971051832,0.8963493649642442,-0.0950028147782462,0.38987010159879887,0.22333333333333333,0.3449352358263509,0.8593194271365485,0.0,2613,11700,intercept_resend
0.20256111757857975,-1.688185870574722,1.1402412541714684,0.0056174645848463545,0.8739413875525112,8.437545218579597,0.5600603731120444,0.7373108762731897,0.7270208518678201,0.22025641025641027,0.5498686871069552,0.86547996094593,0.0,2577,11700,intercept_resend
0.10861280487804878,-2.136200179743518,0.6922269450026723,-0.07782013817899536,1.0820966603067772,8.131603606079633,0.6664214312695192,0.73942488388778,0.4957175277132904,0.2242735042735043,0.2463002039884346,0.8521735355576143,0.0,2624,11700,intercept_resend
0.17745060054242542,-1.9252512626344735,0.9031758621117167,0.10063632164167768,0.9488523646361613,9.948284736817698,0.5469169708234402,0.6667107766495702,0.674468028792336,0.2205982905982906,0.1062377151106122,0.8517872526883202,0.0,2581,11700,intercept_resend
0.11794276875483373,-2.093018821859645,0.7354083028865452,-0.06822325025886711,1.038281970395535,2.7137515667496035,0.8270682588825135,-0.23211671075240148,0.5234183637467157,0.221025641025641,0.4307547657502181,0.9578898460178498,0.0,2586,11700,intercept_resend
0.08549019607843138,-2.3035132190072978,0.5249139057388925,-0.04130832676268126,1.1561225912905195,4.448504238996381,0.8335067259188059,-0.1299112067398018,0.42123477978350354,0.21794871794871795,0.11574977829527225,0.8552081249483329,0.0,2550,11700,intercept_resend
0.1509433962264151,-2.00414934745692,0.8242777772892702,0.02958701508693795,1.0015133467419108,6.231745925249694,0.49303136481323956,0.7985753036221483,0.6121961274908337,0.22196581196581197,0.5138235795648914,0.8610022437067731,0.0,2597,11700,intercept_resend
0.0926923076923077,-2.2737688694296847,0.5546582553165056,-0.030311380652019437,1.1443157330287834,6.553363761269588,0.8585622493330538,-0.025832937198087148,0.44539311177223506,0.2222222222222222,0.2838511726178744,0.9541886767118628,0.0,2600,11700,intercept_resend
0.014112112896903175,-2.701117668146508,0.1273094565996824,-0.047479290789519624,1.3510284013586626,2.994805511727086,0.8075385946457512,-0.343657970921365,0.10696119690919896,0.21803418803418803,0.10416649641908365,0.9659098934711307,0.6233353235573745,2551,11700,intercept_resend
0.16060961313012895,-1.9619752310806975,0.8664518936654928,0.04209327887900449,1.0093583644806885,5.729713676426272,0.8601070943318825,-0.29956030793855987,0.6357659502083255,0.21871794871794872,0.4021347503743268,0.859889217978582,0.0,2559,11700,intercept_resend
0.09021956087824351,-2.3625742993833048,0.4658528253628855,0.044506080978542695,1.210184795242828,10.709173521828308,0.7433050351813222,0.7099617341365178,0.4372022583734112,0.2141025641025641,0.27778086111087397,0.916094196617172,0.0,2505,11700,intercept_resend
0.18934681181959565,-1.7716308161825403,1.05679630856365,0.014311008505863754,0.9349197600429128,4.621423394310489,0.8280944294142353,-0.12682560621581065,0.7001030393005855,0.21982905982905984,0.5597388101458058,0.8573880566802714,0.0,2572,11700,intercept_resend
0.26666666666666666,-1.274835046654673,1.5535920780915173,-0.04509761156021597,0.666492777249468,4.316105947988722,0.8462424301886683,-0.04112455312434938,0.8366407419411672,0.2205128205128205,0.874925464851938,0.9065675445433903,0.0,2580,11700,intercept_resend
0.1608761329305136,-1.886345193726682,0.9420819310195083,-0.03202909480963134,0.9731895129719581,5.293619440544267,0.46942808561036553,0.8548951030578669,0.6364014288983169,0.22632478632478634,0.8511542606287632,0.9896797298352793,0.0,2648,11700,intercept_resend
0.08947165445430004,-2.2852110831001764,0.5432160416460139,-0.03708793293709256,1.142830577189275,5.162721253740143,0.48697205718424386,0.8354385608189673,0.4347038055099002,0.22162393162393162,0.3926483285662934,0.966793849303999,0.0,2593,11700,intercept_resend
0.2449544914918876,-1.5060173076416978,1.3224098171044925,0.06326203902363736,0.7549227857298217,3.6477017586838647,0.7335659107584351,-0.23898554653021506,0.8031827997670363,0.21598290598290598,0.8813918365219514,0.9687210436047642,0.0,2527,11700,intercept_resend
0.088157396897465,-2.358712670600945,0.46971445414524515,0.028979091118366274,1.2019744725706927,3.389887020001889,0.8396464937695014,0.13611428516528715,0.43028935863998147,0.2258974358974359,0.19546580661389737,0.9246560499304305,0.0,2643,11700,intercept_resend
0.23052837573385518,-1.5787232529670456,1.2497038717791447,0.05436155011949029,0.7815505029497402,5.635797165217397,0.7842935038991828,-0.30645792489049084,0.7789312445914327,0.21837606837606838,0.8089182566505112,0.9178982460919276,0.0,2555,11700,intercept_resend
0.11269230769230769,-2.228737211973574,0.5996899127726163,0.0377940468817175,1.1343408345174408,4.9392570354581515,0.820041047810274,0.14100076226741748,0.5079837393245246,0.2222222222222222,0.42228871895105147,0.9765798716884018,0.0,2600,11700,intercept_resend
0.18100078186082877,-1.8164597154748319,1.0119674092713584,0.011927632759514362,0.9336870640581341,6.897469541381438,0.37590770767489917,0.8300085052630436,0.6822614953872448,0.21863247863247864,0.29099676967069144,0.8726096809673202,0.0,2558,11700,intercept_resend
0.27556927827093786,-1.185298097770048,1.6431290269761423,-0.08427378415963904,0.6359371047628373,3.4454729184513964,0.8365159008361773,-0.24418665637017006,0.8493431700394813,0.22145299145299147,0.46739458631109965,0.8764081918115421,0.0,2591,11700,intercept_resend
0.1686746987951807,-1.9343504847889965,0.8940766399571938,0.060091546704171606,0.9634754571865187,12.776182399177433,0.6652840018310158,0.7269502319666326,0.6546640527143931,0.227008547008547,0.7917716853243674,0.9206002810976623,0.0,2656,11700,intercept_resend
0.14346645986816595,-2.0487876097379996,0.7796395150081907,0.03192933815667187,1.0498725180917936,6.974116756718928,0.6099061437427749,0.7485781771123147,0.5932456556555044,0.22042735042735043,0.25408098788593014,0.8608291866624315,0.0,2579,11700,intercept_resend
0.08252988816043193,-2.28886197540245,0.5395651493437401,-0.07270560079326982,1.1548094441519228,5.1583903252010055,0.8760986995276897,-0.016616970607280263,0.4110312730263603,0.22162393162393162,0.3329775178165628,0.9692610835894261,0.0,2593,11700,intercept_resend
0.2007766990291262,-1.581924179342611,1.2465029454035792,-0.1107384223016139,0.7883049242424243,3.061056815576321,0.7994585923341093,0.17707220941829602,0.7234787758237262,0.22008547008547008,0.6405126938469389,0.8500885563041782,0.0,2575,11700,intercept_resend
0.07408814589665653,-2.4032985086881884,0.4251286160580019,-0.006022773105489154,1.220617921347008,6.940238264001342,0.8226276027080404,-0.22159850159048644,0.38099785932074487,0.22495726495726495,0.22523247927611856,0.9668510669023809,0.0,2632,11700,intercept_resend
0.14579439252336449,-2.0662220187987956,0.7622051059473947,0.06253252295055978,1.0722824977164873,6.754831288890763,0.5556264470641507,0.7762209438543826,0.5992149217879612,0.22863247863247863,0.7709891523819947,0.9756960891103127,0.0,2675,11700,intercept_resend
0.16495238095238096,-1.7763206838243513,1.052106440921839,-0.1189948637674767,0.9167616713218948,8.262828357376605,0.39680085578815294,0.8394335052581243,0.646026668268982,0.22435897435897437,0.2581400617322629,0.9200269019100955,0.0,2625,11700,intercept_resend
0.16102683780630106,-1.9656784802271998,0.8627486445189905,0.048156707207904104,1.0076131598582143,3.6318694635301965,0.4196623492339333,0.8760591268944234,0.6367604272615752,0.21974358974358973,0.38283915650591915,0.9181233231533259,0.0,2571,11700,intercept_resend
0.22037823234272483,-1.5713079632436697,1.2571191615025206,-0.010471621378958629,0.8017138224749378,6.446395753414623,0.8019335430040314,-0.31479476554389374,0.7608575429731161,0.22145299145299147,0.8957143721368547,0.9779583778836084,0.0,2591,11700,intercept_resend
0.1752136752136752,-1.8874474999034612,0.9409796248427291,0.05017859835892713,0.9667392627979954,12.004409025993844,0.5866609159287737,0.695854769941587,0.6694936068394689,0.22,0.2520632699604488,0.9387231701721248,0.0,2574,11700,intercept_resend
0.1363984674329502,-1.896731135591236,0.9316959891549543,-0.16010973903262204,0.9592371049710847,8.053828355024262,0.48225257248927755,0.7568671100884657,0.5747284443261265,0.2230769230769231,0.3404628097129526,0.9829677489339809,0.0,2610,11700,intercept_resend
0.03512157468159012,-2.632251506483698,0.19617561826249208,0.0025020107239250855,1.3121564706617508,3.9560934907362455,0.8934072499666221,-0.12816693656370115,0.2194591584851099,0.22145299145299147,0.14992718647498765,0.9322513408194947,0.40660634689573116,2591,11700,intercept_resend
0.27245620573984347,-1.3188083764204814,1.5096187483257089,0.03162629691429508,0.6765347795949719,3.969340305880049,0.8945749925653652,0.1154949617029711,0.8449670993932137,0.22931623931623932,0.8044738895817881,0.9075620271994312,0.0,2683,11700,intercept_resend
0.15180630284396618,-1.9916943303112082,0.836732794434982,0.02201333490763524,0.9948030497570725,11.077843454343302,0.6662381762860289,0.699544974252622,0.6143421795288747,0.2223931623931624,0.5465421817346592,0.9792236213081551,0.0,2602,11700,intercept_resend
0.16582719876017046,-1.9724753542456128,0.8559517705005775,0.08210852348731068,0.9832546451236535,4.69737268665145,0.787205937730923,0.26387592802615595,0.6480695725675285,0.2205982905982906,0.5149423792095996,0.9051513705454307,0.0,2581,11700,intercept_resend
0.28260007927070946,-1.359457906716529,1.4689692180296612,0.12965824129973513,0.69276151214854,5.2826752088920195,0.8828649503104575,-0.23322862671693495,0.8589694567546518,0.21564102564102564,0.8055662365892132,0.881313868134853,0.0,2523,11700,intercept_resend
0.10235294117647059,-2.290802904000448,0.5376242207457422,0.04137144949641902,1.1429859248467729,5.444340515783219,0.8731315661219714,0.047378538527159286,0.4764101728208451,0.21794871794871795,0.23201775335152253,0.9093839941886568,0.0,2550,11700,intercept_resend
0.09705769965609476,-2.2341684473423897,0.5942586774038006,-0.04521741665826573,1.157429221007946,5.781824351206578,0.7882454189070194,0.5785717330252392,0.4595987214055701,0.22367521367521367,0.6645255703029458,0.8528232473257868,0.0,2617,11700,intercept_resend
0.23872990983927872,-1.401644941324823,1.4267821834213672,-0.0763218784661106,0.7355376262122829,8.676689733034479,0.7930591534256111,0.010107377409644807,0.7929217766291177,0.21803418803418803,0.8823109054464178,0.9599660450795741,0.0,2551,11700,intercept_resend
0.2205050885789672,-1.6685134744297239,1.1599136503164664,0.08745149704615818,0.8375750491472291,7.152408166129291,0.7070936943213093,0.6966382616822778,0.7610887080324337,0.22675213675213676,0.6003221654439099,0.9652590899082942,0.0,2653,11700,intercept_resend
0.09820031298904539,-2.1745131046229282,0.653914020123262,-0.09840916228969876,1.0747888216624752,4.760455709858924,0.8914138180176276,-0.2721602428774953,0.4632646215547261,0.21846153846153846,0.35978785055776197,0.9751202298740377,0.0,2556,11700,intercept_resend
0.13970293054997993,-2.0661343421451486,0.7622927826010417,0.027986333747151093,1.0568910704906511,3.588774729827419,0.8580616842760966,-0.2813644804267781,0.5834602844956744,0.2129059829059829,0.3043078416094612,0.8761515710953884,0.0,2491,11700,intercept_resend
0.17509578544061302,-1.9563087184749175,0.8721184062712728,0.11837293166666485,0.9900294699652645,12.025269808476082,0.5237854257681367,0.7755177584707079,0.6692300650075946,0.2230769230769231,0.41415097930407196,0.9653462268845253,0.0,2610,11700,intercept_resend
0.1331245105716523,-2.2639416127058283,0.564485512040362,0.18858044129848262,1.145441211049031,2.9189002626656837,0.9217714900305403,0.036243089913438574,0.5659453209395385,0.2182905982905983,0.3049861402699035,0.8805503871041374,0.0,2554,11700,intercept_resend
0.24244771494965142,-1.4027746090989524,1.425652515647238,-0.0541611290545847,0.7177583904446208,2.7917224695538954,0.873855083765072,0.18338630441360274,0.7990871043364749,0.2206837606837607,0.8411318725370932,0.8763601791238645,0.0,2582,11700,intercept_resend
0.10003746721618584,-2.2018576839677513,0.626569440778439,-0.06067206924810353,1.1062060606060604,4.414733387414861,0.8706198292097618,-0.048078996115477314,0.4691143506044956,0.22811965811965812,0.16309268969824942,0.8647226875299002,0.0,2669,11700,intercept_resend
0.1062992125984252,-2.2733783479033365,0.5550487768428538,0.046270375662242014,1.1301882104119594,6.6590185248487614,0.5368562513572157,0.8093082173767835,0.48865134356960155,0.2170940170940171,0.24326444300615657,0.9589648691112668,0.0,2540,11700,intercept_resend
0.2057915057915058,-1.6271858405336717,1.2012412842125186,-0.03710873016640326,0.8831575810011307,5.619293445456051,0.6144287171170044,0.7476212577034416,0.7333609649073412,0.22136752136752136,0.5253100571291122,0.9568231299116426,0.0,2590,11700,intercept_resend
0.04187669639395114,-2.6114807408613547,0.21694638388483556,0.019943984065989184,1.337586232211831,4.825479102943233,0.8625842973197015,-0.3006565037965392,0.2508315797003887,0.22042735042735043,0.10421017822697386,0.9181567361126404,0.34631609347427206,2579,11700,intercept_resend
0.21991541714725105,-1.6189398301711388,1.2094872945750514,0.034542167443265104,0.8010173152883556,5.233225731630817,0.8862031270433424,-0.0418854568709715,0.7600130270827452,0.22230769230769232,0.78630463350701,0.9219429128182207,0.0,2601,11700,intercept_resend
0.030864197530864196,-2.6417694996334067,0.1866576251127836,-0.01206335815314219,1.3239993534038539,3.2688094742694185,0.8772697402909875,-0.06323200285273511,0.1987074223264627,0.22153846153846155,0.13248275742939983,0.989783493611967,0.4409563049665771,2592,11700,intercept_resend
0.17256970610399397,-1.765086701715815,1.0633404230303753,-0.08713874772234576,0.8877172739241705,4.753850713282201,0.8829856958338347,-0.14149387356661083,0.6635495538615962,0.22683760683760684,0.635153887831928,0.9294464241207118,0.0,2654,11700,intercept_resend
0.18550506947052198,-1.6934575895421093,1.134969535204081,-0.08559439466737939,0.8545221113596144,11.22210438401127,0.6971991039671603,0.6536634340561173,0.6919731342342744,0.22760683760683761,0.847180007625691,0.9570172752977004,0.0,2663,11700,intercept_resend
0.05013602798289934,-2.552672136631952,0.2757549881142385,0.007857214833494552,1.2814944381117095,4.997312703348531,0.8253761352899098,-0.13250573355195858,0.2869745133674669,0.21991452991452992,0.29871571593817176,0.8913085003026794,0.23321377165185764,2573,11700,intercept_resend
0.22562141491395793,-1.6526258260117663,1.175801298734424,0.10050616099808263,0.84874647678386,5.208294879502089,0.8496362843227518,0.0502315371500891,0.7703000054202644,0.22350427350427352,0.8113542282363262,0.9610470513344536,0.0,2615,11700,intercept_resend
0.11929029822574556,-2.0997005558467334,0.7287265688994569,-0.05391873845793471,1.0890784010667636,3.436297118653577,0.7796963547822687,0.419691937403128,0.527317402992838,0.22641025641025642,0.28907250037584475,0.8840845605303262,0.0,2649,11700,intercept_resend
0.14725105728565935,-2.0299355325378157,0.7984915922083746,0.034486176940253355,1.0045508307519009,6.055405966870966,0.9025940379320145,0.022023183264752794,0.6029181045750822,0.22230769230769232,0.46926755517405583,0.9350263251713515,0.0,2601,11700,intercept_resend
0.10522182960345504,-2.388700190872048,0.4397269338741423,0.15549762005752576,1.1581570996059207,4.8947970430479275,0.8683156623360685,0.16749324344009142,0.4853331480989708,0.21769230769230768,0.28047712688161885,0.9364717553074522,0.0,2547,11700,intercept_resend
0.09211037699183833,-2.314936907474768,0.5134902172714222,0.00756476023720376,1.1648202049140775,2.3256526325659737,0.820185757204845,0.03639738775430745,0.443475026796914,0.21991452991452992,0.13697617346445803,0.8728531375518108,0.0,2573,11700,intercept_resend
0.12201693610469592,-2.260092788604366,0.5683343361418243,0.12189768737206519,1.146836251475987,3.745080330613052,0.8693363365655002,-0.17528807849940503,0.5351308306606688,0.22205128205128205,0.40770518763204344,0.9716626396436686,0.0,2598,11700,intercept_resend
0.10130074891604257,-2.299054116228884,0.5293730085173065,0.04367056346516973,1.2024364691700604,5.260548109912308,0.5110399201279964,0.8816894919350652,0.4731053611070516,0.21683760683760683,0.6295475445181995,0.9363314216035967,0.0,2537,11700,intercept_resend
0.21940298507462686,-1.5787542235144971,1.2496729012316932,-0.008542192760976786,0.8077764991596212,7.8210381149275285,0.8333840652140688,-0.17013700491905576,0.7590758719897677,0.22905982905982905,0.8161358569693101,0.9405722116112452,0.0,2680,11700,intercept_resend
0.15529865125240847,-1.9546296202737918,0.8737975044723985,0.0047043308052237,1.0057464689366529,6.823430786639256,0.6287944879154321,0.8357044098210294,0.6229428520135494,0.22179487179487178,0.16257132444118766,0.8604273859652699,0.0,2595,11700,intercept_resend
0.0676309616888194,-2.373062837393091,0.4553642873530994,-0.07278579432644516,1.1937296946068876,2.640102358992061,0.8342988269485104,-0.309659893538936,0.3570200163325137,0.21863247863247864,0.1008105018296953,0.8912739998933352,0.0,2558,11700,intercept_resend
0.15644171779141106,-2.0609223840400825,0.7675047407061077,0.11746325538012359,1.0458804588880057,4.564771786741309,0.5208081925067412,0.8101153435652679,0.6257286457836778,0.2229059829059829,0.6481456274239497,0.9374721223523864,0.0,2608,11700,intercept_resend
0.21355547141234382,-1.6532622417964817,1.1751648829497086,0.03288729301155713,0.838412913694765,9.074160745055469,0.7112767424221833,0.7010419553179574,0.7482241529950926,0.22572649572649572,0.6628733443016792,0.8644011676212967,0.0,2641,11700,intercept_resend
0.2123447204968944,-1.3752308076681714,1.4531963170780189,-0.25199318257789005,0.7285643318430204,6.47037332322322,0.8960082272904477,-0.09243236498560975,0.7459407475541397,0.22017094017094016,0.7879936112364647,0.8769613391264452,0.0,2576,11700,intercept_resend
0.1745318352059925,-1.8941628509305026,0.9342642738156877,0.05303687984103478,0.9678717699780754,2.6080576326240807,0.8817749905270476,0.05358239866661958,0.667967436200487,0.2282051282051282,0.49739539107437236,0.8803698838836858,0.0,2670,11700,intercept_resend
0.17294117647058824,-1.8156299000557707,1.0127972246904196,-0.03449419566056067,0.920700446792984,3.9112931365636943,0.8998467936010714,-0.3100031171460921,0.6643889219910195,0.21794871794871795,0.4679150919172147,0.8594471052813312,0.0,2550,11700,intercept_resend
0.1188943581976524,-2.215225658602825,0.6132014661433653,0.05936658926769356,1.1371999042884111,8.90083874927646,0.5505090470374698,0.827939781882704,0.5261743593741292,0.22572649572649572,0.47713498316288705,0.9571899255503243,0.0,2641,11700,intercept_resend
0.18838241226300928,-1.7553630253448307,1.0730640994013596,-0.007412250061729964,0.8728376643375104,5.2852886778619474,0.8335371290270019,-0.21970322547862442,0.698075300688121,0.21188034188034188,0.6656227482650647,0.9252134787967761,0.0,2479,11700,intercept_resend
0.2545523520485584,-1.3251576847939237,1.5032694399522666,-0.06330388554809852,0.6832921914889127,5.63889184388717,0.9217865354490101,-0.09203920434931984,0.8184140222303007,0.2252991452991453,0.876127337234302,0.9106531877779047,0.0,2636,11700,intercept_resend
0.2579558217895919,-1.4136022582750887,1.4148248664711016,0.04439362020065074,0.7710014396110163,6.270600503540327,0.8544940651732067,0.15094366484467536,0.8236459862371779,0.22829059829059828,0.8196914644034874,0.974051060831703,0.0,2671,11700,intercept_resend
0.21126228269085412,-1.5866506181515583,1.241776506594632,-0.04669656499741337,0.8209533357637623,5.571744440526939,0.8350612714975931,-0.27347782325224657,0.7438886291025925,0.22615384615384615,0.8285411066913059,0.9848713612134854,0.0,2646,11700,intercept_resend
0.041309431021044424,-2.58687761508218,0.24154950966401012,-0.007868079248502635,1.3162413751976487,5.592559592791225,0.7858055493754269,0.6210159011742309,0.24826400351480313,0.2193162393162393,0.15207657190630403,0.9474657427589961,0.3158605812373053,2566,11700,intercept_resend
0.21845794392523366,-1.5569716550678496,1.2714554696783407,-0.035670721249514425,0.7824861050098364,6.492977383217727,0.5807874219569789,0.6484713801534584,0.7573417410411873,0.2194871794871795,0.5465014649610701,0.8545080936697252,0.0,2568,11700,intercept_resend
0.06931464174454828,-2.4251053191316734,0.4033218056145169,-0.01121897990982701,1.2061860269538651,2.15029585640761,0.8767887945464167,0.026469789614180665,0.3633608077738592,0.2194871794871795,0.11953142762252399,0.9218647675497637,0.009279421248414854,2568,11700,intercept_resend
0.10576164167324388,-2.263835769979498,0.5645913547666921,0.03368683736588807,1.1368552695049399,2.5934444979747684,0.844541041188998,0.15033194621626905,0.48699791037523266,0.2165811965811966,0.1612947380479411,0.8587872807418991,0.0,2534,11700,intercept_resend
0.09950057625816365,-2.1634511506516567,0.6649759740945336,-0.10211571646159978,1.0961456220943866,7.0002919352915525,0.6623504530304274,0.7013948938743476,0.46741045569087114,0.22247863247863248,0.30689498457607467,0.9285564587195422,0.0,2603,11700,intercept_resend
0.1163776493256262,-2.2821932903711977,0.5462338343749926,0.11209756575861007,1.1922833546963476,6.264482850673088,0.5734466853745013,0.7712446279147844,0.5188581073165598,0.22179487179487178,0.2197761225638397,0.8837522367845294,0.0,2595,11700,intercept_resend
0.20576619273301738,-1.7411244276203348,1.0873026971258555,0.07668666463778218,0.9238599969498247,6.2407076220080375,0.815323665053528,-0.10616272143923708,0.7333116437778021,0.2164102564102564,0.7833358309770743,0.985835307004466,0.0,2532,11700,intercept_resend
0.15574096146205801,-1.9962753445967678,0.8321517801494225,0.04885213951724943,1.0248768984657866,3.331994924531077,0.8097660332008227,-0.23533452243730962,0.6240225160767252,0.21512820512820513,0.44467383173648545,0.894259048342599,0.0,2517,11700,intercept_resend
0.20143072289156627,-1.6484777872760488,1.1799493374701415,-0.04048509670266265,0.8675185063167676,6.568095195961342,0.6600908964584432,0.7042765009535861,0.7247803285157276,0.227008547008547,0.676513301061695,0.9667488299481556,0.0,2656,11700,intercept_resend
0.23686214775323686,-1.527163325785302,1.3012637989608884,0.03863084810090189,0.7928471783970505,5.970743002239001,0.8850112070096946,-0.13664797119766894,0.7897830849049081,0.22444444444444445,0.8958907100222974,0.9888189188993477,0.0,2626,11700,intercept_resend
0.2045795795795796,-1.6409818121469548,1.1874453125992355,-0.0301684484951259,0.8513547154323853,9.74670241464885,0.7046871416690066,0.5740963892963736,0.7309932355871537,0.2276923076923077,0.7075516108560881,0.8643068522393077,0.0,2664,11700,intercept_resend
0.18543799772468714,-1.7394174168533,1.0890097078928902,-0.04001398244663523,0.9064269960756701,7.9856732424398,0.7226627988759111,0.5900101666111819,0.6918299516611819,0.22538461538461538,0.3723464329462963,0.932787249811983,0.0,2637,11700,intercept_resend
0.08410138248847926,-2.3130808552411644,0.5153462695050259,-0.03959700658688803,1.1781132011723865,6.92436811826099,0.6008919852778367,0.7459307354961621,0.41646830884452907,0.22256410256410256,0.3682606794794524,0.9495592875168224,0.0,2604,11700,intercept_resend
0.17072243346007604,-1.8389888287964604,0.9894382959497299,-0.023686372747418583,0.9295877517037834,6.715301894174541,0.8869432702297007,-0.054233517712647665,0.6593547354457288,0.2247863247863248,0.5482045020529775,0.9106119080818591,0.0,2630,11700,intercept_resend
0.2519113149847095,-1.2646680590860098,1.5637590656601805,-0.13873347299371308,0.7035395324402417,4.80752806066179,0.8642042186124019,0.1638578211239895,0.81429345655429,0.2235897435897436,0.8041170466581418,0.8639712142428613,0.0,2616,11700,intercept_resend
0.1344286781179985,-2.0797477096023678,0.7486794151438225,0.011764023921621014,1.0571964424872315,4.468256078157079,0.7987259730762839,-0.017277255036553342,0.5694599468509407,0.2288888888888889,0.3976204542372386,0.9114433016293266,0.0,2678,11700,intercept_resend
0.15202835762111067,-1.8919721160805474,0.9364550086656429,-0.07645274781331568,0.9663570071153931,5.013146439758176,0.847905052769522,0.002646705524371971,0.6148930793491467,0.21700854700854702,0.48984909292553114,0.8940409892558701,0.0,2539,11700,intercept_resend
0.167427701674277,-1.8556559009681508,0.9727712237780395,-0.025657118079162933,0.9454648588622152,3.515667393637722,0.8523397412569191,-0.18285965971168472,0.6517864858090252,0.2246153846153846,0.613011090284118,0.9367779610276448,0.0,2628,11700,intercept_resend
0.1422172452407615,-2.100849612468632,0.7275775122775583,0.07692471581374338,1.1067274273909344,6.303086561476018,0.7623581357993587,-0.34128766699842267,0.5900162520477826,0.22897435897435897,0.510118847617948,0.9549559023683851,0.0,2679,11700,intercept_resend
0.1518987341772152,-1.9381017978351869,0.8903253269110034,-0.031056326988109895,1.0071587996834137,3.6764436810722603,0.8052363204977945,-0.1152728279881657,0.6145715612236267,0.22282051282051282,0.5611135516533108,0.977072340664696,0.0,2607,11700,intercept_resend
0.2469230769230769,-1.4108722869798358,1.4175548377663545,-0.020746980776312984,0.7100837138508371,4.346267349621024,0.9146764021225436,-0.12008208361350746,0.806364793355604,0.2222222222222222,0.5340095474180103,0.9841745334686427,0.0,2600,11700,intercept_resend
0.1079740557039298,-2.2859750992498165,0.5424520254963738,0.0683414703473284,1.1757493888158812,5.751046578667079,0.9002992492727697,-0.2178234158797649,0.4937746920115785,0.22401709401709402,0.13648562812779064,0.864140538720774,0.0,2621,11700,intercept_resend
0.18054474708171206,-1.8160422843284356,1.0123848404177547,0.008930479334955388,0.941642051049004,8.19098666602045,0.679663690690346,0.7068978770385381,0.6812673000270174,0.21965811965811965,0.333367182635598,0.907828608448968,0.0,2570,11700,intercept_resend
0.22532517214996176,-1.5544703582846278,1.2739567664615625,0.0006748911325507034,0.7892226824938211,2.970754863045003,0.8508547548679374,0.07139538036177549,0.7697725870917898,0.2234188034188034,0.8002816410065229,0.9218278507663313,0.0,2614,11700,intercept_resend
0.25469888761028003,-1.3218175722990952,1.506609552447095,-0.06581506772790013,0.6792391650148055,7.51930555089654,0.91330074137935,-0.1599398518023099,0.8186410919288505,0.22282051282051282,0.5782592740884137,0.9537773534429878,0.0,2607,11700,intercept_resend
0.14742109314857582,-1.9482937246445275,0.8801334001016627,-0.046193762859329635,1.0150722981351823,4.256180815144067,0.891048317318887,-0.10966268043588161,0.6033487827295855,0.22205128205128205,0.6369500864453945,0.983106806281487,0.0,2598,11700,intercept_resend
0.09267734553775744,-2.3694235531514,0.4590035715947902,0.06525866434214667,1.180335896621883,5.818397828967769,0.8039420769422659,0.15888678737353068,0.445343868348528,0.2241025641025641,0.16908626917767888,0.8892213056873381,0.0,2622,11700,intercept_resend
0.0885195206803247,-2.354596618367613,0.47383050637857727,0.02691152034494637,1.1999972863939794,7.143303867354046,0.5703465786115968,0.7237957725556614,0.43150876910589264,0.22111111111111112,0.46934031600698767,0.9199969425508623,0.0,2587,11700,intercept_resend
0.22022647403358064,-1.702158879130672,1.1262682456155182,0.11952081987206586,0.8421175247755417,4.570489143161047,0.8639045819449069,0.12404079119736708,0.7605808223344726,0.21888888888888888,0.8284345776772938,0.9866430016218399,0.0,2561,11700,intercept_resend
0.10170132325141777,-2.320527998346977,0.5078991263992134,0.06741043621456733,1.1602971850166348,9.701239280055043,0.641993935747539,0.724714316203215,0.47436557730371276,0.22606837606837607,0.45348976360287196,0.9617072407236888,0.0,2645,11700,intercept_resend
0.27160968113714945,-1.3320071119909904,1.4964200127551999,0.04003636618875439,0.71746051684957,4.9202861366594925,0.83403713916989,0.2825127835720429,0.8437649563306031,0.22247863247863248,0.8295347981940123,0.8823561946141106,0.0,2603,11700,intercept_resend
0.05898021308980213,-2.5250056167642043,0.30342150798198597,0.03022096107102712,1.2624840885226662,2.692868527078368,0.8461687265793008,-0.1321897238908202,0.32338337400808953,0.2246153846153846,0.10436876565213345,0.8909277433157641,0.16276993724169841,2628,11700,intercept_resend
0.202734375,-1.5409923857434578,1.2874347390027325,-0.14059592826580047,0.7538637641415183,5.7796826624197095,0.6136569267121956,0.6571194596764982,0.7273632506562999,0.2188034188034188,0.7477027636678111,0.9100816705148073,0.0,2560,11700,intercept_resend
0.14891944990176817,-1.9377070718980423,0.890720052848148,-0.048304429839262975,1.0053501263279483,5.344396357266038,0.6393962882348947,0.778853083569864,0.6071296088347746,0.21752136752136753,0.7206190950920236,0.9646941073132852,0.0,2545,11700,intercept_resend
0.223328025477707,-1.6014651604312347,1.2269619643149556,0.0363721256393541,0.8230483311100465,5.507788833628797,0.8198017126589959,0.15251363620942196,0.7661979881226209,0.2147008547008547,0.8046033546487855,0.921598705082266,0.0,2512,11700,intercept_resend
0.05715367146101438,-2.4977282290491982,0.33069889569699207,-0.007388906418661634,1.2755703098399729,4.098435216652905,0.5678778418071544,0.9138732165309916,0.3160408687774821,0.2258119658119658,0.4116710038979664,0.989242983211041,0.13774108079678504,2642,11700,intercept_resend
0.10891870560378848,-2.1757910327729038,0.6526360919732865,-0.036498849329286376,1.102388323750553,7.175732479741352,0.6353358662708237,0.6858324220717804,0.4966458081636151,0.2165811965811966,0.12619247357364724,0.8557001088998831,0.0,2534,11700,intercept_resend
0.1606395127521888,-2.041567654325509,0.7868594704206813,0.12185483992792334,1.0371862509992007,4.88518206574918,0.7463830651154515,0.20299888302342578,0.635837279455901,0.22452991452991453,0.4549818134181004,0.90790035492932,0.0,2627,11700,intercept_resend
0.08742746615087041,-2.4895054306374402,0.33892169410875006,0.1556427393091524,1.287363167707405,4.20610547579798,0.882493206358228,0.002761871056070558,0.42782423814321585,0.22094017094017093,0.26799650303335004,0.9632765807378221,0.016414952757448753,2585,11700,intercept_resend
0.15390534821085033,-1.9955792235714362,0.832847901174754,0.03777222187139917,1.0350114564249258,5.127303957820487,0.7921012604608907,0.261300875083763,0.6195277597565543,0.22213675213675213,0.5545716009298886,0.9467981988836548,0.0,2599,11700,intercept_resend
0.23351023502653526,-1.5266828992256567,1.3017442255205336,0.019189139789286713,0.8006723651449453,6.021811307667093,0.8363384126111143,-0.09081874363730763,0.7840804212470129,0.22547008547008546,0.875654587914651,0.9268118801295092,0.0,2638,11700,intercept_resend
0.165402124430956,-1.8832305790687798,0.9451965456774105,-0.009540835215089416,0.9463410214208936,5.1512577034389375,0.4312255156701543,0.8816452170498879,0.6470779235554007,0.2252991452991453,0.3693790541840122,0.8684705101389186,0.0,2636,11700,intercept_resend
0.1198443579766537,-2.009096558285647,0.8193305664605433,-0.14138850076262344,1.0293752519935833,5.850469089072087,0.8607586825733975,-0.15112031999620787,0.5289133115602275,0.21965811965811965,0.3693903426666437,0.8977707723547989,0.0,2570,11700,intercept_resend
0.0815686274509804,-2.3377625672190767,0.4906645575271136,-0.029242720705774605,1.1830876704784266,4.458675039718302,0.7392201826763917,0.8325007686975776,0.40768237266104657,0.21794871794871795,0.36427051020870793,0.8857569265706304,0.0,2550,11700,intercept_resend
0.1862014896119169,-1.6293834386878032,1.199043686058387,-0.14572899828540353,0.8227619924214351,5.203207836835778,0.8918093933771332,-0.22967236217954695,0.693457292932281,0.21803418803418803,0.7562337779937501,0.9574791210088366,0.0,2551,11700,intercept_resend
0.20220030349013657,-1.735348239193558,1.0930788855526323,0.05073876049419579,0.9061038237042343,5.396904853206062,0.5318597963725075,0.811051028246927,0.7263069347608693,0.2252991452991453,0.815506222583636,0.961989706813856,0.0,2636,11700,intercept_resend
0.2926070038910506,-1.200433690381507,1.6279934343646834,0.027241739027639822,0.6699360115716813,5.4282028992505245,0.812367197268956,-0.2444443769842853,0.8720651169503183,0.21965811965811965,0.8776872327606875,0.8548739101894738,0.0,2570,11700,intercept_resend
0.29015544041450775,-1.2013395671233553,1.627087557622835,0.01427947849930633,0.6185016074174161,4.891489066694981,0.9288222037592411,0.07873249252218592,0.8689219543622877,0.21444444444444444,0.6955027992284513,0.8681694086040473,0.0,2509,11700,intercept_resend
0.13252064490758947,-2.192361605330863,0.6360655194153271,0.11358445387564142,1.1208548420400577,4.792277213945415,0.8528372138327092,-0.20627441461528212,0.5643107604483146,0.21735042735042734,0.4471576391598211,0.9758917351397645,0.0,2543,11700,intercept_resend
0.1941747572815534,-1.7309380259780136,1.0974890987681767,0.0009292021041302778,0.9072170458824815,5.02065147423068,0.43869575779232284,0.8437084378210482,0.7101234912653349,0.22008547008547008,0.21614193960447398,0.8565257494831557,0.0,2575,11700,intercept_resend
0.1076388888888889,-2.2140528411962075,0.6143742835499828,-0.005476777528233612,1.1433987064004218,10.385877921306601,0.5927566735854436,0.7770904988936208,0.4927527973977991,0.22153846153846155,0.37257605599054777,0.9675681226112506,0.0,2592,11700,intercept_resend
0.053062817011314864,-2.5842489912155755,0.2441781335306148,0.0559904883698783,1.3513460568505242,10.915617467379105,0.7372114099220035,0.6227158042881425,0.29926779583631113,0.21905982905982907,0.6458496541321442,0.9609350118450902,0.26140192242882576,2563,11700,intercept_resend
0.2167563412759416,-1.5435112156651536,1.2849159090810367,-0.05875687882980585,0.7970811393507193,5.039141821813056,0.685061351724552,0.6490223067466533,0.7542002921217739,0.2223931623931624,0.7273815900829382,0.9000058799984475,0.0,2602,11700,intercept_resend
0.19431643625192013,-1.7327091550960545,1.0957179696501358,0.0035017885077539557,0.8836566727276669,9.126698571422986,0.7035692489520925,0.6073531886818728,0.7104142814442729,0.22256410256410256,0.6723772276974664,0.8901592806874606,0.0,2604,11700,intercept_resend
0.2087912087912088,-1.5373198961360504,1.29110722861014,-0.11000579190293935,0.7966752950951597,6.140996678072726,0.8002051519254065,0.18007557100542218,0.739165817569305,0.22555555555555556,0.6816366000322016,0.8785675589607149,0.0,2639,11700,intercept_resend
0.06962509563886764,-2.409905038754508,0.4185220859916825,-0.02466306785564054,1.213708892223457,4.238228002064351,0.7999488028622086,0.7707175451263939,0.364523021353596,0.2234188034188034,0.1318120723133145,0.8924339694396406,0.0,2614,11700,intercept_resend
0.23858674077014688,-1.347801519271735,1.4806256054744553,-0.13097518707631317,0.7277461451208966,4.565973402226757,0.9108536414656981,-0.16772970305716192,0.7926821692462707,0.2152991452991453,0.7983518862983968,0.9545190427722248,0.0,2519,11700,intercept_resend
0.22583170254403132,-1.552464789569727,1.2759623351764633,0.0015346910298392746,0.7809627955578236,4.695343588115607,0.9057775120843593,-0.3418948851599352,0.7706739529795963,0.21837606837606838,0.7599249543758212,0.8906857767315933,0.0,2555,11700,intercept_resend
0.2069368667186282,-1.5945571248185455,1.2338699999276448,-0.06325830605373439,0.8573714172470004,4.5957053160969075,0.8301348675683133,-0.043194154189957853,0.7355867290356681,0.2193162393162393,0.6628391472992242,0.8795083551109394,0.0,2566,11700,intercept_resend
0.21136012364760431,-1.6380408442452046,1.1903862805009857,0.005247133128199799,0.8320886963170638,7.048942082872311,0.5171233717290887,0.812544852396975,0.7440745354232232,0.2211965811965812,0.8896462337074044,0.9688009333684606,0.0,2588,11700,intercept_resend
0.22052067381316998,-1.592586317184957,1.2358408075612333,0.011612503199720514,0.8321158923567269,6.386657754917698,0.7696230804861955,0.5574524483463474,0.7611170990652334,0.22324786324786325,0.6387100791945639,0.9015996953859441,0.0,2612,11700,intercept_resend
0.11038209185642608,-2.1537110348877473,0.674716089858443,-0.050300684472560864,1.093664613504474,9.267685765392265,0.6886285378525172,0.5842060962701712,0.5010673878977271,0.22145299145299147,0.49616229518030897,0.939233136147233,0.0,2591,11700,intercept_resend
0.15393430099312452,-1.980548414118014,0.8478787106281762,0.022905194087419645,1.0110759493670887,4.783854596917319,0.8850747497231184,-0.05132894726243976,0.6195989435106939,0.22376068376068375,0.5953140923562322,0.9736908451635066,0.0,2618,11700,intercept_resend
0.05647590361445783,-2.4915021721174377,0.33692495262875255,-0.01744899727338467,1.244604625219891,3.251169509009203,0.8261193907092523,-0.11806425624645164,0.3132937325235195,0.227008547008547,0.18988798526033737,0.9858938248427696,0.13325385248106347,2656,11700,intercept_resend
0.2667660208643815,-1.2975120648694451,1.5309150598767451,-0.021858561129895593,0.6892820730116567,7.008010715201306,0.862190430838238,0.008893977462174867,0.8367857061894415,0.2294017094017094,0.5662992541482049,0.922577600431975,0.0,2684,11700,intercept_resend
0.21123509041939206,-1.5994504722681908,1.2289766524779995,-0.034050533597154375,0.8102341642593407,2.3735217691766155,0.8922416490175767,-0.15674044619072564,0.7438369467064787,0.22213675213675213,0.6627922947186045,0.8658423399604401,0.0,2599,11700,intercept_resend
0.225881441301821,-1.5596819528115617,1.2687451719346285,0.009033219175041074,0.8240134118633224,4.333469085431476,0.7604894614909954,0.2820241107048716,0.7707623484011603,0.2205982905982906,0.6666325784914914,0.8611370927201942,0.0,2581,11700,intercept_resend
0.15553809897879026,-1.986768326077308,0.8416587986688824,0.03819755749725373,1.034230122507807,5.89032333421626,0.8039224738507214,-0.37638568179911364,0.623527602496529,0.2176068376068376,0.5567020098311027,0.9526954914464791,0.0,2546,11700,intercept_resend
0.11140383891607075,-2.1794569197557996,0.6489702049903907,-0.01877492540825143,1.1237981453035215,5.832730865872658,0.6542331186871617,0.6605410966834443,0.5041358928247203,0.22709401709401708,0.7674075065532532,0.9345699957397737,0.0,2657,11700,intercept_resend
0.08682406702208682,-2.33944700934595,0.4889801154002402,0.00217097709186298,1.2015208702572209,4.777442885755567,0.6985225715515405,0.6275586903228706,0.4257791690814362,0.22444444444444445,0.6584165230226005,0.9003001225334457,0.0,2626,11700,intercept_resend
0.054373522458628844,-2.499308941482904,0.3291181832632861,-0.021535091683321905,1.2478567754810848,3.2134951235476423,0.8778054729127301,-0.2124167805156634,0.3046925743984339,0.2169230769230769,0.1222143250187065,0.9471579964371275,0.15093497762433616,2538,11700,intercept_resend
0.08411949685534591,-2.320107728419347,0.5083193963268431,-0.032467663075518516,1.168023844744499,3.668862802966583,0.8532792021714843,-0.035285485526589264,0.41653070952104065,0.21743589743589745,0.1209215226604977,0.8907733977280027,0.0,2544,11700,intercept_resend
0.13444049031237643,-2.11582972658522,0.7125973981609701,0.04791286076643564,1.079840377371145,6.953181910048354,0.8734918800827652,-0.15402047122366602,0.5694916831286755,0.21615384615384614,0.4609877454711927,0.9654093690955076,0.0,2529,11700,intercept_resend
0.022264875239923224,-2.7644503901304396,0.06397673461575071,0.06197241949962651,1.430970625798212,2.824244979089371,0.849611340516006,-0.10321643733978848,0.15397498120280995,0.22264957264957264,0.15324416451998701,0.9486239063917871,0.6886669686764835,2605,11700,intercept_resend
0.21853775469436676,-1.7166541789228729,1.1117729458233174,0.12446328049403466,0.8700826864761291,3.8910078120962712,0.8464429242642515,-0.20414601363496707,0.7574884835772262,0.21393162393162393,0.7993494883827352,0.9506815155243789,0.0,2503,11700,intercept_resend
0.23703703703703705,-1.3608934247820055,1.4675336999641848,-0.1266497297141389,0.7136853371562955,6.850120488283208,0.8198003405395321,0.054023247948428325,0.7900781577925235,0.21923076923076923,0.8332198657205434,0.9855844189232957,0.0,2565,11700,intercept_resend
0.16970873786407767,-1.8677883370268502,0.9606387877193401,-0.0006211927569437226,0.9433157908840626,3.7529027521531364,0.3671918207528623,0.830826001179478,0.6570380604071974,0.22008547008547008,0.5714953796569506,0.9435157546551729,0.0,2575,11700,intercept_resend
0.16345776031434184,-1.9398780127323452,0.8885491120138451,0.03610761403284646,0.9719643235071806,2.7333064993117895,0.9191547373726896,0.018516956445292054,0.6425178144814748,0.21752136752136753,0.4868793608297882,0.8943542946459209,0.0,2545,11700,intercept_resend
0.2164266251459712,-1.6726607449152664,1.155766379830924,0.0685274943293579,0.8207935606981447,4.2727922524460755,0.8476782223928425,-0.46354061252037027,0.7535887384598177,0.21957264957264958,0.7776237348713381,0.9835597099934779,0.0,2569,11700,intercept_resend
0.07532667179093006,-2.3470114065299224,0.48141571821626794,-0.05530371479562746,1.2076845009184454,3.342914377290228,0.8936617586382227,0.22638932371841175,0.38549445492985496,0.2223931623931624,0.19727122367154087,0.9430899145635961,0.0,2602,11700,intercept_resend
0.14796310530361262,-1.973125670290257,0.8553014544559332,-0.01829573345110358,0.9894730786930511,2.6929337059706273,0.8416235162293919,-0.07751593051950217,0.604719413766223,0.2223931623931624,0.41280830903389953,0.8906825133126772,0.0,2602,11700,intercept_resend
0.20446096654275092,-1.6389346196592167,1.1894925050869736,-0.03288661764429368,0.8635577978651344,4.545827463255423,0.8648774978098972,0.050200341789032966,0.7307608036952794,0.2299145299145299,0.7299093660626107,0.9225572085445978,0.0,2690,11700,intercept_resend
0.06018168054504164,-2.49206273687265,0.3363643878735405,0.004074607459271018,1.277240255971344,4.859771295640025,0.8397307537227218,0.19283413347414705,0.3281657012667716,0.2258119658119658,0.1587127654859165,0.9662164163502982,0.11903095923449436,2642,11700,intercept_resend
0.10193255020841228,-2.1963966069821708,0.6320305177640195,-0.055412937955967134,1.1025929911175814,2.9606416961801347,0.9184090335966293,0.0728683884170897,0.4750918686344705,0.22555555555555556,0.11387327247556325,0.856132775262847,0.0,2639,11700,intercept_resend
0.23142414860681115,-1.5396875279944064,1.2887395967517838,0.020393081729811913,0.7754056845003934,6.831409477348734,0.8195252273549891,-0.10410766958085137,0.7804856652504972,0.22085470085470085,0.8628251309436699,0.9722014013355149,0.0,2584,11700,intercept_resend
0.2312792511700468,-1.5151255840638718,1.3133015406823185,-0.004988525881623795,0.7541841641514032,6.687424714685824,0.881310124075068,-0.016716862169798695,0.7802346687004529,0.21914529914529915,0.8012351218304845,0.8931890447562951,0.0,2564,11700,intercept_resend
0.009012539184952978,-2.8068808032423784,0.02154632150381186,0.02943629908330614,1.4095763182622871,5.495595462623068,0.8737262238186785,-0.054332733480194996,0.0741734219640694,0.2181196581196581,0.12054536586414716,0.9803113550540211,0.8610696748453183,2552,11700,intercept_resend
0.17461538461538462,-1.7594057475229519,1.0690213772232384,-0.08124759673495352,0.8838713823119697,2.1115852618045,0.8549454964773988,-0.4016566705169052,0.668154695833674,0.2222222222222222,0.5620199040886472,0.8858794342711963,0.0,2600,11700,intercept_resend
0.23198109491925956,-1.5749648892599466,1.2534622354862437,0.05882100710966509,0.8068885623175829,4.556613423409533,0.8601383409519587,-0.04530008617222951,0.7814488430668681,0.21700854700854702,0.7337983958442699,0.8730449144263714,0.0,2539,11700,intercept_resend
0.16704980842911876,-1.767371908555205,1.0610552161909852,-0.1160787975018367,0.9005208207832621,10.561254306160258,0.6791778180653383,0.535697453215718,0.650911287314676,0.2230769230769231,0.1720694435563936,0.9547572170070358,0.0,2610,11700,intercept_resend
0.0656188605108055,-2.55544315944016,0.2729839653060302,0.09821236462136751,1.2725000839199045,3.6575907171079725,0.9299866678062358,0.03478328392548939,0.3493571746611573,0.21752136752136753,0.1734935541379124,0.9501683470404261,0.17431113954303967,2545,11700,intercept_resend
0.17214043035107587,-1.807865361608008,1.0205617631381823,-0.04678843819725165,0.9082232866287658,9.531665045711158,0.677037663965405,0.7118827013739334,0.6625778329886055,0.22641025641025642,0.8396204807564522,0.9517580220981603,0.0,2649,11700,intercept_resend
0.13566328447951898,-2.117264598717928,0.7111625260282621,0.05626490127979844,1.0828268386987725,8.579617839938209,0.47172839685153745,0.8624078693665826,0.5727676766008502,0.22743589743589743,0.648976378381528,0.8930578894172283,0.0,2661,11700,intercept_resend
0.21719284899201216,-1.6992755694453197,1.1291515553008706,0.09947673547895053,0.8931039366490761,1.989707016524514,0.8176888236495929,-0.07573757438679339,0.7550085006538122,0.2247008547008547,0.7880364395980418,0.9704937839372039,0.0,2629,11700,intercept_resend
0.106456571867794,-2.2576865459483066,0.5707405787978836,0.03146873215883783,1.1680958704863087,5.254346902079316,0.8273875915559787,-0.1183916987356798,0.4891345099583668,0.2223931623931624,0.3771659340448823,0.9460184054515051,0.0,2602,11700,intercept_resend
0.24750192159877019,-1.4196426819486012,1.408784442797589,-0.008702145844056153,0.7322612864929071,6.844637207585483,0.8314360024912855,-0.09310129249809251,0.8072947022789605,0.2223931623931624,0.8418294423778102,0.8535137630667093,0.0,2602,11700,intercept_resend
0.08166470357283079,-2.516609611485294,0.31181751326089646,0.15014781217860707,1.2826672083075383,3.6026989279012565,0.894633656449054,-0.085472164454807,0.40801788593431443,0.21769230769230768,0.22284586249678215,0.963148743408059,0.06805106694356566,2547,11700,intercept_resend
0.23092289252896525,-1.4532193392732935,1.3752077854728968,-0.06891063956534738,0.7371262699564587,6.70710978345877,0.9090635439668246,-0.0801926495043483,0.7796166465475318,0.21393162393162393,0.867993685413884,0.96910794315567,0.0,2503,11700,intercept_resend
0.22384615384615383,-1.4902924485862068,1.3381346761599835,-0.07186960954284305,0.7597233745027279,3.400757228369594,0.8360345742403652,-0.06565030817139784,0.7671285402045667,0.2222222222222222,0.8772617256458478,0.9731355437779328,0.0,2600,11700,intercept_resend
0.054482225656877895,-2.5693967946801552,0.25903033006603504,0.04916767966287727,1.3058749315622844,3.064072746658136,0.8710660439040979,0.3705611921857023,0.30514029788721525,0.2211965811965812,0.1632499418995308,0.9766411513626568,0.23625956632302825,2588,11700,intercept_resend
0.0418426103646833,-2.6011401065192437,0.22728701822694664,0.009410530024366093,1.344779045714854,8.863728324618597,0.8249020991729396,0.8120904996208753,0.2506776265782096,0.22264957264957264,0.3976944077359509,0.9778058021035125,0.3324356551714164,2605,11700,intercept_resend
0.1927342256214149,-1.816221631784804,1.0122054929613864,0.07806393026773772,0.9302506745833118,3.9294460001982543,0.45702122607802464,0.7662331095767095,0.707156334778738,0.22350427350427352,0.38360839706568084,0.941267597518463,0.0,2615,11700,intercept_resend
0.1146275569278271,-2.006981654970388,0.8214454697758025,-0.17301408725969392,1.0091963473534666,2.8975780642354043,0.8371967976711399,-0.13069571618590622,0.5137181802811635,0.22145299145299147,0.35293155082630157,0.8910761886193659,0.0,2591,11700,intercept_resend
0.13870592793490896,-2.0230558970320383,0.805371227714152,-0.020732009845778165,1.0287396674706655,9.746742989206005,0.7085550539975453,0.5099512834762645,0.58083969448622,0.2205982905982906,0.22674163503479516,0.8719293156801455,0.0,2581,11700,intercept_resend
0.07470414201183433,-2.304024985333766,0.5244021394124241,-0.1018116962180966,1.1930603544078722,4.485304939313948,0.8596958428152166,0.2601939934785553,0.38323829830927614,0.2311111111111111,0.13496251684531757,0.899449751691531,0.0,2704,11700,intercept_resend
0.1608662026295437,-1.9892924533568432,0.839134671389347,0.07086199055528963,0.9915284743215615,5.921657699019697,0.8969997238173041,-0.1270911527388398,0.6363777651247204,0.221025641025641,0.6116139680738661,0.9865633832995238,0.0,2586,11700,intercept_resend
0.244010320678216,-1.420464206016944,1.4079629187292464,-0.027632099280681777,0.7412674759654068,5.162349744460268,0.8775420112088403,-0.15423251568494328,0.8016459394080899,0.23188034188034187,0.8272354563485885,0.8598647764289283,0.0,2713,11700,intercept_resend
0.1701388888888889,-1.88541968337283,0.9430074413733602,0.01944345524166291,0.9617930223482105,6.477042711918949,0.8797462702127447,-0.020705157941007336,0.6580223991192425,0.22153846153846155,0.6055810278237425,0.9401832055080308,0.0,2592,11700,intercept_resend
0.012870514820592824,-2.8047491582050164,0.023677966541173934,0.04912865991485127,1.3970287583480987,1.7376971027009824,0.8315834548645206,-0.18091515027377045,0.09927230489839378,0.21914529914529915,0.6521107214662549,0.9657646116871285,0.8306901638588529,2564,11700,intercept_resend
0.11002260738507913,-2.176728875799169,0.6516982489470213,-0.029316394820504854,1.1151826551826551,7.8689382184841055,0.6858139103511125,0.6110279646602736,0.4999841450954947,0.22683760683760684,0.5468098264093258,0.9519035654164019,0.0,2654,11700,intercept_resend
0.1032015065913371,-2.209874025540149,0.6185530992060415,-0.03475721809082044,1.0873918180855842,5.227545146196212,0.8719706550111708,-0.2554041449425904,0.47906274562377593,0.22692307692307692,0.247409335903264,0.8832963833475425,0.0,2655,11700,intercept_resend
0.26622874806800617,-1.396953632118087,1.4314734926281032,0.07454373221743382,0.727636425940204,8.145614651095622,0.9250686396867318,-0.05009188157777715,0.8360009220515676,0.2211965811965812,0.6063292220986716,0.8984623767228163,0.0,2588,11700,intercept_resend
0.1448615851346227,-2.0986828662976205,0.7297442584485698,0.08971661500842254,1.0679485568262745,10.181546885034152,0.6710804525425176,0.7161273978660012,0.5968306094779307,0.22538461538461538,0.42976899104618393,0.9306130505092145,0.0,2637,11700,intercept_resend
0.040776699029126215,-2.694040734384857,0.13438639036133315,0.09628145282185141,1.3596817600258828,5.361642454250226,0.9203889398240949,0.13183953536510853,0.24584206230128994,0.22008547008547008,0.2353210326677002,0.9352667938823197,0.47304448918584874,2575,11700,intercept_resend
0.09503975766755017,-2.181806655749749,0.6466204689964412,-0.10899441196403403,1.1361464854789174,5.015471707076321,0.8604112814650641,0.010262399440723923,0.4530718236163815,0.22572649572649572,0.1363219363340214,0.8577826325391338,0.0,2641,11700,intercept_resend
0.13825070536074163,-2.0286193611355445,0.7998077636106458,-0.01774367349541528,1.0320776485689382,10.961177911028727,0.34701806826905973,0.881845281522006,0.5796391689276249,0.21205128205128204,0.6219775251807423,0.9109875958260164,0.0,2481,11700,intercept_resend
0.1790874524714829,-1.8830818587827367,0.9453452659634536,0.06772635058061915,0.9259308656881258,7.328239958076653,0.4749212619345224,0.7419616589797041,0.6780766569674177,0.2247863247863248,0.4460347972664136,0.9722292592418516,0.0,2630,11700,intercept_resend
0.23970184386033738,-1.4258953756192205,1.4025317491269698,-0.04657335507446114,0.7148264010661429,7.255193733167117,0.8781668009996793,0.08324145664254397,0.7945441044899653,0.21786324786324787,0.8034877169070782,0.8749802823430657,0.0,2549,11700,intercept_resend
0.2633892885691447,-1.373596533850649,1.4548305908955412,0.03512422541759963,0.7527006128644252,4.6907290288682635,0.7599187855275007,0.03725487666503065,0.8318179074680937,0.21384615384615385,0.888706801354995,0.9641970346548103,0.0,2502,11700,intercept_resend
0.004152510381275953,-2.835512906122312,0.0070857813761215915,0.030575927372503475,1.4416173293048073,1.8616546767945763,0.868017463138765,-0.09003407107291457,0.03883218419046582,0.22641025641025642,0.5905044424371318,0.9896105045545301,0.9611678123433363,2649,11700,intercept_resend
0.28201160541586073,-1.2820583216270043,1.546368803119186,0.04892974538369432,0.670257318470674,2.7356284006475082,0.8775827850402598,0.0005728167049251147,0.8581773059716932,0.22094017094017093,0.8706868821963886,0.8634415472330357,0.0,2585,11700,intercept_resend
0.26393072289156627,-1.339546392178333,1.4888807325678572,0.0041368987928953604,0.7212079875803865,7.548841138426948,0.8768834878752683,-0.1697695913173021,0.8326201472045627,0.227008547008547,0.4343102536512162,0.972053227273709,0.0,2656,11700,intercept_resend
0.059855127716355316,-2.585806629532976,0.2426204952132145,0.09597123836295918,1.303126366284261,3.9285891121624568,0.8523462889994212,-0.3023190414039783,0.3268695616842039,0.22418803418803418,0.14921359108640556,0.8984849173110432,0.2358457523277736,2623,11700,intercept_resend
0.22308589195491643,-1.6854729282345051,1.1429541965116852,0.11901017939528202,0.8566108101139247,4.300857358871614,0.8587664014529267,0.1608886068938483,0.7657623539979448,0.21991452991452992,0.7723068886617089,0.9251516562710801,0.0,2573,11700,intercept_resend
0.15734670266101042,-1.9494549575260263,0.878972167220164,0.011115196371386915,0.9954146386687062,7.539420668376286,0.8397471913614034,-0.05002108722352337,0.6279240698305163,0.22162393162393162,0.33252400839619767,0.8572439243977104,0.0,2593,11700,intercept_resend
0.2012937595129376,-1.7389910418538093,1.089436082892381,0.049253376004677385,0.8670417989348544,8.414186033958682,0.7931032961238829,-0.13270141954902276,0.7245080798160315,0.2246153846153846,0.6040516288442583,0.8662932234769491,0.0,2628,11700,intercept_resend
0.01125776397515528,-2.8234007405578656,0.005026384188324684,0.05865714579431458,1.4311393999941637,2.4695464870817205,0.885170797820857,0.042254316544267284,0.08902053804277175,0.22017094017094016,0.37332219987597637,0.979413754240224,0.8921674526500043,2576,11700,intercept_resend
0.21695668271010737,-1.5337129845970021,1.2947141401491882,-0.06742180760474725,0.8483141593992667,6.704186060901125,0.5529432511804254,0.6908818293833885,0.7545714318296253,0.23085470085470086,0.8025708071219395,0.8557015821927271,0.0,2701,11700,intercept_resend
0.20984759671746775,-1.752644599781064,1.0757825249651263,0.1112947442718446,0.9129256492929804,5.998171548572854,0.8733156062260983,0.052417728481363696,0.7411913256361395,0.21871794871794872,0.7524037385024742,0.9624271564986954,0.0,2559,11700,intercept_resend
0.08616780045351474,-2.3709058808585253,0.457521243887665,0.029917444277211214,1.189958108410356,2.8788503779491372,0.8280715060416965,0.29158626332770077,0.42354739656063367,0.22615384615384615,0.22123655985848123,0.9461257505552536,0.0,2646,11700,intercept_resend
0.10876132930513595,-2.21938979333674,0.6090373314094504,0.006209656450748113,1.1368953827054384,7.202632991951185,0.9022968768004693,0.07226012476200612,0.496168411020395,0.22632478632478634,0.39130687670701136,0.9783900145243218,0.0,2648,11700,intercept_resend
0.2068699343882671,-1.6375123649194265,1.1909147598267638,-0.020681692390285278,0.8514553082239565,5.365696372020223,0.8982653862182965,-0.2925121480047333,0.7354569780864031,0.22145299145299147,0.6536695579688214,0.8741467726016132,0.0,2591,11700,intercept_resend
0.27934451219512196,-1.2490947756902107,1.5793323490559796,0.0008788418273721899,0.6557388179224881,7.349626974722952,0.8979407831500916,0.0364598884266465,0.854556124368433,0.2242735042735043,0.8942981514357046,0.8745401938251995,0.0,2624,11700,intercept_resend
0.15456938698758932,-1.8705243246524386,0.9579028000937517,-0.08352630647157477,0.9790417237069222,8.107189985802188,0.8682623336967665,0.2999987301927497,0.6211580423955338,0.22726495726495727,0.5685267070896406,0.9494674118137562,0.0,2659,11700,intercept_resend
0.17938931297709923,-1.8445197638188877,0.9839073609273026,0.030871836500720118,0.9463356973995272,11.21221816510162,0.7245144790886395,0.5915156095292847,0.6787392660772101,0.22393162393162394,0.5336683484322817,0.9239247126041643,0.0,2620,11700,intercept_resend
0.2494172494172494,-1.4054727494053463,1.422954375340844,-0.012037348078175691,0.7187307080833578,8.966275754311022,0.7843529357611407,-0.1497251903536125,0.8103531794626473,0.22,0.5313450973275288,0.9622342332373179,0.0,2574,11700,intercept_resend
0.08006099885627145,-2.448783648030742,0.3796434767154482,0.07324992488325544,1.230283197194962,5.459178631084113,0.9209438810053563,-0.25132055157976896,0.4023940869922074,0.22418803418803418,0.1257762527269727,0.9060821060516682,0.0,2623,11700,intercept_resend
0.10082768999247554,-2.2847313022329896,0.5436958225132007,0.02667172408723495,1.1644960147614118,4.015570689425772,0.798448265461067,0.16328272267631733,0.47161383137644997,0.2271794871794872,0.3452712329366423,0.9524121076941714,0.0,2658,11700,intercept_resend
0.1196547665751275,-2.2624550028671244,0.5659721218790659,0.1108974528934632,1.1152956852294549,4.18324371110295,0.843996960271884,-0.29419467731180426,0.5283676876403042,0.21786324786324787,0.35537666627680164,0.9384528524220725,0.0,2549,11700,intercept_resend
0.1733029958285931,-1.7291864947398967,1.0992406300062936,-0.11889084160355634,0.8367025488115092,5.122089120392408,0.8392469117361199,0.0884218587128866,0.6652051447801131,0.22538461538461538,0.6002292985465172,0.8994261507766056,0.0,2637,11700,intercept_resend
0.16383307573415765,-1.9001307662536941,0.9282963584924961,-0.0015165278183195685,0.9794290777897335,5.282711160330494,0.815940312674659,-0.054405515830532145,0.643401135015682,0.2211965811965812,0.4913669156773385,0.9061788252171677,0.0,2588,11700,intercept_resend
0.21993793638479442,-1.533508185147682,1.2949189395985083,-0.05076208953559913,0.770370851495819,12.879686999175188,0.6594763883061927,0.7144658854376303,0.7600541604321296,0.22034188034188035,0.6873494583792663,0.9266495270939701,0.0,2578,11700,intercept_resend
0.21307692307692308,-1.5382632715400204,1.2901638532061699,-0.08481875542971662,0.8155242626757216,8.114043034569951,0.6814510148938346,0.6431570339966396,0.7473231466657427,0.2222222222222222,0.5891436785833694,0.8607464837486373,0.0,2600,11700,intercept_resend
0.0847331093691676,-2.332807224118464,0.4956199006277262,-0.016297050820047954,1.1847872167465774,7.745338126809231,0.46070564434544864,0.8268741788602909,0.41864087062594224,0.22897435897435897,0.44003375082237606,0.9825635893390656,0.0,2679,11700,intercept_resend
0.08155339805825243,-2.4258361933189243,0.402590931427266,0.05874475493910314,1.2657513452266183,3.293576107126914,0.8243259379521385,-0.1344067695159826,0.40762917285457717,0.22008547008547008,0.25914510150306824,0.9694829140210983,0.0,2575,11700,intercept_resend
0.10688836104513064,-2.2162391243965955,0.6121880003495948,-0.007536120950171643,1.1239765125331285,5.508588807335897,0.5858456184183973,0.7246388884855963,0.4904583765922227,0.2158974358974359,0.3228342593070833,0.8943983251585105,0.0,2526,11700,intercept_resend
0.18502715283165244,-1.7899791860540044,1.0384479386921859,0.00822369707502335,0.9516811071528053,8.475168706987592,0.5320917799464326,0.7876517874831461,0.6909519552760426,0.22034188034188035,0.6125245926584818,0.9258169408137789,0.0,2578,11700,intercept_resend
0.05854982551376502,-2.5230715019525842,0.30535562279360606,0.025852206470973194,1.289664145867618,7.327885902979232,0.8260815937273551,0.567400264788855,0.321661165805157,0.22042735042735043,0.16288591592465557,0.9213348982667882,0.16215934690646538,2579,11700,intercept_resend
0.1833146277590722,-1.8677670907030803,0.96066003404311,0.0763240969899115,0.9553525222176305,10.940449238811604,0.6491845325535429,0.6839538193044341,0.6872747754282049,0.22846153846153847,0.4417925081991745,0.9221849746472991,0.0,2673,11700,intercept_resend
0.1611392898946547,-1.867801342813588,0.9606257819326023,-0.049084305131840145,0.9876881940356583,5.133352816806932,0.9022860772416703,-0.12584071839153024,0.637028144555175,0.21905982905982907,0.5644932488431448,0.9241827973739509,0.0,2563,11700,intercept_resend
0.22041946972694895,-1.5262332535043681,1.3021938712418222,-0.05531305724607405,0.7758537188040524,3.6702304273859276,0.8221477052432025,-0.19120870684103453,0.7609327030343822,0.21598290598290598,0.7095311383154812,0.8901488367303787,0.0,2527,11700,intercept_resend
0.25661993769470404,-1.365112340900882,1.4633147838453082,-0.011653198792551667,0.7157043626329517,5.030086034236375,0.8526803793121209,-0.1551371938395699,0.8216028569803939,0.2194871794871795,0.8014013469273821,0.9508897464352435,0.0,2568,11700,intercept_resend
0.07151370679380215,-2.401367917980631,0.4270592067655592,-0.022516590592087216,1.2260825259198382,5.425414007165889,0.7995669822665975,-0.19446984458397465,0.37154728612927324,0.21512820512820513,0.10496590665652264,0.9124185562995074,0.0,2517,11700,intercept_resend
0.06067769897557131,-2.5217333843663243,0.30669374037986596,0.03655115891951377,1.2805243413977356,4.735522027965714,0.9079452333211455,0.15005119666365999,0.3301292773837347,0.2169230769230769,0.21257125908601787,0.9001622399942729,0.1520807241368718,2538,11700,intercept_resend
0.27361436377829823,-1.4180963439592493,1.410330780786941,0.13746579567447959,0.7306597222222222,5.772883858332493,0.807695209460187,0.5207730578778339,0.8466033437563508,0.21897435897435896,0.8354534465174063,0.8878655325258124,0.0,2562,11700,intercept_resend
0.11557223264540338,-2.1778642217258795,0.6505629030203108,0.003212372343161185,1.1113520713090401,4.713036705926962,0.9127137731476664,0.0664767443122933,0.5164980133408443,0.22777777777777777,0.26209126689652607,0.8890893953082502,0.0,2665,11700,intercept_resend
0.06907137375287797,-2.5128858117293222,0.31554131301686805,0.07518538111537598,1.267583230507424,5.315641122669083,0.6698270285678932,0.7225739970439502,0.3624486051983343,0.22273504273504274,0.6141980649312128,0.9516651812015133,0.10918256158499795,2606,11700,intercept_resend
0.0056732223903177,-2.811853875875017,0.016573248871173174,0.01551934331581073,1.4309961317953888,3.8808479490996177,0.8233427455614362,-0.3985415458813486,0.05049287508069848,0.225982905982906,0.27516314017436994,0.9852578269271848,0.8975014059987223,2644,11700,intercept_resend
0.27405696689761355,-1.265776197798137,1.5626509269480533,-0.0123506091502954,0.6338668346086577,6.480282997998389,0.8284099927753921,-0.13133379902349185,0.847226080081712,0.22205128205128205,0.6669476927852038,0.855710511179477,0.0,2598,11700,intercept_resend
0.09087363494539781,-2.2995959812292375,0.5288311435169528,-0.014772235509259879,1.1848765432098767,3.9620215085889594,0.8963512327074319,-0.01990194380058815,0.4393791937857322,0.21914529914529915,0.10075200246249194,0.8707929735583066,0.0,2564,11700,intercept_resend
0.2174573055028463,-1.6106373614067502,1.2177897633394401,0.012334519377498854,0.7860262204980075,9.731476014038876,0.770459680253857,0.14138749377242368,0.7554973640233451,0.22521367521367522,0.7101878611758664,0.9135368215973758,0.0,2635,11700,intercept_resend
0.20718336483931948,-1.592405496309262,1.2360216284369283,-0.06401553062149357,0.8201340334267395,9.325657544884333,0.6654006796983865,0.6251767905892234,0.736064235800283,0.22606837606837607,0.7135081757558236,0.9103678670685248,0.0,2645,11700,intercept_resend
0.05430932703659976,-2.566438988868547,0.26198813587764347,0.04523181155641742,1.3076326042936248,4.8229377639213,0.8291171616070514,0.28021504971087363,0.30442801253408835,0.21717948717948718,0.13781628942295168,0.9713237875485973,0.23318378072440826,2541,11700,intercept_resend
0.23488905891354248,-1.536691333915065,1.2917357908311253,0.03699738024321375,0.7723835904880394,6.354126787650036,0.73713050504266,-0.354305248789986,0.7864371502095633,0.2234188034188034,0.8959539435837088,0.9212202338119032,0.0,2614,11700,intercept_resend
0.1445042275172944,-2.0776862662370923,0.750740858509098,0.06669849499172287,1.021969802822458,7.083009389992725,0.6661317996119205,0.6189275150796996,0.5959144999099578,0.2223931623931624,0.41153092308046035,0.8515827775564332,0.0,2602,11700,intercept_resend
0.014324428958575301,-2.662435775431062,0.16599134931512838,-0.0849601424892601,1.3450251284264454,4.015033007775847,0.8474709417227023,-0.15488597563117334,0.10825960807884867,0.22076923076923077,0.1581227170870695,0.9711627129297804,0.5617513897633716,2583,11700,intercept_resend
0.16653696498054474,-1.9008036521175051,0.9276234726286852,0.014451865419073062,0.9509951372232623,8.805881330252044,0.4076711312156216,0.8320880036969602,0.6497211762700579,0.21965811965811965,0.7754225244408653,0.9596987204101821,0.0,2570,11700,intercept_resend
0.07496012759170653,-2.4483099211736796,0.38011720357251066,0.04392131273712563,1.2526398293471868,6.256180537920436,0.8424892972948492,0.5433329648286567,0.3841670104136642,0.21435897435897436,0.6701420239666803,0.8824678069349184,0.013658615797820128,2508,11700,intercept_resend
0.24747081712062258,-1.50464832312711,1.3237788016190803,0.07612754183506532,0.7654138472259309,3.9724173994256615,0.8818348294643401,-0.29706400903063135,0.8072447992294658,0.21965811965811965,0.8830427745844498,0.9063384062158423,0.0,2570,11700,intercept_resend
0.23474001507159006,-1.4417643083088287,1.3866628164373616,-0.058772764653731935,0.7563967084470797,8.138832366670117,0.7412910582623902,0.41583393128376006,0.7861831366138106,0.22683760683760684,0.5419565484357854,0.8859749900626754,0.0,2654,11700,intercept_resend
0.21968833143291525,-1.6286623450677105,1.1997647796784798,0.04298009155169713,0.8431694481333709,5.074829185478334,0.6718107585520486,0.7109837507578926,0.7595979968510462,0.22487179487179487,0.6904095179311275,0.9267911562089004,0.0,2631,11700,intercept_resend
0.24090056285178235,-1.3770304159348985,1.4513967088112918,-0.08865733613808047,0.7412511521774674,5.48596784138394,0.8358591765356245,0.13443801435842362,0.7965346792773356,0.22777777777777777,0.8732982822897062,0.9031629412534304,0.0,2665,11700,intercept_resend
0.13708124759337698,-2.0006495762908543,0.827777548455336,-0.052328910481024504,1.042457466092996,4.551881568450864,0.914857337945422,-0.1561086360635699,0.5765435218509799,0.22196581196581197,0.4071193878546324,0.9103980105269622,0.0,2597,11700,intercept_resend
0.09837962962962964,-2.2944575343765043,0.5339695903696859,0.022549635564171222,1.2171838276789742,3.5580682013502107,0.8904137784635626,-0.2721282014506191,0.4638379950549675,0.22153846153846155,0.23596218094516744,0.9215826940699288,0.0,2592,11700,intercept_resend
0.14434180138568128,-1.93506524028524,0.8933618844609503,-0.07684135191297381,0.9985953206619551,8.392938577439688,0.8569082956645393,-0.1219017898945329,0.5954976174733949,0.22205128205128205,0.47941737346523383,0.8997695937566971,0.0,2598,11700,intercept_resend
0.18001555209953343,-1.80922469425826,1.0192024304879304,-0.0008806896189674784,0.9242741832890058,4.027990583095342,0.880448628098377,-0.2866385404537743,0.6801110667391508,0.21982905982905984,0.5630453807970813,0.8990318668956228,0.0,2572,11700,intercept_resend
0.2022086824067022,-1.717352489840948,1.1110746349052423,0.03279040945136624,0.8840614381804314,4.079509812552814,0.7775557566298492,0.2297012859307132,0.7263235267245048,0.22444444444444445,0.7333519458325803,0.9846780929568727,0.0,2626,11700,intercept_resend
0.1903867818250094,-1.7020292780346922,1.1263978467114981,-0.04940757089751502,0.8831457160352214,10.121353995103687,0.7418183721742843,0.5912426253001043,0.7022798766521855,0.22760683760683761,0.5972658508099143,0.9765261715643081,0.0,2663,11700,intercept_resend
0.20161290322580644,-1.5191907054038594,1.309236419342331,-0.16874161097693174,0.7886507147659836,5.8350692507297,0.9348734279111067,0.03745856969293351,0.7251421964171214,0.22256410256410256,0.6986729347323911,0.9076135836096896,0.0,2604,11700,intercept_resend
0.15110788231020705,-2.00340818290172,0.8250189418444704,0.029776324333818938,0.994130007893208,5.654509414194246,0.37920448125983075,0.7921924799388453,0.6126058504102516,0.2352991452991453,0.7036366986286356,0.9086647527845639,0.0,2753,11700,intercept_resend
0.0831399845320959,-2.3158887240426376,0.5125384007035527,-0.04222762590043505,1.1696576522180906,2.229225995085541,0.8832283771838985,-0.10191549909833164,0.4131476200803338,0.221025641025641,0.2612052173908789,0.9621452969878784,0.0,2586,11700,intercept_resend
0.07864741641337386,-2.376444017803659,0.4519831069425311,-0.007086135192940546,1.1907528596536214,5.332165048599562,0.940363310636917,0.10864977679991672,0.3973952544685803,0.22495726495726495,0.10864749981892406,0.8759125994667871,0.0,2632,11700,intercept_resend
0.11476028690071725,-2.106331357741107,0.7220957670050834,-0.07291355037779601,1.0900546448087431,3.7011922996323774,0.7959921347078693,-0.4051862241467083,0.5141095196696326,0.22641025641025642,0.28828915714684894,0.8712854352816585,0.0,2649,11700,intercept_resend
0.09875097580015613,-2.202231141179885,0.6261959835663053,-0.06757610646967294,1.1171251960187236,4.098729668521386,0.8307170286143625,-0.15213788609004528,0.4650237301316183,0.21897435897435896,0.37247301722656756,0.9762391416111574,0.0,2562,11700,intercept_resend
0.09798498617147372,-2.2480625546618063,0.580364570084384,-0.026077784673830706,1.1448095509306158,7.311964872965577,0.6103299696875857,0.8146541794489062,0.46257541153346604,0.21632478632478633,0.18863305256597693,0.9295145698906071,0.0,2531,11700,intercept_resend
0.051181102362204724,-2.5992171227998915,0.2292100019462988,0.060314034445043685,1.3374855312390643,1.7463760916267788,0.8322525867148504,0.2710445020139395,0.2913931656412409,0.2170940170940171,0.16051511846903133,0.9226078802692086,0.2891354409378911,2540,11700,ancilla
0.11492479753181643,-2.30280220943962,0.5256249153065702,0.12448791398333725,1.273976478910602,4.936370639458824,0.8398877148707371,0.0937682052765753,0.5145942135687169,0.22162393162393162,0.6023502943486045,0.8903636910010391,0.0,2593,11700,ancilla
0.08266666666666667,-2.5232264672497333,0.305200657496457,0.16243262712824658,1.3051730920535012,1.8259710222923187,0.8676025528099088,-0.2132886260308796,0.41150635541120373,0.22435897435897437,0.3766238488910151,0.9076026695267766,0.07250084927404632,2625,11700,ancilla
0.1471359041557469,-2.0914525047092045,0.7369746200369858,0.09535174463935459,1.1930091185410334,5.737136333516625,0.8801467123722235,-0.060063645549966675,0.6026262484229381,0.22829059829059828,0.8149192496530896,0.8573458257253925,0.0,2671,11700,ancilla
0.09394171779141104,-2.5208648531343667,0.3075622716118236,0.2238523338811338,1.463247376224671,4.551655257357468,0.8270248098596142,0.012780137244917625,0.44949167272194035,0.2229059829059829,0.789906650453479,0.9787952972364564,0.031674492273896404,2608,11700,ancilla
0.08569242540168324,-2.47515532163334,0.35327180311285034,0.1314777576699706,1.3398626863407048,2.120293292770446,0.8560610899051772,0.03539379526438942,0.42192585869685306,0.2234188034188034,0.5668678114730697,0.9339733160075918,0.005887236120213135,2614,11700,ancilla
0.03700934579439252,-2.6153927388963707,0.2130343858498196,-0.003677910821877184,1.384593837535014,4.429611762106457,0.8359425828988242,-0.10751844164895917,0.2284079674240456,0.22863247863247863,0.278869714668691,0.9851973104975208,0.3741102008888627,2675,11700,ancilla
0.1318007662835249,-2.225100843146282,0.6033262815999083,0.14225144323740135,1.2428439788544545,3.8846969600890233,0.8482573136214804,0.2863063220064653,0.5623561918224537,0.2230769230769231,0.7393695223876765,0.8537949430025424,0.0,2610,11700,ancilla
0.08648227502921699,-2.4444460916082478,0.3839810331379425,0.10523659186685252,1.2812970458374418,2.4188871023438097,0.8579751802000017,0.13997205453466052,0.42461781482195277,0.2194017094017094,0.4583518216164265,0.9172200481323065,0.0,2567,11700,ancilla
0.07914230019493178,-2.484367405924435,0.3440597188217551,0.10363673835054632,1.320008217712036,3.0951132223448385,0.8695511055489458,0.08443851793468803,0.399149798110527,0.21923076923076923,0.35415611880833275,0.9233957894185365,0.03917524541649109,2565,11700,ancilla
0.14519268197742313,-2.1596416559941947,0.6687854687519956,0.15254837128718624,1.248228193421629,3.2563201475041814,0.8401194170820363,0.25652261800800513,0.5976780704202331,0.21957264957264958,0.8608046154078912,0.8955934956905875,0.0,2569,11700,ancilla
0.04433111023930953,-2.608361423551525,0.2200657011946654,0.03070892814728765,1.3309109839857545,3.205718230853091,0.9089124649094219,-0.256841369501218,0.2618093540705573,0.21786324786324787,0.21149422759964845,0.9589802502961515,0.33108033905125683,2549,11700,ancilla
0.06915097963887822,-2.495424663512652,0.3330024612335385,0.05817455179321085,1.2876799424710272,2.7878431511505446,0.8705358490311634,0.262200591742331,0.36274725607374186,0.22247863247863248,0.171944396423995,0.9064503038290812,0.08835157917538994,2603,11700,ancilla
0.07992277992277992,-2.4877089492758575,0.3407181754703328,0.11139334176708893,1.3730978748877583,2.255706410545168,0.8814327765923851,-0.22592105389724937,0.40190704201647376,0.22136752136752136,0.5916930815091536,0.9736366824072149,0.04026008756152477,2590,11700,ancilla
0.10042985541227042,-2.29551602498271,0.5329110997634805,0.035205954601326805,1.241212454293228,5.597125825785029,0.7829742829329401,-0.022757293025142702,0.4703567239178281,0.21871794871794872,0.40680913133067875,0.8585661418975647,0.0,2559,11700,ancilla
0.08421052631578947,-2.4499634850768075,0.3784636396693828,0.09790303397208078,1.304049905694498,2.7476226652456135,0.8873187875723504,0.039368088045857855,0.4168441963431651,0.21923076923076923,0.4843507888913853,0.9511754442858835,0.0,2565,11700,ancilla
0.1466403162055336,-2.166235495032903,0.6621916297132873,0.1673312661608921,1.194211390353725,2.9121571937920994,0.859106100722912,0.12683081227716855,0.6013684372785473,0.21623931623931625,0.785591775432545,0.8754284500387861,0.0,2530,11700,ancilla
0.07623651915210115,-2.483011270891379,0.3454158538548113,0.08584302347725936,1.2574556314340557,5.023090817589662,0.7735417012005465,0.1929620229641952,0.3887774780958956,0.22982905982905982,0.1408227952822194,0.8918514379310781,0.04799273270446214,2689,11700,ancilla
0.11059007424775302,-2.291654131532251,0.5367729932139391,0.08881893824614062,1.280247161067415,5.315826973388089,0.7903509645882643,-0.06849960605396622,0.5016932386782884,0.21871794871794872,0.5277890732243611,0.8912660553738785,0.0,2559,11700,ancilla
0.06684594698424895,-2.5471737600838904,0.2812533646622999,0.09688441459689123,1.3781521168795323,4.050202820518539,0.8679011497509048,-0.24699575860357773,0.3540415465123739,0.22247863247863248,0.44186640802533494,0.9819289155853962,0.15928088899012194,2603,11700,ancilla
0.058981233243967826,-2.597985213661951,0.2304419110842395,0.10320632883220116,1.3632824992563868,2.5239368068699624,0.8009523612321628,0.1567481563263914,0.32338745045115913,0.22316239316239317,0.34070778492938025,0.9523092074132131,0.2554894238728278,2611,11700,ancilla
0.05323630792799693,-2.6224024814093823,0.20602464333680803,0.09512539139296639,1.4124410124410125,1.5835696237054608,0.7989514379106389,0.09760639390239198,0.29998865189224383,0.22316239316239317,0.4116761202964766,0.9777754564697478,0.3122394090603714,2611,11700,ancilla
0.06470137825421134,-2.5774700055530797,0.2509571191931106,0.11504914733223881,1.3702465806926492,2.899017553471002,0.870971549857122,0.08514912387565969,0.34583159312813194,0.22324786324786325,0.3133975293477037,0.9462219731898366,0.2059905998838909,2612,11700,ancilla
0.0963714397190792,-2.397595225320721,0.4308318994254692,0.1143272888791027,1.3205350516274885,3.965589629077225,0.8080640591734756,-0.059162580400353375,0.4573866449987616,0.21905982905982907,0.6717952817177545,0.9280574194506994,0.0,2563,11700,ancilla
0.07406015037593985,-2.4672580332775835,0.36116909146860676,0.05777838490357334,1.2880879640808671,5.183104061781125,0.84612206259869,0.02682607389645737,0.3808958477126696,0.22735042735042735,0.21841046409400608,0.899367988349086,0.037997352317686306,2660,11700,ancilla
0.10491929285165258,-2.3389824443025553,0.489444680443635,0.10406846717797125,1.2875493413230608,4.013487182119859,0.7846799489434997,-0.14254109366784073,0.48439818370541,0.2223931623931624,0.36230833942049834,0.8661379505252356,0.0,2602,11700,ancilla
0.10520231213872833,-2.34510064568643,0.48332647905976023,0.11178766741862889,1.3742467971170162,6.263864037419229,0.8098691574809394,0.32738697132912387,0.48527287337512176,0.22179487179487178,0.8581987266748317,0.9649290516807791,0.0,2595,11700,ancilla
0.09753231492361927,-2.3863624197783517,0.44206470496783856,0.10966138517066604,1.2487742160430604,4.21907085436495,0.8389501663526039,0.010116803654779443,0.46112404864760453,0.21820512820512822,0.38619873623945467,0.8881324559070735,0.0,2553,11700,ancilla
0.08612626656274357,-2.4836034916489664,0.34482363309722386,0.14238010390114564,1.3505716547336344,4.659015387043008,0.8039917813145323,-0.1348438266211304,0.42340588689602343,0.2193162393162393,0.5910134949227788,0.9463572846305324,0.014043001178942749,2566,11700,ancilla
0.1106077765194413,-2.2347196077225098,0.5937075170236805,0.03198455360722452,1.2574358424348593,3.9701403802630013,0.8683834075933736,-0.024287509802654317,0.5017464782034146,0.22641025641025642,0.5960169651139231,0.8964043130982643,0.0,2649,11700,ancilla
0.10710128055878929,-2.4494658884755474,0.37896123627064293,0.22689509778441996,1.340667844225755,1.4059649803724081,0.8342873458042876,-0.19593073550134762,0.4911101504376544,0.22025641025641027,0.7176070197280752,0.942931490227498,0.0,2577,11700,ancilla
0.07575757575757576,-2.601779143274638,0.2266479814715523,0.20190158288393123,1.4155596502003451,3.4686046829938286,0.7682330289919107,0.4058754457836442,0.38705142139219784,0.22,0.5610705130574947,0.9815140002313416,0.1969225123088068,2574,11700,ancilla
0.15829819854350327,-2.0349798825671757,0.7934472421790146,0.10202259493879029,1.2142882463158962,5.417601416487173,0.7971008993507653,-0.030100110048297723,0.6302227164940917,0.22299145299145298,0.8643338840217574,0.8566671789985907,0.0,2609,11700,ancilla
0.11642803315749811,-2.336722973721404,0.4917041510247864,0.1669122631022466,1.3135642719696445,3.124801763051822,0.8678765861126236,-0.15780039894391715,0.5190054428676031,0.22683760683760684,0.7270571058134688,0.926998698551351,0.0,2654,11700,ancilla
0.15070049223778872,-2.1658895359316475,0.6625375888145428,0.18995313110138556,1.2497095611617555,3.869144288196035,0.9043931645335869,0.026990954823734155,0.6115905141925071,0.22572649572649572,0.7881455072730511,0.8795696348610978,0.0,2641,11700,ancilla
0.10741017964071856,-2.2172780631198608,0.6111490616263295,-0.0035453304869910163,1.1564853394922068,3.433169804853848,0.8137702307970792,-0.15041570195738935,0.4920545144667817,0.2283760683760684,0.4743416242730666,0.8564111188318582,0.0,2672,11700,ancilla
0.08342770856927142,-2.3609570296280493,0.46747009511814097,0.004468292627354042,1.2488230519244026,4.23116681744836,0.8291641058164027,0.22528372164139596,0.4141432509010293,0.22641025641025642,0.19145553272875482,0.8865523225624881,0.0,2649,11700,ancilla
0.1206896551724138,-2.3309039585396722,0.49752316620651804,0.1852006225253211,1.3104479395676216,4.870136259492414,0.8708302210446576,-0.1274608273179181,0.531340014180167,0.2230769230769231,0.7899705398186272,0.9345367736916879,0.0,2610,11700,ancilla
0.15128875607022788,-2.1771427555208236,0.6512843692253667,0.20453407345091779,1.2846861811296335,4.628187946203988,0.838206926376591,-0.12663863082756185,0.6130560425752968,0.2288034188034188,0.8995359976999855,0.8892138171618782,0.0,2677,11700,ancilla
0.09242424242424242,-2.3316854115275256,0.49674171321866467,0.026088755295024857,1.2136703865357563,3.7720299149415126,0.8203419285729273,0.02622395428293702,0.4445102732279087,0.22564102564102564,0.3033008269020142,0.8634017214336668,0.0,2640,11700,ancilla
0.07937713634637296,-2.538228092177023,0.29019903256916724,0.15882585848434871,1.3212409126898437,5.104350128527989,0.8545928653569312,-0.07708402933307017,0.39998068012759064,0.22504273504273503,0.28965936758935246,0.9058343116229824,0.10228085153999877,2633,11700,ancilla
0.07754943776657619,-2.635745111568143,0.19268201317804712,0.24600385339755437,1.4386883688312275,3.6969748799917705,0.8400784834003014,0.06642674587774648,0.3934850679907107,0.22042735042735043,0.5786482490380153,0.9791690631803036,0.23754531429130205,2579,11700,ancilla
0.0752851711026616,-2.4756855304147947,0.3527415943313956,0.07313564574445675,1.3734548254165841,5.436947090139794,0.7983642147340554,0.17687443760121094,0.3853442995900972,0.2247863247863248,0.4966900994222171,0.9515517382152663,0.04307066876402732,2630,11700,ancilla
0.05982246236974141,-2.6634646202941448,0.16496250445204552,0.17344444601932407,1.3968733225979604,3.490782488328324,0.7767983825091357,0.3055504411194348,0.32673975759524965,0.22145299145299147,0.3514013837204256,0.9632912045184773,0.3448132333946916,2591,11700,ancilla
0.043343653250773995,-2.6205767894591148,0.20785033528707553,0.037338393793089786,1.3517964071856288,3.1911750987540914,0.8613753325247783,0.19847823746516255,0.2574180806033423,0.22085470085470085,0.1833419818043617,0.9527034149150702,0.35227015351627655,2584,11700,ancilla
0.09397229502059154,-2.4850487489051933,0.34337837584099695,0.18820920058078805,1.3086911972081037,3.266962671841803,0.8232202664940964,-0.04222727340266433,0.44959164518262795,0.22829059829059828,0.25436246789564076,0.8703566677763687,0.0,2671,11700,ancilla
0.08568207440811725,-2.335108928612477,0.4933181961337132,-0.008627189412832692,1.205564445793173,6.8178780819227445,0.8858308125601295,-0.0344275269645141,0.42189050451310345,0.22743589743589743,0.21465013779832,0.8533215548541622,0.0,2661,11700,ancilla
0.13468917881811204,-2.1620572258926045,0.6663698988535858,0.09554715470429054,1.2451598207249803,4.511283723625267,0.8567817207531678,0.11702046722336754,0.5701594427282316,0.22273504273504274,0.709450904338329,0.8605033780580903,0.0,2606,11700,ancilla
0.09405940594059406,-2.3687292876177617,0.4596978371284286,0.07238251307134957,1.3109945419485571,2.985240735395979,0.8314684941481815,-0.008880560025644255,0.4498763680913596,0.22444444444444445,0.6322829780769486,0.9503133414145805,0.0,2626,11700,ancilla
0.07477341389728097,-2.5118994123606604,0.3165277123855299,0.10645459176835681,1.366056544320996,5.435353127345763,0.8722815944687228,0.06004732789979666,0.3834897505360325,0.22632478632478634,0.37760212410829064,0.9436560955052685,0.08696942453117751,2648,11700,ancilla
0.08670957970465733,-2.511560376044044,0.31686674870214615,0.17363670572184287,1.3416565195657468,3.6908142027165853,0.8548148868313966,-0.04945977735558963,0.4253903967171858,0.22572649572649572,0.5252633669209277,0.9506602700226205,0.04466629206707151,2641,11700,ancilla
0.03482003129890454,-2.6612587306655913,0.16716839408059903,0.02980344794006662,1.3782002030936864,5.377404822919122,0.8489426179414603,-0.13713617833881708,0.21801586504072956,0.21846153846153846,0.1944748308170473,0.9635465765444152,0.4502347929552234,2556,11700,ancilla
0.12144504227517294,-2.260474394802171,0.5679527299440195,0.11904417353007446,1.225730994152047,5.690038664601369,0.8588564020221794,0.25207316427983173,0.5335003798145433,0.2223931623931624,0.4494270839662987,0.8647141397988783,0.0,2602,11700,ancilla
0.09242718446601941,-2.4314712417285396,0.3969558830176507,0.12589122819756726,1.3136881476296562,4.875380058621757,0.9348907220428668,0.09853707734423602,0.44451996916658243,0.22008547008547008,0.6482486611826683,0.943864204773239,0.0,2575,11700,ancilla
0.023707734162456275,-2.697774768931037,0.13065235581515333,0.0034588409275730925,1.3744128867973762,3.95099317296476,0.755760120993037,-0.14768220890302433,0.1617805148363639,0.21991452991452992,0.13017679982724017,0.971658675924724,0.5631032152435065,2573,11700,ancilla
0.1306340718105424,-2.2884945822834446,0.5399325424627457,0.19904536178721388,1.2870870763180386,1.727140555068047,0.9037800708272261,0.3415182334659801,0.5591745686600011,0.22376068376068375,0.8882852778925389,0.9188572133223104,0.0,2618,11700,ancilla
0.03407290015847861,-2.7599427483854653,0.06848437636072502,0.12426105369329443,1.4212065601076889,3.681314047080746,0.8808162179984447,-0.051615591746504874,0.21442294379536309,0.21572649572649572,0.2218397186381198,0.9811895587359922,0.6194544915812042,2524,11700,ancilla
0.0888373889532638,-2.3817497371017713,0.446677387644419,0.05586277356965885,1.220039048345313,2.9899753187635536,0.8977090261024199,0.06755243102566334,0.43257722144931987,0.22128205128205128,0.2300237796708441,0.8763336621093789,0.0,2589,11700,ancilla
0.13641488162344984,-2.189213277550587,0.6392138471956033,0.132465255610009,1.2461111731078747,7.644037543961583,0.8216506085203509,0.08190242876983066,0.5747721460882758,0.22743589743589743,0.7837838544806337,0.8840360152160088,0.0,2661,11700,ancilla
0.09632157755024649,-2.2610698530662288,0.5673572716799615,-0.022480146397039658,1.2086648063528045,5.559436306183095,0.812204709146164,-0.3947235168999392,0.45722561684994295,0.22538461538461538,0.3607918269017545,0.8731093150701207,0.0,2637,11700,ancilla
0.11844135802469136,-2.3062795902262483,0.522147534519942,0.14785796493768188,1.3256394787644787,4.821401768524079,0.8312001891974875,-0.1766759690233535,0.5248639397465239,0.22153846153846155,0.8595456839166272,0.9261835977706171,0.0,2592,11700,ancilla
0.16191607284243864,-2.0486851528289556,0.7797419719172347,0.13619365280263218,1.1661074947183838,4.807053983384647,0.8357411488860287,-0.08154264608636387,0.63887376768809,0.2158974358974359,0.8831872731688655,0.8522865488111789,0.0,2526,11700,ancilla
0.08317214700193423,-2.4219860240198807,0.40644110072630957,0.0640516124809869,1.2526095930561918,4.82739904259238,0.6792854991510832,-0.3469214060095361,0.4132589917269945,0.22094017094017093,0.38730188831987034,0.9122446553880167,0.0,2585,11700,ancilla
0.08424764890282131,-2.4080132340152094,0.4204138907309809,0.05616277997468622,1.2879414994814535,3.163916175876764,0.8464492917906016,0.10808682262154723,0.416971994424275,0.2181196581196581,0.4275065315844956,0.9111410469920331,0.0,2552,11700,ancilla
0.1313840155945419,-2.2612856684842124,0.5671414562619779,0.17607877066937982,1.2737272331538465,4.677024966792031,0.7866121525588294,-0.15214976076543005,0.5612216727198054,0.21923076923076923,0.7542621254110246,0.8949990705346822,0.0,2565,11700,ancilla
0.01978277734678045,-2.721502555448787,0.10692456929740324,0.004983718803493353,1.4072948328267478,2.7243350259897356,0.8730153273485568,0.051092198488251,0.14021915758430695,0.22034188034188035,0.1077397169737278,0.9890541889014552,0.6240506539753015,2578,11700,ancilla
0.06361226808027262,-2.464579172324843,0.3638479524213474,-0.004002623411608397,1.2984827448735272,5.396001808594667,0.8242870845717325,-0.4245619255100352,0.34162042946768056,0.22572649572649572,0.15629319427120178,0.8918567104600412,0.07426591193089405,2641,11700,ancilla
0.07291258330066641,-2.4495309630456576,0.37889616170053264,0.033559694985309196,1.284028317543012,3.7629662166632287,0.820972823194739,-0.0655775033076019,0.3767000231860178,0.21803418803418803,0.17068226780805223,0.8732782354960787,0.022469332844241352,2551,11700,ancilla
0.05156683855612852,-2.551994549861479,0.2764325748847112,0.015273514934412091,1.3003864107082135,4.216568085243909,0.8669081442568063,0.17482696269387674,0.29301585495326354,0.21547008547008548,0.20681759994853266,0.9397279268327892,0.22632350785415012,2521,11700,ancilla
0.06904577191621412,-2.4866805407295898,0.3417465840166005,0.04883528425711692,1.28199833293001,4.418033865101563,0.817341167884028,0.04780650784214465,0.362352526677348,0.22034188034188035,0.3287741110811287,0.9350909529824537,0.07863048011893436,2578,11700,ancilla
0.0989345509893455,-2.416363258515238,0.41206386623095215,0.1475944689547477,1.3493270149609171,4.186407651205518,0.8654536396538285,0.03514670777897152,0.46560907280454,0.2246153846153846,0.6389415069309412,0.9401646091299662,0.0,2628,11700,ancilla
0.07582938388625593,-2.5857363476075492,0.24269077713864107,0.18626499533471463,1.4358045795783334,4.674924510875555,0.8905554674294367,0.16452366887515052,0.3873105101234217,0.2164102564102564,0.6245407488567859,0.9754763084497257,0.17531240184913494,2532,11700,ancilla
0.06247661803217359,-2.572737369308909,0.25568975543728145,0.09773136677193195,1.3328595122628004,3.543949548500586,0.8953101286935374,-0.0697113931027366,0.337198709095398,0.22846153846153847,0.3600604564988287,0.9504929728813166,0.20849891378216356,2673,11700,ancilla
0.09345794392523364,-2.4115712959157998,0.4168558288303905,0.11182213841188826,1.3107756320708903,3.4798012122695603,0.9104728837823177,-0.01829787584743576,0.44790785891493196,0.2194871794871795,0.5238741274648209,0.9116650468503898,0.0,2568,11700,ancilla
0.09778812572759023,-2.424871766730208,0.4035553580159821,0.1496178165560318,1.3172242874845104,2.4428093002314633,0.8929280040968315,-0.1492676119361367,0.46194464577332295,0.22025641025641027,0.5272219056173955,0.9041953745306679,0.0,2577,11700,ancilla
0.050345887778631825,-2.623439092437507,0.20498803230868345,0.07981131691633658,1.3575936818653773,2.403998421068505,0.8750983523912675,-0.09108158406559186,0.2878644504230866,0.2223931623931624,0.18799323007187027,0.933084886022037,0.32580915611470496,2602,11700,ancilla
0.0875684128225176,-2.3688446071283047,0.4595825176178856,0.035779230578476096,1.1984240990954729,7.356379885420129,0.8794080991377038,-0.11440530236751288,0.4283009912499506,0.21863247863247864,0.16631651448018384,0.8777099234306066,0.0,2558,11700,ancilla
0.08822371012209532,-2.3805497998818264,0.44787732486436393,0.05119134464579478,1.2412778231485495,4.448080475992472,0.831975783131233,-0.07254594426892902,0.43051283661773243,0.21700854700854702,0.3184761228228202,0.875563802248334,0.0,2539,11700,ancilla
0.06816450875856817,-2.529108451011611,0.2993186737345792,0.08627801730088791,1.2995622263914948,4.972227602573519,0.8765146955899458,-0.12698195984897268,0.35903632089800175,0.22444444444444445,0.2694928375904899,0.9200009064800281,0.1320851451909758,2626,11700,ancilla
0.1351039260969977,-2.23725998483043,0.5911671399157603,0.173096078549146,1.2128408889284445,4.698028489766029,0.7973200945402262,-0.013924360873687987,0.5712713883677609,0.22205128205128205,0.6109492035920628,0.8634122399029428,0.0,2598,11700,ancilla
0.11801242236024845,-2.3310904358180404,0.49733668892814986,0.17024238399331137,1.3414585904429828,1.9717857435654882,0.9132196473561466,0.12295673378316693,0.5236205195736668,0.22017094017094016,0.8278564703529269,0.9316042287719741,0.0,2576,11700,ancilla
0.14465648854961832,-2.215048176125916,0.6133789486202743,0.20492172334828007,1.2461420419124347,3.218901661573842,0.8490601880304829,-0.060535992593618984,0.5963050130417458,0.22393162393162394,0.8753941848268866,0.8713271706176714,0.0,2620,11700,ancilla
0.07087198515769945,-2.545049058936416,0.2833780658097744,0.11753442459951868,1.3658828135768122,3.4607022386444544,0.7849228599727479,-0.20108622194113404,0.3691693354231316,0.23034188034188033,0.5378742162552358,0.9697108024655366,0.14151382418008052,2695,11700,ancilla
0.10093167701863354,-2.4474934873016054,0.38093363744458486,0.19002214860666466,1.3435410222418618,2.670970694566882,0.929654690065365,-0.07940827020024593,0.4719420018062046,0.22017094017094016,0.6392963972888264,0.9307409295939435,0.0,2576,11700,ancilla
0.06617929973066564,-2.4253142741953924,0.40311285055079793,-0.02874619764095243,1.2565020657092267,2.9203466848207524,0.8302923134338295,0.4024610614277293,0.3515009961995716,0.22213675213675213,0.2633820182810571,0.9198662926551533,0.021363111107733257,2599,11700,ancilla
0.06571318129107073,-2.572084301961363,0.25634282278482745,0.11538706604922933,1.3389175743413864,4.29441171364955,0.8395067740480715,-0.09334600722500525,0.34971849111503767,0.22111111111111112,0.3208836280409041,0.9545529817347934,0.19513730275475472,2587,11700,ancilla
0.07046714172604909,-2.4876178921679877,0.3408092325782026,0.0578131175443799,1.3406052868264813,2.4437383973947404,0.8189711368533389,-0.11615854551574531,0.36766451914209647,0.2158974358974359,0.5103251270141721,0.9764743200337195,0.07439770618829056,2526,11700,ancilla
0.11307420494699646,-2.215177458940761,0.6132496658054292,0.026394630956960263,1.1952744194265685,5.609184568911428,0.8613493183557411,-0.0512763309101032,0.5091196137094662,0.21769230769230768,0.5903026366519459,0.8724848256108091,0.0,2547,11700,ancilla
0.11503729878288182,-2.338166091046992,0.4902610336991984,0.16048819877087128,1.3746756102671798,6.674216918464155,0.8936867733827815,-0.05142443119445505,0.5149254523880915,0.21769230769230768,0.8971737901898287,0.9466150507509089,0.0,2547,11700,ancilla
0.1322314049586777,-2.3201503422584926,0.5082767824876977,0.2397370025691461,1.3252867565123903,4.084514651775753,0.7832397752347429,-0.18465801530953418,0.5635262178122566,0.21717948717948718,0.8961964703072607,0.9258753608264264,0.0,2541,11700,ancilla
0.04176516942474389,-2.6471139599480806,0.18131316479810966,0.05494631134302219,1.3915444941031911,2.2658176505172074,0.8209811781845029,-0.09093434703467368,0.250327701012698,0.2169230769230769,0.2643798885997277,0.966873343897561,0.3970732227401896,2538,11700,ancilla
0.09007981755986318,-2.4174912052964976,0.41093591944969265,0.09863247930731767,1.3128879377748117,3.7404499860254665,0.8758780988924383,-0.04166096571249875,0.4367361815765198,0.22487179487179487,0.5065189278189403,0.9256391963550766,0.0,2631,11700,ancilla
0.10643939393939394,-2.413819155028534,0.4146079697176561,0.18750416820179794,1.4055145775593654,1.5781608549931858,0.8349306589235174,0.13911211262998047,0.48908178397158375,0.22564102564102564,0.8389811171262828,0.9780292850039308,0.0,2640,11700,ancilla
0.14918414918414918,-2.09535095865332,0.7330761660928702,0.11083682217638935,1.1611017979515141,4.010259339323018,0.8221578587895112,0.18229125973146715,0.6077948663454814,0.22,0.8881686608643471,0.8636268416626572,0.0,2574,11700,ancilla
0.12274368231046931,-2.329458722456149,0.49896840229004136,0.19537471858627953,1.3058085585183026,3.1182518085638167,0.8616754158206651,0.1068966639573478,0.5371964080032811,0.21307692307692308,0.7470549170187754,0.9158904031383354,0.0,2493,11700,ancilla
0.1327467482785004,-2.2927419170389522,0.535685207707238,0.21524379939829252,1.251051084025719,3.3849513204279544,0.8458131599470251,-0.20170314588946295,0.5649233183933605,0.2234188034188034,0.5832560877442917,0.8635998379433266,0.0,2614,11700,ancilla
0.12712871287128713,-2.2682500049988787,0.5601771197473115,0.1589714798911257,1.2690988201824114,4.127354137687612,0.8118735561063135,0.15102764727662898,0.5495107544048994,0.21581196581196582,0.7255941154252111,0.9190811084394972,0.0,2525,11700,ancilla
0.08654572940287227,-2.396079388437717,0.43234773630847334,0.05722884083958224,1.221990319611806,5.554188932467095,0.9167796431160312,-0.010841162050444346,0.42483358362047074,0.22615384615384615,0.2540990351596376,0.8978599863724984,0.0,2646,11700,ancilla
0.09040663245163838,-2.3633617872457844,0.4650653375004059,0.04635180546594064,1.2467305178949983,3.285445346529143,0.8188236928258761,-0.06145931762327642,0.43782564880397834,0.2164957264957265,0.3689604961456362,0.8906277326009799,0.0,2533,11700,ancilla
0.12330885195206803,-2.1727756590578866,0.6556514656883037,0.04188873747677935,1.2096560385125237,2.9008778207462007,0.8730040212477594,-0.11825571004339656,0.5387978548965816,0.22111111111111112,0.5271188385081024,0.8525258039554304,0.0,2587,11700,ancilla
0.08183632734530938,-2.330958161999358,0.4974689627468325,-0.0345327866406695,1.2124741788061995,2.977315606322899,0.8800957994545591,-0.2480460512403283,0.40861678197015033,0.2141025641025641,0.19679343453497866,0.8622259878688184,0.0,2505,11700,ancilla
0.11816019032513878,-2.346919179171569,0.4815079455746214,0.18690702918696855,1.3327388497738484,3.589192907949198,0.8980780574480703,0.03791951417358475,0.5240491642795265,0.21555555555555556,0.7344068252617936,0.9415522993051154,0.0,2522,11700,ancilla
0.09591679506933744,-2.3949659659760028,0.43346115877018754,0.10912617101548383,1.2652887322097244,4.955169354907021,0.8313132162616782,0.06292752039189228,0.45591685904889484,0.2218803418803419,0.5651316776592875,0.9285757683092484,0.0,2596,11700,ancilla
0.1370182950564422,-2.2024444006578396,0.6259827240883507,0.1491098005598852,1.3018447169930871,6.935709474401142,0.8709112782933437,0.15543117838644838,0.5763764094663488,0.21957264957264958,0.8975815935527341,0.9154184139002669,0.0,2569,11700,ancilla
0.047885075818036714,-2.5397260552812746,0.2887010694649157,-0.017822174836390037,1.3009837659487793,2.5160181763732847,0.9045839950151376,-0.08878110652030344,0.27734405871777584,0.2141880341880342,0.13146987361919865,0.9274212072777621,0.2267603158906566,2506,11700,ancilla
0.12879939209726443,-2.28990413259468,0.5385229921515102,0.19007639636593554,1.360715696509692,3.458110077170182,0.7535791817076374,0.14235812869169337,0.5541362955581974,0.22495726495726495,0.8978577632996035,0.9416603605634375,0.0,2632,11700,ancilla
0.14970530451866404,-2.130265083882278,0.6981620408639122,0.14869904717404325,1.2171116387316245,5.482029648166586,0.8497208971859745,-0.066375198884833,0.6091023375696651,0.21752136752136753,0.7978834348058618,0.8923376903301382,0.0,2545,11700,ancilla
0.15479876160990713,-2.0206356501255023,0.807791474620688,0.06788255780847319,1.1653741417432795,4.17565119446083,0.9340251933135533,0.0373288874899728,0.6217200483166618,0.22085470085470085,0.8974644074183865,0.8705353135511069,0.0,2584,11700,ancilla
0.10972762645914397,-2.3799006974885497,0.4485264272576406,0.17218676276448042,1.3893040806706445,4.223029524248409,0.8590571437907515,0.18185934456908318,0.499093850335943,0.21965811965811965,0.8116322398497049,0.9587043552250507,0.0,2570,11700,ancilla
0.11706349206349206,-2.1819072854981423,0.646519839248048,0.01569127329173492,1.1973451327433628,5.651451228674493,0.946851106538837,-0.019600594129105142,0.5208606399339009,0.2153846153846154,0.4750678872113723,0.8529488513553788,0.0,2520,11700,ancilla
0.05244890088700347,-2.5458725819934025,0.2825545427527878,0.014141245111062517,1.3178810551691909,4.428724225925144,0.7740822779215368,-0.3375784492260082,0.2967100117966479,0.22162393162393162,0.17208545363855443,0.9132921422773476,0.21499520855421606,2593,11700,ancilla
0.07616416732438831,-2.4733977567951433,0.355029367951047,0.07582022563696755,1.3088920088920089,4.71917842095873,0.8185647731481938,0.313089601845118,0.388517032450217,0.2165811965811966,0.33037051595071787,0.9061912261477838,0.03730366243422878,2534,11700,ancilla
0.024691358024691357,-2.6408448036725307,0.18758232107365957,-0.047906907505946617,1.3530230796328337,2.7049111734611255,0.8497616852610095,0.025270047633478124,0.16702680404522807,0.22153846153846155,0.10718199018609438,0.9772573537595248,0.47130577014902275,2592,11700,ancilla
0.08385579937304075,-2.4683508577489603,0.36007626699722994,0.11428376803073625,1.343418870035051,2.3683257841408647,0.9001660282556978,-0.14769541222203494,0.41562171303412565,0.2181196581196581,0.5511546577820048,0.957750977361243,0.004500846056932906,2552,11700,ancilla
0.09469096671949287,-2.505288664292029,0.32313846045416117,0.21251453702154333,1.4010100474773526,2.6591630037237994,0.8815274480134301,-0.1805274881338131,0.4519367951280675,0.21572649572649572,0.6966772696478807,0.9721820478840377,0.010705580196755049,2524,11700,ancilla
0.11910471622701839,-2.262197166152696,0.5662299585934942,0.1075280615298988,1.248094512195122,5.168402994797594,0.848441083706295,0.25785892853936915,0.5267819126995705,0.21384615384615385,0.6366799357040536,0.8738532626316742,0.0,2502,11700,ancilla
0.08717167872097449,-2.4789854983272464,0.34944162641894394,0.1436758547891852,1.4137296915712922,5.166762232157468,0.8797554640999662,-0.16798460167548732,0.4269581174969709,0.22452991452991453,0.7359499428474362,0.9761025028051789,0.0052114582828485245,2627,11700,ancilla
0.06436603334625823,-2.549143055953645,0.2792840687925451,0.08482520046520392,1.3075994867442728,2.9998574267320985,0.8547404293259323,0.20645299755027013,0.3445379791834764,0.22042735042735043,0.2586284636075832,0.9228914639294835,0.17123755420204084,2579,11700,ancilla
0.09747160131916453,-2.3898091052456976,0.43861801950049273,0.11276462262665055,1.3585053892919028,2.3684550535956537,0.8881212276421973,0.117829864783331,0.4609291324334453,0.23324786324786326,0.8667708957497304,0.9684296741498981,0.0,2729,11700,ancilla
0.07026205848841625,-2.57602901577541,0.2523981089707803,0.14506411516749962,1.4070964541924245,2.569582380592876,0.9381165428149844,-0.2537769626085123,0.3669008417060973,0.22504273504273503,0.5112006991013858,0.9818389775915904,0.18305205324681106,2633,11700,ancilla
0.03279938977879481,-2.6232933012644515,0.2051338234817388,-0.019592456030806282,1.346968686911668,2.906105540857412,0.7925085158998929,0.290000513386921,0.20824199717144287,0.2241025641025641,0.14704360083716317,0.9619599054810879,0.40522815284906266,2622,11700,ancilla
0.08494208494208494,-2.468802974855995,0.3596241498901951,0.12088084427518098,1.3387980359534146,2.881352765378141,0.907063183813215,-0.0003945866403988088,0.4193579185788013,0.22136752136752136,0.5248200872947657,0.9259741630255724,0.0012737083598339805,2590,11700,ancilla
0.11669793621013133,-2.2790661986608263,0.549360926085364,0.11078229027190822,1.2724725246362634,4.157925213002085,0.852720011781757,-0.07039035401400497,0.5197941044115982,0.22777777777777777,0.8384064542489357,0.9330093112767364,0.0,2665,11700,ancilla
0.0784238714613619,-2.428447337619795,0.39997978712639526,0.04365262341145382,1.31919003617933,4.049431434781268,0.8706132252349064,0.009443544723599444,0.39660110893426553,0.2234188034188034,0.601732804240825,0.9584680544088902,0.0,2614,11700,ancilla
0.04304761904761905,-2.7081753975260616,0.12025172722012867,0.12326237951992436,1.425055653295654,2.6106214363642883,0.8925674744002906,-0.08802969549262317,0.25609502402420603,0.22435897435897437,0.274331702653567,0.9872994167955595,0.48577044286903587,2625,11700,ancilla
0.10513739545997611,-2.436011601389257,0.3924155233569331,0.20233139893139374,1.3648472065936526,2.2132233542075763,0.8977792955224921,0.07936753012255363,0.4850723527227611,0.21461538461538462,0.7658293256340233,0.9617397531337258,0.0,2511,11700,ancilla
0.09476995674400314,-2.2382277581574366,0.5901993665887537,-0.054099534057230336,1.2722995011511897,5.056951269259269,0.8394820520348457,-0.05646331578092621,0.45219402196662406,0.21735042735042734,0.5226918770387045,0.9073017885715647,0.0,2543,11700,ancilla
0.10266159695817491,-2.3554396535839834,0.47298747116220685,0.10775421985031874,1.3154032133402893,2.983087087608883,0.8413640773506099,0.1528580605653646,0.4773763193006363,0.2247863247863248,0.6905960358163583,0.9400572197623615,0.0,2630,11700,ancilla
0.08210298883687432,-2.3524447508392936,0.4759823739068967,-0.011537732608998486,1.3069713803073124,2.4759235916364863,0.8773390417834945,0.18873446388172235,0.4095461987550528,0.23735042735042736,0.6363302494723989,0.9468965313559816,0.0,2777,11700,ancilla
0.05998452012383901,-2.580382122433398,0.24804500231279247,0.09127868525350769,1.3589495820097592,5.7597154775222945,0.8129324735272667,-0.15706365721537602,0.3273834667651235,0.22085470085470085,0.3403265629376713,0.9477358423338492,0.22822854926589065,2584,11700,ancilla
0.10979342004590666,-2.359654924491405,0.46877220025478517,0.1523131744982038,1.354648666669127,3.0614951172446134,0.7396980397788894,0.3822789502700636,0.49929253606162727,0.2234188034188034,0.8901885273244727,0.9670275536681435,0.0,2614,11700,ancilla
0.09318444358875626,-2.3702352577939108,0.45819186695227954,0.06893894874935924,1.223229193322405,2.777462632864355,0.8666310606467371,0.03209236264354901,0.44701069154775863,0.22196581196581197,0.26512211992243206,0.892132725339069,0.0,2597,11700,ancilla
0.14868471216164697,-2.2144793254629644,0.6139477992832258,0.22713994654293823,1.2632893482844447,7.7933717997230145,0.8587002646720207,-0.07504599596477765,0.6065389851914306,0.22418803418803418,0.7765897667627764,0.8629453577828068,0.0,2623,11700,ancilla
0.08366533864541832,-2.529062705317198,0.29936441942899217,0.17391820702256133,1.3913705125038405,1.6852355744926342,0.8149724690427461,-0.38305588455327205,0.4149643603429622,0.21452991452991452,0.5766726794506507,0.9780571245939556,0.07610156412580316,2510,11700,ancilla
0.10034870205346764,-2.3285661048539827,0.49986101989220755,0.06779696174999561,1.2563910287809295,3.664179850414859,0.767139713659955,-0.079382950011216,0.4700999793862354,0.2205982905982906,0.5013699066509427,0.9001250673901985,0.0,2581,11700,ancilla
0.04204322200392927,-2.6176394630249633,0.21078766172122698,0.027044717334051782,1.3195932326229247,2.9280879737628904,0.8451066533846777,0.21584790955521038,0.251583110064433,0.21752136752136753,0.11897829630529096,0.9477667585683146,0.3540349772216367,2545,11700,ancilla
0.15734134434847916,-2.118580836903688,0.7098462878425025,0.18021076455603557,1.2201235436703417,2.8005877351170843,0.8939517392849357,-0.24985158534577967,0.6279110972413466,0.22760683760683761,0.799076347845891,0.8534067311741179,0.0,2663,11700,ancilla
0.10931333859510656,-2.4028392766622355,0.4255878480839548,0.19278177587397316,1.3092997310396868,5.0428805222952935,0.9087989200731719,0.010431433558706207,0.49784129963031265,0.2165811965811966,0.582485344053591,0.9052465948315448,0.0,2534,11700,ancilla
0.13455538221528862,-2.1121066148803984,0.7163205098657919,0.04483967581083492,1.1795837835080707,5.340744965477354,0.8416390530518016,-0.2203119161984341,0.5698002774105598,0.21914529914529915,0.7786992738427096,0.8563578468719647,0.0,2564,11700,ancilla
0.05642633228840126,-2.4844439607649873,0.343983163981203,-0.024787626392291262,1.265301804692624,5.482123359705514,0.8515816374931642,0.23019511734149398,0.31309232307323315,0.2181196581196581,0.20332528690003812,0.9290854272696573,0.12532056817926684,2552,11700,ancilla
0.1362048894062864,-2.1827733153865103,0.64565380935968,0.12483739807991112,1.2282683849529024,5.071276452871608,0.9201996605972791,0.20181899509810253,0.5742128058370731,0.22025641025641027,0.8234915754586236,0.8941479520701753,0.0,2577,11700,ancilla
0.10566910913999229,-2.3061716782337873,0.522255446512403,0.07549930256623671,1.236449656053174,5.732631096534999,0.877816865596881,-0.08967600803880311,0.486712859381923,0.22162393162393162,0.49566964065819474,0.8674232462048287,0.0,2593,11700,ancilla
0.062476044461479495,-2.473833335543228,0.3545937892029625,-0.0011759115995673142,1.3423532453854519,2.6585530121508625,0.8280979835382505,-0.42573042425768387,0.33719646788312724,0.22299145299145298,0.580760457643697,0.988735744883166,0.0891176158257001,2609,11700,ancilla
0.10455974842767296,-2.3169771071174683,0.511450017628722,0.08002923959021402,1.2830630112715347,3.0529952593330396,0.794788945775943,0.16599382720898265,0.4832852131167473,0.21743589743589745,0.6382879117735178,0.9175764900302108,0.0,2544,11700,ancilla
0.06289808917197452,-2.5376841122546403,0.29074301249155,0.06506231052588474,1.389788299937318,2.974044724604121,0.8976560085930261,0.27642953866182773,0.3388434103277416,0.2147008547008547,0.5166239586764034,0.9768465867392407,0.162749817179428,2512,11700,ancilla
0.04206349206349207,-2.6942782193051964,0.1341489054409939,0.10379813838686047,1.3601526739159657,2.746535210145298,0.7333598214427715,-0.23671081922615514,0.25167452098794507,0.2153846153846154,0.1030370596267197,0.9438123310965081,0.46759194088348965,2520,11700,ancilla
0.13203883495145632,-2.180045059484771,0.6483820652614192,0.09854237933174925,1.246559753848732,5.126568746506406,0.8433128345363732,-0.2664878165505049,0.5630033023153067,0.22008547008547008,0.7899542052388485,0.9031282500785899,0.0,2575,11700,ancilla
0.07674508291554184,-2.4003957400449023,0.428031384701288,0.006104363717140071,1.2608808316033726,4.512823621233634,0.869107291556693,-0.26028538993113504,0.39060513970368804,0.22162393162393162,0.3462787354920185,0.8988293167046074,0.0,2593,11700,ancilla
0.12976235382874388,-2.290418054718642,0.5380090700275484,0.19603765265271544,1.2392168209876542,3.637746802705158,0.8536960587799084,0.07944288581407524,0.5567860791188007,0.22658119658119658,0.7576579622632045,0.889258641765586,0.0,2651,11700,ancilla
0.06311413454270597,-2.528992017785874,0.2994351069603165,0.057592353230623505,1.3128345105267978,2.5282872569022494,0.8491098128395649,-0.22416829282458178,0.3396847939800558,0.22615384615384615,0.35580637244158875,0.9541424183534901,0.1512953126009191,2646,11700,ancilla
0.11368821292775666,-2.2724923907195627,0.5559347340266276,0.08718291639094744,1.2627222348634835,5.361366881727084,0.8620432023343869,-0.045022831478643284,0.5109414577368432,0.2247863247863248,0.5683818710002658,0.8773330737804707,0.0,2630,11700,ancilla
0.1010939268200679,-2.471987198533485,0.35643992621270515,0.21543368331726764,1.3570404837633014,1.5799030289234448,0.8707954552199759,-0.23641034303090339,0.4724536991584325,0.22658119658119658,0.7022808786023574,0.9645912733116855,0.0,2651,11700,ancilla
0.09586393505991496,-2.490658302444556,0.3377688223016344,0.20451948611510717,1.4014417948931985,2.8804386704558085,0.9129126790366571,-0.01672416839378667,0.45574574908509924,0.22111111111111112,0.6834119140215208,0.9686316809597534,0.0,2587,11700,ancilla
0.048230260598988724,-2.57839120412375,0.2500359206224405,0.02279563400107376,1.2827654091544844,3.895933139891894,0.8929619941207749,-0.018615432209853285,0.27883112811866606,0.21974358974358973,0.10990649478083335,0.9242521852898303,0.27418815009048514,2571,11700,ancilla
0.1106884747052111,-2.344877621915902,0.4835495028302881,0.14259906567571523,1.300302588327492,4.005717082783838,0.9458722130708213,-0.009638546626983348,0.5019891195197869,0.2247008547008547,0.7302702564168068,0.9413663245147621,0.0,2629,11700,ancilla
0.07348484848484849,-2.3985391299742256,0.4298879947719647,-0.01419491734714562,1.3184702438093647,3.8381650277132553,0.8315541514831732,-0.14415840731569618,0.3787958720025239,0.22564102564102564,0.5065652682493805,0.9318986196276052,0.0,2640,11700,ancilla
0.07628784899724735,-2.4314809898940233,0.396946134852167,0.0346031079325444,1.2308339395019026,2.1927059579348462,0.8441896617760594,-0.05691318625763702,0.388962185653947,0.21735042735042734,0.19119964818935753,0.888266872720808,0.0,2543,11700,ancilla
0.11219147344801796,-2.295267100050393,0.5331600246957975,0.10149078863543437,1.3664816437822573,3.196371697962476,0.8514886976725518,-0.10833792499325777,0.5064909211559366,0.22854700854700855,0.8570805128228824,0.9411644668010545,0.0,2674,11700,ancilla
0.10996955859969558,-2.4751365202288222,0.35329060451736805,0.26879116036212114,1.4371082461417621,3.4806826607481898,0.8675049360996597,0.19271197448575034,0.4998241308851057,0.2246153846153846,0.7776067513949644,0.9612442753490009,0.0,2628,11700,ancilla
0.0569297212406753,-2.5500429850514417,0.2783841396947486,0.04365899582798205,1.310699403052765,3.2330408112968256,0.8823584047598738,0.17889761089395445,0.31513451847242846,0.21769230769230768,0.1838746789468404,0.924257359236086,0.20176424350836797,2547,11700,ancilla
0.11142284569138276,-2.2706584138532584,0.5577687108929319,0.07253408724690047,1.3023166196508609,5.125994670036027,0.8686738347595269,-0.0751896400676558,0.5041928293396709,0.21324786324786324,0.643543814344376,0.8875094932430456,0.0,2495,11700,ancilla
0.0932933683027351,-2.3741458411132874,0.4542812836329029,0.073465703299882,1.2788808945099246,4.378599810468995,0.909313954542281,0.2550901761779795,0.4473681518066768,0.22811965811965812,0.5496305111229204,0.9351192965624552,0.0,2669,11700,ancilla
0.09682477459819679,-2.405258254826521,0.4231688699196692,0.12455476772228202,1.304158521414608,2.3562470737585604,0.8069699106617931,-0.2870557892978176,0.45884878708169496,0.21803418803418803,0.5541866083244938,0.9166029713849446,0.0,2551,11700,ancilla
0.08494957331264547,-2.356244006637806,0.4721831181083842,0.008364236677818937,1.2297500792880298,3.3216982869307445,0.8581614227287151,-0.125036913108627,0.4193835980146576,0.22034188034188035,0.3034305007200314,0.8630697226209052,0.0,2578,11700,ancilla
0.06528537920250195,-2.496675089181887,0.3317520355643033,0.03755783920709144,1.3802154601333594,3.403619433725877,0.9029085942270467,-0.09127622636981109,0.3480780209619071,0.21863247863247864,0.5367483670450583,0.9782542652859139,0.1044763169899724,2558,11700,ancilla
0.10480514566780175,-2.224755991453983,0.6036711332922073,-0.010803699652635057,1.1849273031508867,1.77218830439329,0.8256228796744642,-0.31108688557267317,0.4840450562826729,0.2258974358974359,0.4009032443576944,0.8635022965529089,0.0,2643,11700,ancilla
0.06262626262626263,-2.463746523387176,0.3646806013590145,-0.010412961491814698,1.2547331103296453,2.0686063987435714,0.8984649840025282,-0.0651994640957317,0.33778316474235254,0.21153846153846154,0.12472467291894224,0.8970349081345936,0.077170507267173,2475,11700,ancilla
0.1303850552802135,-2.220240975282428,0.6081861494637621,0.1293831045684124,1.2070588235294117,4.831311027427319,0.8513074640921068,-0.05141125098997626,0.5584932557365959,0.22418803418803418,0.690655441683255,0.8736540027439146,0.0,2623,11700,ancilla
0.13711857860177676,-2.1832111004224237,0.6452160243237666,0.13044378972404935,1.216922768358264,3.596697577611161,0.8522101085200207,0.1279277402225609,0.5766425970731892,0.22128205128205128,0.7679397506242813,0.8704206399440197,0.0,2589,11700,ancilla
0.11343399148277197,-2.395680708671976,0.4327464160742145,0.20893314068198698,1.297267936376314,4.098889201029185,0.6759568707425967,-0.31113293335953834,0.5101878048583098,0.22076923076923077,0.5842939458648428,0.897724976051106,0.0,2583,11700,ancilla
0.04104903078677309,-2.6810875350144565,0.14733958973173378,0.08486879451196705,1.4125408942202835,4.172420632949251,0.9151643169581788,0.05336974308392607,0.24708145450117605,0.22487179487179487,0.36581855458173473,0.9874835522774161,0.45138182147566597,2631,11700,ancilla
0.1056632459141011,-2.243622687136184,0.5848044376100061,0.012917144054334972,1.175998851223739,5.195788765210657,0.7813785242637334,0.016403507333839714,0.4866947930252937,0.22487179487179487,0.4060557193556792,0.8501377899074178,0.0,2631,11700,ancilla
0.05120248254460822,-2.5868496943105557,0.24157743043563462,0.04806755053139211,1.2900511100119711,3.472198331594381,0.7609857704790364,-0.4413133804878396,0.29148322179326325,0.22034188034188035,0.10915313525898887,0.9245237348366352,0.27260459417058797,2578,11700,ancilla
0.08977846871356393,-2.319369108167317,0.5090580165788734,-0.0011943043236306572,1.1956338288816237,4.724302867368479,0.8659246036447572,0.23501887204518673,0.4357299419433004,0.21991452991452992,0.3616268985103711,0.8864410718497168,0.0,2573,11700,ancilla
0.10022779043280182,-2.406750513854422,0.42167661089176844,0.1452973913352582,1.3909325827901773,5.7272787124373545,0.8405285074492486,-0.07423705888749163,0.4697172565729325,0.22512820512820514,0.7824879183588254,0.9686103650339677,0.0,2634,11700,ancilla
0.15030674846625766,-2.1049459772829,0.7234811474632905,0.1267822213254417,1.21807594224288,6.161127783565502,0.8496296402095689,-0.03545200768868679,0.6106074108038678,0.2229059829059829,0.7702656788709825,0.865139606942279,0.0,2608,11700,ancilla
0.10807600950118765,-2.3131431621210323,0.515283962625158,0.09608627098981426,1.2783004510600686,5.809076792523335,0.8042839398079913,0.29675943734226534,0.49408520633088604,0.2158974358974359,0.7086045556429581,0.921841165791584,0.0,2526,11700,ancilla
0.07431158053564693,-2.457115622707613,0.3713115020385773,0.04905827810099206,1.2907940943598342,2.877195249853202,0.7928069144362107,0.05101446719518111,0.38181143240717774,0.22658119658119658,0.33206788145234234,0.9182937545781641,0.025747157322467462,2651,11700,ancilla
0.08169440242057488,-2.5095003860305427,0.3189267387156476,0.14320658877692205,1.3444381864263586,3.0056089504786816,0.8119152682648986,-0.3658019897364712,0.4081215631506171,0.225982905982906,0.6196704749622668,0.9661476530565918,0.05949334031932274,2644,11700,ancilla
0.10233806055960137,-2.348189802599533,0.48023732214665715,0.09867417061473249,1.334635585732063,6.421211283591989,0.8872674521717315,-0.13792152494194515,0.47636355612507086,0.22299145299145298,0.7538956297110057,0.9453956959977619,0.0,2609,11700,ancilla
0.07616146230007616,-2.461989679240313,0.3664374455058774,0.06439684615386199,1.3415082565284178,2.724531778456884,0.8015710918265428,0.1846198439508948,0.38850729306451565,0.22444444444444445,0.577982185904271,0.9570675502863424,0.02448148327551225,2626,11700,ancilla
0.09887553315238465,-2.295481646123112,0.5329454786230783,0.026379001260813606,1.2050489276528262,5.014140526389603,0.8647224775968643,-0.11699660953654753,0.4654209497197554,0.22042735042735043,0.31322452720201743,0.8535678391755294,0.0,2579,11700,ancilla
0.11823802163833076,-2.3131979908462945,0.5152291338998958,0.15362612125646757,1.3565882829741558,2.802622601544438,0.852960482855817,-0.06012364881816134,0.5242748154566795,0.2211965811965812,0.7661270760059908,0.9256300768059751,0.0,2588,11700,ancilla
0.1236084452975048,-2.309492728663116,0.5189343960830741,0.1803005629712624,1.2639767636804367,7.209964629503926,0.8923502766138462,0.0791623197541858,0.5396450433394213,0.22264957264957264,0.7374539296601945,0.9164610627737226,0.0,2605,11700,ancilla
0.09761811792268645,-2.444664394990208,0.38376272975598225,0.16844873544241468,1.2942427004344346,5.241737481179668,0.8563284961460267,0.09306973588131623,0.4613994093545099,0.21888888888888888,0.278863540950878,0.8765791640375622,0.0,2561,11700,ancilla
0.031237797735259663,-2.7188923824955835,0.10953474225060678,0.06717292661287999,1.3872699467383853,3.932773577751061,0.8452315108356603,-0.021871269712646812,0.2005618683494755,0.21888888888888888,0.19319732415092564,0.9878704959040043,0.5592593903693244,2561,11700,ancilla
0.03289977046671767,-2.6933615029713533,0.13506562177483694,0.05104358459713865,1.3953281541449534,3.683946120385258,0.8261935519199014,-0.13425053261670414,0.20873183425140232,0.2234188034188034,0.22454292870969683,0.978188002845245,0.5090692544028597,2614,11700,ancilla
0.08007736943907157,-2.4963712822193758,0.3320558425268145,0.12093016507276877,1.296851126814362,2.773686699927901,0.7627430314464716,-0.025944387106921006,0.4024517475630204,0.22094017094017093,0.30414822651651835,0.9090046399022528,0.04974875006940793,2585,11700,ancilla
0.09720627631075392,-2.3393573044875984,0.4890698202585919,0.060811916967226765,1.2271376413694777,3.4561009721909595,0.8912385753679388,-0.06909701160378331,0.4600766177463421,0.22333333333333333,0.2750793592408661,0.8551889544582442,0.0,2613,11700,ancilla
0.06946061311602639,-2.3455032093661736,0.48292391538001667,-0.08999535090227662,1.1975644508052512,4.769937231285542,0.8941074050824591,0.31139292229380067,0.36390753337005427,0.22025641025641027,0.2757847353064462,0.8786966213747589,0.0,2577,11700,ancilla
0.055745164960182024,-2.546237633592785,0.2821894911534053,0.03315278214025419,1.3109700642826623,2.005024177162862,0.8375991382590993,-0.09330897418071822,0.3103179568088153,0.22538461538461538,0.22494556377684366,0.9277083584255056,0.2018406905799205,2637,11700,ancilla
0.08977272727272727,-2.3922711671649046,0.43615595758128567,0.07167527617996239,1.275451736345591,5.268692499726134,0.8188292194406264,0.2600178794273816,0.4357107550412869,0.22564102564102564,0.2673573721382912,0.8599180320555222,0.0,2640,11700,ancilla
0.13654301499605367,-2.2618804708268763,0.566546653919314,0.20585728069961418,1.265104422611767,4.7555968690941794,0.8930246453233132,0.01025575795862768,0.5751131798462473,0.2165811965811966,0.7490872777989199,0.9047030501744563,0.0,2534,11700,ancilla
0.06451612903225806,-2.6136342214486072,0.21479290329758305,0.1501654353793449,1.4141022376316492,2.8385795020708766,0.8736414791282507,-0.05557752373322007,0.34511731494495285,0.22256410256410256,0.45697158522811143,0.9695690244456245,0.2549824831760524,2604,11700,ancilla
0.02126072361059306,-2.824133311203324,0.004293813542866509,0.1159750011609999,1.4234501547987617,3.489059142988961,0.8119839210385085,-0.1541043440135342,0.1484618109854549,0.22914529914529916,0.12004504354927646,0.98826124302632,0.8351241935260645,2681,11700,ancilla
0.08001576665352779,-2.388719757292567,0.4397073674536234,0.012930162166775894,1.3128309501038047,2.460762149626025,0.8953496338736306,0.024843828548174695,0.40223474254657965,0.21683760683760683,0.4794174683941492,0.9215352471814819,0.0,2537,11700,ancilla
0.07261247040252565,-2.4699307897769924,0.35849633496919786,0.05226182679346936,1.2774038844657591,2.6906849887430226,0.8336203382091976,-0.12238447715821939,0.3755981069594593,0.2165811965811966,0.1577325137884932,0.8973437126193105,0.04630458731253828,2534,11700,ancilla
0.13662024840045164,-2.1446695187563107,0.6837576059898796,0.08908322674091984,1.2267299689186408,9.143422129072182,0.9188905531209115,0.2477214696513607,0.5753186435884516,0.22709401709401708,0.7428220191528431,0.8569635019139956,0.0,2657,11700,ancilla
0.0875281743050338,-2.474689217362826,0.3537379073833642,0.14139621738437613,1.2500062099767002,6.394321432119442,0.8371919714726258,0.31527244202780486,0.4281649207898168,0.22752136752136753,0.24288637042009836,0.8835789296105362,0.0,2662,11700,ancilla
0.09224806201550388,-2.373614914014094,0.4548122107320962,0.06702163088774382,1.2669192679531247,6.2913169149285135,0.9167572687261534,0.15039084511719122,0.4439293728063,0.2205128205128205,0.43710672150018337,0.8984895256911423,0.0,2580,11700,ancilla
0.1249024199843872,-2.207757450528967,0.6206696742172233,0.08588511104333962,1.209520487199196,5.940276122323795,0.8239470864358709,-0.06366542944331477,0.5432904386501077,0.21897435897435896,0.559180554033639,0.860698794778242,0.0,2562,11700,ancilla
0.06561173292165187,-2.5869629052740706,0.2414642194721197,0.1296917907222861,1.3970755480523063,3.3472840465148783,0.8864018452700486,0.10056485229848831,0.3493298623627132,0.22145299145299147,0.4545462138467292,0.9758818733907499,0.21490705039697983,2591,11700,ancilla
0.09768339768339768,-2.3648632542520973,0.463563870494093,0.08901687279608916,1.3506607036824099,2.4540696776805118,0.8507664317088472,0.11280979110014024,0.46160882570398454,0.22136752136752136,0.7694346857764605,0.9638272787294813,0.0,2590,11700,ancilla
0.11176240719030871,-2.283293071115211,0.5451340536309792,0.08708959441701625,1.2025063102330114,2.992788655621905,0.8260361703704804,-0.03317443190420422,0.50520913018654,0.21871794871794872,0.4209784422229198,0.8662687785202681,0.0,2559,11700,ancilla
0.034839203675344564,-2.6415967200282005,0.18683040471798984,0.010249892641813307,1.322828230176119,2.7272210307083142,0.7595099337720939,0.15638157758653776,0.2181077466825486,0.22324786324786325,0.15340562453559559,0.9731803697131726,0.42130708729483635,2612,11700,ancilla
0.08517350157728706,-2.4571143807063334,0.3713127440398569,0.11050134030176562,1.3661662623285475,5.3910700495908745,0.8425707322530849,-0.0757322672260441,0.42015102173958185,0.21675213675213675,0.6542740628064782,0.9721263070435131,0.0,2536,11700,ancilla
0.09663703131039815,-2.3243628865151855,0.5040642382310048,0.04259736299554895,1.2042380815229858,2.889364042605289,0.8502013900437184,-0.22140816714720235,0.45824367031945895,0.22111111111111112,0.23085672128906662,0.854579515701465,0.0,2587,11700,ancilla
0.049658832448824866,-2.5833243829964294,0.24510274174976088,0.03581003561320406,1.3122452634217971,3.5329341548249737,0.8331540041480401,-0.19131735751340423,0.28494593065712026,0.22547008547008546,0.11894294996657938,0.9212634565180385,0.2745117851869701,2638,11700,ancilla
0.07601672367920942,-2.4547046625137683,0.373722462232422,0.05629306414480206,1.2980209517760037,2.3671165001214347,0.8273307530224555,0.05593868102069363,0.3879859456543785,0.22487179487179487,0.3436493391320721,0.9113155492446705,0.016897952648092907,2631,11700,ancilla
0.027418126428027417,-2.669282176896047,0.15914494785014321,-0.00404460285263708,1.372290802472221,3.4523523842204273,0.9031439984373177,-0.006006614525490982,0.1812738451866405,0.22444444444444445,0.18041467917246196,0.9814347038422881,0.4990570705216586,2626,11700,ancilla
0.07495219885277246,-2.5327178914707673,0.295709233275423,0.12828443131368106,1.335864689187952,2.725880190467759,0.7485029295502059,0.10280472222084139,0.3841382655419445,0.22350427350427352,0.2915820053415157,0.9059737606357231,0.11137615883848839,2615,11700,ancilla
0.04431818181818182,-2.6616711022277255,0.16675602251846477,0.08394547262949281,1.340533363885725,4.242912509689504,0.8311837122322542,-0.31147237581206416,0.2617520767744278,0.22564102564102564,0.18005801397769475,0.9502574330658098,0.4071148510700001,2640,11700,ancilla
0.05379984951091046,-2.606324370371846,0.22210275437434435,0.08223515295349992,1.364569194915013,4.6622453043902725,0.845791190780008,-0.041986489943208756,0.302324240607278,0.2271794871794872,0.36629533401746805,0.976830305590611,0.28779627776384253,2658,11700,ancilla
0.026879626022594468,-2.710149896534703,0.11827722821148745,0.033776898479191964,1.3960251271993405,2.1627981255841298,0.8589576366771526,-0.34719524679350244,0.1784934177338245,0.2194017094017094,0.12898184352187717,0.9699905981395365,0.5666440969452966,2567,11700,ancilla
0.0959968907889623,-2.3147068913853808,0.5137202333608095,0.02932018623678756,1.1872131585588528,3.689579201943398,0.843913982248421,0.05472812989864342,0.45617604351844,0.21991452991452992,0.36821649856681293,0.8951524470298156,0.0,2573,11700,ancilla
0.030923850019327407,-2.5979667466546705,0.23046037809151976,-0.05552866569902237,1.3115928988545669,6.487626094784154,0.8966053879788609,-0.14722861772598475,0.19900397005633952,0.22111111111111112,0.12448247884798312,0.9685295828062107,0.3798481679578535,2587,11700,ancilla
0.14174454828660435,-2.1214770294595544,0.7069500952866359,0.09487815503081976,1.1952852936580642,5.284305651268022,0.848124777619346,-0.09818836948095261,0.5887894552207622,0.2194871794871795,0.7392127938968472,0.8698445217740549,0.0,2568,11700,ancilla
0.09168942645337495,-2.399784033881633,0.4286430908645573,0.09003063080173579,1.345544131449608,4.427545581840541,0.7909477657934203,0.2533633776001691,0.4420839042462167,0.21905982905982907,0.663218466146661,0.9589943343222187,0.0,2563,11700,ancilla
0.14834742505764797,-2.1381270085203994,0.6903001162257909,0.1488796456128174,1.247337720547703,4.9223721193885766,0.8128307295376274,0.2850391737917158,0.6056892373594248,0.2223931623931624,0.8804063101205767,0.8640419862505285,0.0,2602,11700,ancilla
0.08930624760444615,-2.484335579918518,0.34409154482767246,0.16110088143975743,1.3391782691252385,3.66350478388394,0.88808874882689,-0.09584838031805185,0.43414991309224443,0.22299145299145298,0.3593093315479905,0.8935212631438628,0.004138612059246816,2609,11700,ancilla
0.09450633883980022,-2.516748719851077,0.3116784048951131,0.22293017957477756,1.415377401641586,4.999330998253153,0.795297112252768,-0.25413015538223416,0.4513351545085694,0.22247863247863248,0.6915200418136312,0.9580691391703248,0.024899989876354334,2603,11700,ancilla
0.1090065713181291,-2.3014518936105857,0.5269752311356046,0.08965905504794813,1.2207762534879878,4.48533773824286,0.8010750687192838,0.029787347597246657,0.49691218646925817,0.22111111111111112,0.4781964810046184,0.8646406651904669,0.0,2587,11700,ancilla
0.11632341723874905,-2.230208695712199,0.5982184290339911,0.05980618808850169,1.185068252576834,2.308731265661979,0.8648403952740146,-0.24064056001076414,0.5186994786591619,0.2241025641025641,0.5790639703382986,0.8791285508545182,0.0,2622,11700,ancilla
0.05987116331943918,-2.580806860406002,0.24762026434018836,0.09106218030543367,1.355275924421782,2.7735104140277103,0.8925183748307077,-0.28915667216929913,0.3269332732326332,0.22555555555555556,0.26504421058289973,0.9355286153761535,0.22923286104990814,2639,11700,ancilla
0.08469308469308469,-2.360236372575595,0.46819075217059547,0.01090568387809876,1.3109644004667742,4.8951716639725396,0.8829724532211977,0.008591124838714204,0.4185034432145109,0.22,0.6720729260109655,0.9625497925424367,0.0,2574,11700,ancilla
0.07093821510297482,-2.635170519403332,0.19325660534285838,0.20803053821380946,1.4155963233232551,2.2376762438368605,0.8295206010899331,0.3172095140743884,0.3694151720196494,0.2241025641025641,0.483062229424743,0.9818232728416476,0.26079656004361895,2622,11700,ancilla
0.09241432422025414,-2.461496974127044,0.36693015061914647,0.15584421206016463,1.3979336373106546,1.8989501948641871,0.8353319444633909,-0.21272575242676575,0.444477585206444,0.22196581196581197,0.5952659109051733,0.9435711695306412,0.0,2597,11700,ancilla
0.15143299767621998,-2.088236097938759,0.7401910268074312,0.1164433696106637,1.158860644053501,3.684920303651734,0.904259906347187,-0.19040408219339466,0.6134147943680922,0.2206837606837607,0.729104089465344,0.8553421665239619,0.0,2582,11700,ancilla
0.06694402420574887,-2.5658397883024953,0.26258733644369503,0.1161052513627161,1.4160093232010942,3.0113896107772904,0.9002996382245378,0.03146522664177568,0.354414442935417,0.225982905982906,0.5672475457448879,0.9880604973854434,0.18243190755415672,2644,11700,ancilla
0.0330672748004561,-2.6835208397472545,0.14490628499893576,0.04215046897515684,1.3889199689199687,2.655866696387565,0.8378126889010962,0.21366213086549893,0.20954820424827642,0.22487179487179487,0.23079498468498283,0.9663738351321961,0.49270812298722766,2631,11700,ancilla
0.07784663051897754,-2.4247415091323665,0.40368561561382377,0.036681427046117765,1.331657280772325,1.7063708325948956,0.8903655842754643,0.025774036474263497,0.3945458351229808,0.2206837606837607,0.5286367526975964,0.9523270387528947,0.0,2582,11700,ancilla
0.07568807339449542,-2.4849430364235987,0.3434840883225916,0.08467231129495101,1.3326483787157946,2.844864664734024,0.8586184910245178,0.11240429192381715,0.3868005508420645,0.2235897435897436,0.5248769162722163,0.9675856736309123,0.05218523664379804,2616,11700,ancilla
0.09317269076305221,-2.442749521424867,0.3856776033213234,0.14138672835828814,1.3589291010791387,3.7854204063539356,0.844984410888612,-0.035306312023212064,0.4469721099775186,0.2128205128205128,0.6749128985743775,0.9705738186291528,0.0,2490,11700,ancilla
0.045754168282279954,-2.552995234756052,0.27543188999013823,-0.016607228710533217,1.3530359320361172,5.804813600071823,0.8396989216482339,0.17191244574613407,0.2680795369616729,0.22042735042735043,0.4012193987098591,0.9828696456757984,0.25251382590491755,2579,11700,ancilla
0.11244668476153548,-2.3646347831552124,0.46379234159097793,0.17230216494364425,1.2960418438415404,4.80810796796432,0.9190578430724389,-0.10956346439736889,0.5072520731985597,0.22042735042735043,0.5978444477995112,0.9014100906312237,0.0,2579,11700,ancilla
0.0713472485768501,-2.514274028855283,0.31415309589090734,0.08944789041063617,1.3680425186920098,3.066700339516094,0.8846398392829499,0.05625456793944392,0.37093132437973353,0.22521367521367522,0.4391650542854433,0.947785222313474,0.10235175695709497,2635,11700,ancilla
0.07341970946211229,-2.4631492043902328,0.3652779203559575,0.05004667511128824,1.2917803976627507,4.398102116180424,0.8070937275686876,-0.38929150234394055,0.3785576594971596,0.21769230769230768,0.2758841996142241,0.9052160157006779,0.035727502904458586,2547,11700,ancilla
0.0932009167303285,-2.4296098003657223,0.398817324380468,0.12840667748207624,1.30304675804984,2.752283066134487,0.8773797708121208,0.15445981497538894,0.44706476475836887,0.22376068376068375,0.5219408241322369,0.9337911654898813,0.0,2618,11700,ancilla
0.119220481467329,-2.2827540176088323,0.545673107137358,0.12873978007762954,1.2615324009290207,3.7493911512614497,0.8256455585939839,-0.48226090486658807,0.5271160047339287,0.22367521367521367,0.6538303664778526,0.9001067853104384,0.0,2617,11700,ancilla
0.09018264840182648,-2.359740733400205,0.46868639134598533,0.04146370649636433,1.2102173303556754,4.6421422331755196,0.8796948854071456,-0.1370398968256705,0.437079179970583,0.2246153846153846,0.1698300664328783,0.8541803295687578,0.0,2628,11700,ancilla
0.10744763382467029,-2.246192448220585,0.5822346765256055,0.02558092747338181,1.1874397876366256,4.558410168513097,0.778730634457376,-0.14931013840402438,0.49216892144960467,0.22034188034188035,0.325309871312368,0.8548691972198436,0.0,2578,11700,ancilla
0.03596287703016241,-2.679029213948069,0.14939791079812137,0.05403884295392469,1.3760208393632416,2.9316603036140614,0.8763873451163866,0.04558147259735601,0.22346556290795036,0.221025641025641,0.19437374160031162,0.9721344757847745,0.47180436181523333,2586,11700,ancilla
0.1251896813353566,-2.267025359978545,0.5614017647676453,0.1467780160868637,1.2638041768476551,3.9078821170901326,0.7987107324988307,-0.2534236439641402,0.5440967088448858,0.2252991452991453,0.8870418787049696,0.9320301843913115,0.0,2636,11700,ancilla
0.1546471268800617,-2.269595098241413,0.5588320265047773,0.3159842303584872,1.3002345564698683,3.7459448827102637,0.9236019263080728,0.07939237263753102,0.6213485830793273,0.22162393162393162,0.892788558410264,0.8965252621217242,0.0,2593,11700,ancilla
0.14389312977099236,-2.1771295511295734,0.6512975736166169,0.16268488900117983,1.2219775657991552,4.386454873126828,0.8956303031296331,-0.11492265228766262,0.594344455962677,0.22393162393162394,0.8768705926675212,0.8958585882969117,0.0,2620,11700,ancilla
0.06441717791411043,-2.5081554508738986,0.3202716738722917,0.04412691275145075,1.317621541182912,3.417589701463222,0.8380479693276979,-0.09343577570644698,0.34473544633021924,0.2229059829059829,0.2553864215079632,0.9071042089273352,0.1212886945252909,2608,11700,ancilla
0.0770698206791301,-2.3826691206224107,0.44575800412377964,-0.009785261507426757,1.2442947545015572,3.917464709492989,0.7148554933988611,0.007717940530871142,0.3917694158586345,0.22401709401709402,0.28542991448129085,0.87738479753739,0.0,2621,11700,ancilla
0.06216423637759018,-2.634990215989829,0.19343690875636144,0.1582171159626582,1.392679130002631,3.6944164704904505,0.8672771836986912,-0.040775850987167545,0.33597688464477143,0.22273504273504274,0.46439537963112,0.9787793719814222,0.29397812959376307,2606,11700,ancilla
0.03637059724349158,-2.577169347934767,0.25125777681142347,-0.045514609238002546,1.3695313342060995,2.934690833290906,0.8668352066402395,-0.11930979536100235,0.22539654861625263,0.22324786324786325,0.2359495265443596,0.973825129254464,0.32603529501271544,2612,11700,ancilla
0.10785091197462332,-2.3583136305298247,0.4701134942163656,0.13998339549891092,1.2433390027111604,4.01985019176855,0.7305999112610316,0.2825059342407407,0.49339943322473423,0.21555555555555556,0.3657220566543863,0.870535870289252,0.0,2522,11700,ancilla
0.05557684936757378,-2.5768386586430294,0.2515884661031609,0.06280167041519702,1.3433184647520744,3.2111502490695494,0.7435633750290018,0.15152419579262308,0.3096304605827252,0.22299145299145298,0.36468556604985547,0.9609127933549575,0.24137224214182246,2609,11700,ancilla
0.07560405300077942,-2.4559706696220647,0.3724564551241256,0.05522465337218074,1.336552767905996,3.462498206848386,0.6932171861003875,-0.03340830758976034,0.3864971440813335,0.2193162393162393,0.5198551856622831,0.9569823054326709,0.019790315445045392,2566,11700,ancilla
0.11444866920152091,-2.2788918422975577,0.5495352824486326,0.09788415827273855,1.2935294900812142,4.7047261830296785,0.8065133911921983,0.21195440944689906,0.5131903536884945,0.2247863247863248,0.7220677886855532,0.9200399104765691,0.0,2630,11700,ancilla
0.10284810126582279,-2.3556315719544316,0.47279555279175867,0.10900116590603348,1.3214553267437035,4.3983968052695355,0.8557285549029213,0.03418291949341402,0.47795938696018314,0.21606837606837606,0.6498653855953948,0.9148655098056192,0.0,2528,11700,ancilla
0.08487229862475441,-2.301208661892353,0.5272184628538374,-0.04710823971420908,1.20249958993603,5.26104018538264,0.8202811900155302,0.23000886459685693,0.41911855434049716,0.21752136752136753,0.20980880610445826,0.8643177920120054,0.0,2545,11700,ancilla
0.10042000763650248,-2.382549681651362,0.44587744309482824,0.12218390383777811,1.3281580206807537,2.2942582020866116,0.7788216569079958,0.4450730978401884,0.470325574160279,0.22384615384615383,0.7708786769705832,0.9534704108800496,0.0,2619,11700,ancilla
0.11959876543209877,-2.2535163654877866,0.5749107592584037,0.10164202521020682,1.228924776308086,3.49436384568918,0.8528062396561797,0.017142010572832656,0.5282064281447385,0.22153846153846155,0.5803270756066902,0.8808791614975185,0.0,2592,11700,ancilla
0.07327102803738318,-2.4245273626344668,0.4038997621117235,0.010583764206222757,1.2387797232204296,4.380961425430116,0.8699852806707228,-0.01562066896749324,0.3780135963681837,0.22863247863247863,0.1565740787292108,0.8896874788980853,0.0,2675,11700,ancilla
0.03821169277799007,-2.7016330673902362,0.12679405735595406,0.08936391931551624,1.4287802419354838,2.7663762181373412,0.8924981705587967,0.05581943224442426,0.23403191428316755,0.22367521367521367,0.32893385542961334,0.986102487833968,0.4971028919159557,2617,11700,ancilla
0.03452243958573072,-2.726428791452517,0.10199833329367314,0.09329007577971149,1.3847758165956585,2.633000347216469,0.899824654616237,0.01652462557682431,0.2165876588313539,0.22282051282051282,0.15837499444966988,0.9752200558719684,0.556163071832225,2607,11700,ancilla
0.09903288201160541,-2.38920950317669,0.4392176215695005,0.12099695787732712,1.2704129558087138,3.3629670595973957,0.8301843609976847,0.025522534838460193,0.46592238396937347,0.22094017094017093,0.5984911555576973,0.9337327017443479,0.0,2585,11700,ancilla
0.1147036181678214,-2.35800516160278,0.47042196314341034,0.17843968672138155,1.3366448756588398,2.1575149013148436,0.8639803831789334,0.1960230594036471,0.5139424689079578,0.22205128205128205,0.8364148736536147,0.9574526950678408,0.0,2598,11700,ancilla
0.07275483137552104,-2.5337463550076906,0.29468076973849966,0.11688270729921824,1.3122143615798856,5.841762733449985,0.8606566462298866,-0.03234328369698889,0.3761210499247041,0.22555555555555556,0.3788530325458438,0.9357271051845171,0.12064894272806104,2639,11700,ancilla
0.052756842522808406,-2.557400675045038,0.2710264497011523,0.027411319113797017,1.3300050278657065,2.765392175508977,0.8463203531524693,-0.07326054589038587,0.29799436180260463,0.21547008547008548,0.2720556131367234,0.9353004104736921,0.22814044109614762,2521,11700,ancilla
0.07627443464929091,-2.4803883631476937,0.34803876159849656,0.08343459817497356,1.2935761490942643,3.5764637283372065,0.7658613870070676,-0.3555827604783906,0.3889139200857783,0.22299145299145298,0.5316914530173066,0.9636115326549274,0.04485630829662779,2609,11700,ancilla
0.060675883256528416,-2.5578598251207607,0.2705672996254296,0.07266732841596646,1.3258888573494487,3.654658260898163,0.8615116773412813,0.1690838432778649,0.33012210092678373,0.22256410256410256,0.3019224319194761,0.9404519432845034,0.19659221448320985,2604,11700,ancilla
0.060546875,-2.5285187800775533,0.29990834466863703,0.04259650246859703,1.3448186178646275,5.208347054245856,0.9165554356966403,-0.04045862306087636,0.329611994305892,0.2188034188034188,0.4343070294110696,0.9651565561581555,0.16079378585994153,2560,11700,ancilla
0.06766628219915417,-2.5944992345864506,0.2339278901597397,0.14885040584589593,1.3434056089206599,2.218812560969432,0.8785103700693747,-0.17069116630644984,0.3571536953279753,0.22230769230769232,0.38744265319765236,0.9621557258716708,0.21706627617767277,2601,11700,ancilla
0.09391634980988593,-2.368432852270294,0.4599942724758961,0.07127683004297003,1.2298846495119786,4.610157999582533,0.9064536038244324,-0.1522069146429199,0.44940871990482395,0.2247863247863248,0.24425105039956901,0.8562138663628984,0.0,2630,11700,ancilla
0.08458864426419467,-2.4303845460454054,0.39804257870078485,0.08046305306392387,1.2108556000590602,2.839340731542045,0.7601103598503705,-0.19434420459624333,0.41814469956230516,0.22128205128205128,0.12085781769991613,0.8587624213460072,0.0,2589,11700,ancilla
0.1310790273556231,-2.3509769179783193,0.477450206767871,0.2640447461481137,1.3484962536337028,4.273885446974456,0.9077423042813608,0.007759606674790693,0.560390013166813,0.22495726495726495,0.8726840473064756,0.9259102285699492,0.0,2632,11700,ancilla
0.11596443757247778,-2.2565698674108647,0.5718572573353256,0.08413666413653909,1.2090332612897934,4.263738446268885,0.8686575351889305,-0.2927167155940051,0.5176484227047412,0.22111111111111112,0.5143960124635057,0.8810126428068429,0.0,2587,11700,ancilla
0.09474885844748858,-2.39952871352581,0.4288984112203802,0.10708207132284775,1.296961033763115,2.4470394610377952,0.8746368429016699,-0.15220951255248574,0.4521253267529432,0.2246153846153846,0.27288603118158006,0.8703806080697682,0.0,2628,11700,ancilla
0.08288564850345356,-2.3283191546545967,0.5001079700915936,-0.031235937132900293,1.2253366137329458,2.388287438900268,0.8497832403519268,0.09319442060531873,0.4122662195573539,0.22273504273504274,0.30709017571720676,0.8826469931026358,0.0,2606,11700,ancilla
0.08498689629352303,-2.4461248801305677,0.38230224461562257,0.09845624083356119,1.3035354139553208,1.9007248488186714,0.8505441226762798,0.3115807289600014,0.41951157203458106,0.22829059829059828,0.3582761827451132,0.9078399526599346,0.0,2671,11700,ancilla
0.1286903860711582,-2.2306591104595674,0.5977680142866229,0.13021474302882385,1.2978825496709583,4.213271509701554,0.8383651402878687,-0.1903316413384624,0.5538355937043549,0.2258119658119658,0.8354883911242117,0.9125480904080412,0.0,2642,11700,ancilla
0.09146341463414634,-2.41985778789822,0.40856933684797037,0.10882586889828394,1.3554852320675106,3.6284395848151956,0.8535946013351481,-0.07869813528661147,0.44133573338034066,0.2242735042735043,0.7119999874302736,0.9769213166372055,0.0,2624,11700,ancilla
0.1024653312788906,-2.327817364382761,0.5006097603634294,0.07902168430720735,1.2413342895281458,5.421798747842641,0.7952891166339202,-0.0035481391215040755,0.4767621464369876,0.2218803418803419,0.5395217571268521,0.9090814371889239,0.0,2596,11700,ancilla
0.06401851137678365,-2.444071881308453,0.3843552434377373,-0.02221185530980252,1.2792689240965103,3.3081731786709883,0.8101172504386868,-0.060748824272633756,0.3431945487856543,0.22162393162393162,0.16805445994189522,0.900599681908811,0.04998175700520657,2593,11700,ancilla
0.06462585034013606,-2.499187796139876,0.32923932860631444,0.036339687517342956,1.374440564197923,2.9353160182073545,0.9049417554405663,-0.07339422705440626,0.34554047385427533,0.22615384615384615,0.4660575810245142,0.955262632997837,0.10994550330443875,2646,11700,ancilla
0.07109915449654113,-2.552559377241484,0.27586774750470644,0.12632980674436745,1.4038556290212876,2.639436784028164,0.8528537666639384,0.16387592412971208,0.3700121572808504,0.2223931623931624,0.5974823562543866,0.9784651174499532,0.1500348005970184,2602,11700,ancilla
0.1469785575048733,-2.1223357140175847,0.7060914107286056,0.12534486687709734,1.1953644049851597,4.051030601536535,0.868787931383046,-0.01895150673956084,0.6022272060997185,0.21923076923076923,0.8134970524172774,0.8700372441818812,0.0,2565,11700,ancilla
0.08080808080808081,-2.4088509474136552,0.41957617733253505,0.03754335797998065,1.2690840814410609,3.762951199499118,0.8226248819977748,-0.3186391960722268,0.4050201326242423,0.22,0.40765184082874484,0.9107895969503914,0.0,2574,11700,ancilla
0.0996615268898082,-2.4047622022579707,0.42366492248821963,0.1401058094092913,1.3098132751126532,3.4222499401754285,0.9091178402175285,-0.31588805911335505,0.46792174006483483,0.22726495726495727,0.6160921964385426,0.9246657440010257,0.0,2659,11700,ancilla
0.05409643277146217,-2.558053164063363,0.27037396068282726,0.03564167492279724,1.3106358667154137,3.0322230710311513,0.8195936492676386,-0.10214955969847309,0.30354980447428903,0.21803418803418803,0.17498973911914267,0.9223621487521809,0.22340864375649777,2551,11700,ancilla
0.08165590581086213,-2.5353670481495687,0.2930600765966216,0.16885548118570348,1.387462856532802,3.0776544360013367,0.8137692166811699,-0.03810382325966676,0.40798717012273783,0.22504273504273503,0.6118540780964177,0.9784246553001822,0.09076488753760903,2633,11700,ancilla
0.08730461303850552,-2.5155643480427567,0.31286277670343354,0.1810066945637243,1.4078457498922288,3.6569332956601954,0.8931417654189561,-0.06769706751021917,0.42740839363099875,0.22418803418803418,0.6694083103676098,0.982458675208969,0.04741274217739988,2623,11700,ancilla
0.05311077389984825,-2.5684452340982724,0.2599818906479179,0.04045801638126756,1.3560575835550854,3.821361111111015,0.833435196157246,-0.2649148468079851,0.29946714337964986,0.2252991452991453,0.4042593959208234,0.9731726909921026,0.24071229709907793,2636,11700,ancilla
0.109765625,-2.356019080022028,0.4724080447241623,0.1485200975052745,1.3436459340423246,2.18904750124518,0.844384908899832,0.15141003208829484,0.4992086074273262,0.2188034188034188,0.6768724301735249,0.924750672454688,0.0,2560,11700,ancilla
0.08930624760444615,-2.3752828355326,0.4531442892135904,0.05204813705383948,1.293058873120697,4.4440724279472725,0.891066998738553,-0.1889637466100225,0.43414991309224443,0.22299145299145298,0.16702320464677917,0.8570029306384507,0.0,2609,11700,ancilla
0.13395638629283488,-2.275092047989652,0.5533350767565381,0.2044366762907277,1.265709609539397,4.0773357380374495,0.8538683730012376,-0.020127873566724123,0.56818960341724,0.2194871794871795,0.8400626038498203,0.9023770786801548,0.0,2568,11700,ancilla
0.108003108003108,-2.317417477383736,0.5110096473624544,0.09994819310331149,1.2105556944299503,4.49498989994756,0.8902661573391631,0.017782731607962943,0.4938631906431904,0.22,0.4102464680256692,0.8759785770110879,0.0,2574,11700,ancilla
0.1125574272588055,-2.284976997929721,0.5434501268164693,0.09327083388443436,1.2679008000076624,4.800696589531704,0.8637942422434138,-0.10500817946449713,0.5075820628577274,0.22324786324786325,0.673462505552273,0.9271496680282593,0.0,2612,11700,ancilla
0.16323417238749047,-2.123772844100547,0.7046542806456433,0.2187376410869042,1.2468226892145995,3.4383118189658326,0.828998018229268,0.08337312178498854,0.6419908847128697,0.2241025641025641,0.8991804601572614,0.8572389316896517,0.0,2622,11700,ancilla
0.04838709677419355,-2.6216594611532007,0.2067676635929896,0.06695109041470637,1.384464002301664,4.425425778152013,0.8743163050650833,0.02584080174090588,0.27950554563667995,0.22786324786324785,0.26717245065293094,0.9525517706067569,0.3316879222877771,2666,11700,ancilla
0.05313092979127135,-2.53663508075317,0.2917920439930204,0.008761881976214081,1.2968067341284324,3.626118651394351,0.798573624839062,-0.24617818499529476,0.29955090784042915,0.22521367521367522,0.15229946270264555,0.9246073276353778,0.20075491223246217,2635,11700,ancilla
0.08968437259430331,-2.3797826813376406,0.4486444434085497,0.05868698081459289,1.2069676355390642,3.8585449989818055,0.7912150383427702,-0.2461627527806807,0.4354154155784704,0.22205128205128205,0.10153496212745372,0.8553231939220041,0.0,2598,11700,ancilla
0.07067961165048543,-2.469933493752728,0.3584936309934621,0.04133063052405772,1.2888005897714636,5.374098698058328,0.8347579758620629,-0.048510149168737166,0.36845472571996607,0.22008547008547008,0.28487343966235035,0.9116578555270899,0.0534510180209441,2575,11700,ancilla
0.07816818002368733,-2.3745343427096843,0.45389278203650596,-0.011706780694424879,1.2254244107644554,6.700528066619265,0.9257621769491259,-0.10324049056518769,0.3956915395412359,0.2164957264957265,0.2225283752836802,0.8678628415473884,0.0,2533,11700,ancilla
0.0948905109489051,-2.4047163858287517,0.4237107389174386,0.1130710511803783,1.3100543529678896,2.6908360289534006,0.7221197570780293,-0.3230316455696562,0.4525863981152221,0.22247863247863248,0.6312370020857532,0.9396767746029258,0.0,2603,11700,ancilla
0.06961077844311377,-2.396056488474237,0.4323706362719535,-0.03859260842555301,1.2297197148279762,4.799398991761083,0.8694717486044918,-0.2027344366028833,0.3644694708563234,0.2283760683760684,0.1813673977823007,0.8748493176839736,0.0,2672,11700,loss_manipulation
0.05805243445692884,-2.5587828236673094,0.26964430107888093,0.058749859472174926,1.305790867779641,3.3782187374420305,0.9249416789621614,0.015895010971362547,0.3196648000505254,0.2282051282051282,0.24907894119903712,0.9062250546941829,0.2082156005824375,2670,11700,loss_manipulation
0.05956471935853379,-2.4849510419746568,0.3434760827715335,-0.0065271469483905165,1.2406215864966792,4.364539118409424,0.8244536136395411,0.021147678157709595,0.32571458886092397,0.22384615384615383,0.4084890947084603,0.9524943003055095,0.11328039114291433,2619,11700,loss_manipulation
0.06589147286821706,-2.426637083321079,0.40179004142511143,-0.02905158312522582,1.237658759331313,2.2538248930009774,0.879977599033347,-0.08370275655063139,0.35040090529660095,0.2205128205128205,0.4157036680984131,0.9500003952230812,0.023881690624696028,2580,11700,loss_manipulation
0.06716126513080828,-2.438806593279659,0.3896205314665311,-0.009699043410033692,1.2236308623298033,5.266911492720877,0.7982700025538811,-0.20931907300855615,0.3552396174174845,0.21888888888888888,0.2709298791740441,0.9069519897299063,0.03219160937126564,2561,11700,loss_manipulation
0.09192825112107623,-2.3115375869648993,0.516889537781291,0.003135180221371936,1.1816183888168323,6.768679850404049,0.8637438041142655,-0.06124761445326582,0.4428735282005824,0.2287179487179487,0.4130215529945602,0.9054084535990826,0.0,2676,11700,loss_manipulation
0.15905631659056316,-1.8810962232326414,0.9473309015135489,-0.04757250109961619,0.9762034450854311,4.126521401441267,0.7911295112005463,0.38601201208100094,0.6320471770780588,0.2246153846153846,0.8062725511221434,0.9198710150241116,0.0,2628,11700,loss_manipulation
0.05692307692307692,-2.480772364474878,0.3476547602713125,-0.025649210684823398,1.2454532612113396,5.701172657693449,0.856255311539337,-0.14364758625060292,0.3151076076531705,0.2222222222222222,0.3919724802743718,0.9288361828341668,0.11910123354761926,2600,11700,loss_manipulation
0.16181606519208383,-1.8428794967542603,0.98554762799193,-0.07017773197395472,0.931824654857027,2.568804903079731,0.7548614277773074,-0.2213330608296621,0.638636511515724,0.22025641025641027,0.7353444784634842,0.9147454014728847,0.0,2577,11700,loss_manipulation
0.0400149588631264,-2.5506099196291436,0.27781720511704666,-0.05145841502890747,1.3101234184289754,3.11026803643453,0.8725277760926169,0.011152973817294099,0.24236077070591025,0.22854700854700855,0.31174805737698663,0.9703142818286131,0.275246314613058,2674,11700,loss_manipulation
0.10861280487804878,-2.187664433263646,0.6407626914825442,-0.02635588465886718,1.0954025285017412,3.840781141066058,0.8584714771570717,-0.24587798142377718,0.4957175277132904,0.2242735042735043,0.5873529254620664,0.9283539419979829,0.0,2624,11700,loss_manipulation
0.1164225134926754,-2.1807373135035095,0.6476898112426808,0.010895378944943968,1.0839899896394227,3.4809651429349753,0.902996390371127,-0.10547801805758363,0.5189893036553233,0.2217094017094017,0.6240740019446187,0.9604877415102311,0.0,2594,11700,loss_manipulation
0.15,-2.014207837405614,0.8142192873405762,0.034308850083280884,1.0582817182817181,2.520196203776162,0.8770966564673339,0.05757611339936362,0.6098403047164004,0.22735042735042735,0.781796705762965,0.9800405439673191,0.0,2660,11700,loss_manipulation
0.1340847260007773,-2.05292155662323,0.7755055681229601,-0.017007816053441704,1.0544113550732783,6.375974491909389,0.8951694798896765,-0.18025313396129225,0.5685350783221409,0.21991452991452992,0.6805998812893294,0.9649390248846949,0.0,2573,11700,loss_manipulation
0.1312667432070417,-2.0977323071272544,0.7306948176189358,0.011862016508842999,1.0540427993059573,3.5475311873321655,0.8138780393693408,0.24581353376290194,0.560902026869977,0.22333333333333333,0.6521988125611008,0.9534431717873519,0.0,2613,11700,loss_manipulation
0.09618380062305296,-2.3583757683639597,0.4700513563822306,0.07404638490461446,1.1997194977561008,2.7574476328220103,0.8484013737028718,0.05438519654192111,0.4567804567297958,0.2194871794871795,0.432817538557022,0.907171303153363,0.0,2568,11700,loss_manipulation
0.048050413548641195,-2.5433597238112324,0.28506740093495786,-0.01325321486246045,1.3174259092435727,3.100779581458211,0.9012096151100856,-0.10084692354562107,0.2780568089495594,0.21700854700854702,0.3153939198104301,0.9620378109530549,0.23053332904642854,2539,11700,loss_manipulation
0.01686469911843618,-2.7434196783522835,0.08500744639390678,0.010393698480629432,1.4243709753505316,2.90927665525337,0.9289002043770744,0.046396588164002904,0.12345483186911199,0.22299145299145298,0.10005226445629889,0.970326756576368,0.679475158855519,2609,11700,loss_manipulation
0.0323949093713845,-2.5396725590909313,0.28875456565525903,-0.10550128491582189,1.2637252204636615,2.687693403263824,0.8100081711090168,0.40856682924551013,0.20626355879196412,0.22162393162393162,0.3367773449669377,0.9792584830607728,0.29777493907876185,2593,11700,loss_manipulation
0.10285505124450951,-2.2998185812708516,0.5286085434753387,0.05322749023892159,1.1602419837713955,3.1986060780500405,0.7930419811499367,-0.19206383626576173,0.4779811041339031,0.2335042735042735,0.5868109610787177,0.970464749572726,0.0,2732,11700,loss_manipulation
0.0969811320754717,-2.2994117800660985,0.5290153446800918,0.019592784421622156,1.1813692250147807,2.3404903179568586,0.9116354900830923,-0.16469646205598623,0.45935230016265793,0.2264957264957265,0.5771020653344902,0.9579314858247777,0.0,2650,11700,loss_manipulation
0.09536474164133739,-2.3338065964130026,0.4946205283331877,0.04484391567235457,1.2037684008282143,3.65248114438716,0.8681976666371711,-0.3373406260755093,0.45412754330579264,0.22495726495726495,0.5942540536721523,0.9866115315254419,0.0,2632,11700,loss_manipulation
0.06440416505977632,-2.3352036011948045,0.49322352355138577,-0.12889854874798168,1.174857158398361,3.363234539241978,0.8789344510198351,0.20784477170504984,0.3446852101569874,0.22162393162393162,0.4918663715343734,0.9678386214640279,0.0,2593,11700,loss_manipulation
0.1782916822081313,-1.9497743053700982,0.8786528193760921,0.12991724077212052,0.9888473355405074,4.9924261851636915,0.8370749654899747,0.33158145671006917,0.6763255857073492,0.22914529914529916,0.8522624457935228,0.941252812669386,0.0,2681,11700,loss_manipulation
0.18973561430793157,-1.7701546687078378,1.0582724560383525,0.015034260039517466,0.9071570690098341,3.771348457950645,0.8147003874902298,-0.2924112104318,0.7009180577637562,0.21982905982905984,0.8257423693246713,0.872189867683023,0.0,2572,11700,loss_manipulation
0.1905307369224895,-1.7653725580525021,1.0630545666936881,0.01475004212521136,0.9396326313619547,4.98520681124021,0.8430335188383031,-0.3665093828308191,0.7025804010522063,0.22384615384615383,0.8824126049243557,0.8838707934478173,0.0,2619,11700,loss_manipulation
0.18115102356122054,-1.7951935246813533,1.033233600064837,-0.008488662632652355,0.9227023779953951,6.123969090937031,0.8781299431254933,0.08562660371432033,0.6825885918835404,0.22128205128205128,0.8254768962638978,0.889417428639446,0.0,2589,11700,loss_manipulation
0.1206181681115718,-2.185538445117715,0.6428886796284754,0.03943071721945568,1.0976065739601741,2.9684444604580538,0.8434126203861634,-0.1384582442262166,0.5311351639742319,0.22675213675213676,0.4906926244166936,0.8673614954271337,0.0,2653,11700,loss_manipulation
0.0913999228692634,-2.2560765095374014,0.5723506152087889,-0.05531457312252064,1.1292795670637754,4.220570997663427,0.871039861408688,0.03735222256701306,0.44112539600815287,0.22162393162393162,0.29024182069926574,0.8568363774419229,0.0,2593,11700,loss_manipulation
0.08139534883720931,-2.332591426845011,0.4958356979011791,-0.035394072942496635,1.1663783681643802,4.974543736995199,0.9010404975241721,-0.08184803070426429,0.40707680632541937,0.2205128205128205,0.20036781998441652,0.8667277842263549,0.0,2580,11700,loss_manipulation
0.14142581888246628,-2.081220796206484,0.7472063285397064,0.05281891599351285,1.0655957962064841,3.585640815651315,0.8605858191928314,0.021882253602811624,0.5879607571847231,0.22179487179487178,0.742714463140306,0.9802871653545908,0.0,2595,11700,loss_manipulation
0.11335403726708075,-2.229451184681651,0.5989759400645394,0.0422513273468641,1.1170877893994593,4.645052510008875,0.8594141438865286,0.3164155796870426,0.5099505848065045,0.22017094017094016,0.5197554653056143,0.8985584692937654,0.0,2576,11700,loss_manipulation
0.07194244604316546,-2.4402838541032024,0.3881432706429879,0.018824660975168772,1.218259591602643,2.1188273978845147,0.8792794930656741,-0.22476049423273567,0.3731310230942023,0.22572649572649572,0.28428815379350136,0.8771540665000153,0.0159086145734878,2641,11700,loss_manipulation
0.10865492693892843,-2.223431024057307,0.6049961006888833,0.009648984493877855,1.1154450374968172,2.6150684076797286,0.7953723476896487,-0.17839296102966384,0.4958454332143807,0.22811965811965812,0.4176383117431771,0.8522496573995471,0.0,2669,11700,loss_manipulation
0.1111954459203036,-2.11081964554962,0.7176074791965701,-0.08859104841810028,1.047253739716358,3.807778616864673,0.8689951994546332,-0.24033751590323849,0.5035112872685753,0.22521367521367522,0.6026570059219438,0.942498964236381,0.0,2635,11700,loss_manipulation
0.1427486712224753,-1.8955843776243382,0.9328427471218521,-0.125334319707602,0.9781407101806706,3.517418180019618,0.8466759665414523,0.1511177725170699,0.5913923141455699,0.22512820512820514,0.7663459514280729,0.937369105914427,0.0,2634,11700,loss_manipulation
0.03401094605160281,-2.6548976219007208,0.17352950284546953,0.018865461855796184,1.3264704395734,1.9530662323565682,0.8956897565977497,0.025993614910159946,0.21412391756957067,0.21863247863247864,0.1410534503001359,0.9406713405643142,0.44468175349996614,2558,11700,loss_manipulation
0.09482432942954287,-2.338989090892972,0.48943803385321827,0.046969377035556814,1.185260077257887,3.2285747955818658,0.9250119462362059,0.08275677109164571,0.45237102276567653,0.22623931623931623,0.26676519949681865,0.8517073215688707,0.0,2647,11700,loss_manipulation
0.1423881821912187,-2.012388243984539,0.8160388807616514,-0.010569687255760574,1.0310244063053053,5.116354092437236,0.9035979214717607,-0.042962629261223184,0.590459236089246,0.2082905982905983,0.6437495598167665,0.9044138333477489,0.0,2437,11700,loss_manipulation
0.16679506933744223,-1.8870527641492845,0.9413743605969058,0.0021610361789807797,0.998926629036785,6.474898684855378,0.8612035067526269,-0.2204825252955736,0.6503204778048274,0.2218803418803419,0.8165325489469181,0.9265450288394936,0.0,2596,11700,loss_manipulation
0.1482059282371295,-2.040486683538151,0.7879404412080393,0.050438893740129664,1.0507810295860214,3.0154765617289145,0.8119988985230714,-0.33075792621564704,0.6053323691871039,0.21914529914529915,0.7425192357407603,0.9562999586935015,0.0,2564,11700,loss_manipulation
0.08226415094339623,-2.460652651683201,0.3677744730629895,0.09758183878204418,1.248847931888318,3.4805068400033794,0.8739019403942224,0.002622412744202804,0.41010724981106733,0.2264957264957265,0.27629527322273595,0.8885188709624925,0.0013888692346816223,2650,11700,loss_manipulation
0.058365758754863814,-2.567519113694968,0.2609080110512223,0.06925857938607605,1.307098765432099,3.354893502639494,0.8203959325011764,0.21915145968757954,0.3209231392538795,0.21965811965811965,0.4083319093999892,0.9720967206546666,0.21807010862553544,2570,11700,loss_manipulation
0.06586375611592021,-2.5097735969868715,0.31865352775931877,0.053928140912554046,1.279948769554478,4.981481211738201,0.8540646357112383,0.14642856016138156,0.3502948678935165,0.22709401709401708,0.1783735632485903,0.8918197462127078,0.11764351561881925,2657,11700,loss_manipulation
0.10540540540540541,-2.252741105577887,0.5756860191683031,0.020576996318731666,1.1550125373654785,4.442816264143933,0.8624718124958204,0.041923946244954324,0.48589978973572634,0.22136752136752136,0.3790292424179712,0.8766254400641496,0.0,2590,11700,loss_manipulation
0.08759398496240602,-2.272699544880603,0.5557275798655872,-0.06022117380102898,1.153523332289383,7.736232782174953,0.8174182093951796,-0.24888998965019313,0.42838745073357115,0.22735042735042735,0.567977782423567,0.9635443514375719,0.0,2660,11700,loss_manipulation
0.08094879518072289,-2.339309232538767,0.4891178922074233,-0.031202356198062553,1.2092713180545576,4.809245286354457,0.9307071061712051,-0.1786310336075779,0.4055135375564387,0.227008547008547,0.5340860678929932,0.9629068669895021,0.0,2656,11700,loss_manipulation
0.15738317757009346,-1.9403428394849325,0.8880842852612578,0.002209411574739306,0.9680339212300684,3.583801049397946,0.8512484870035186,-0.19654764548980416,0.6280123680640439,0.22863247863247863,0.7779623923612052,0.9277969403613793,0.0,2675,11700,loss_manipulation
0.18,-1.8137300903799551,1.0146970343662352,0.0035367305423932294,0.920132945227404,3.4006781033620657,0.9070088937696538,0.053400659789332894,0.6800770457282798,0.2264957264957265,0.7518892713982317,0.8598108583292704,0.0,2650,11700,loss_manipulation
0.05884615384615385,-2.4538312430771865,0.3745958816690038,-0.04171176621810613,1.2513649566228509,5.437313396744844,0.8317186397240864,0.2451743668309385,0.32284744996649295,0.2222222222222222,0.36078228546176627,0.9470369030189334,0.08106932876036399,2600,11700,loss_manipulation
0.06462585034013606,-2.4544338633117535,0.3739932614344368,-0.008414245310779389,1.2372463633117539,6.4041846677089636,0.8532279497453767,-0.14174894198189936,0.34554047385427533,0.22615384615384615,0.20699978970180954,0.894832549266024,0.059043469469556076,2646,11700,loss_manipulation
0.034765625,-2.6383604902442337,0.1900666345019566,0.006597439015552098,1.3130601247872944,2.108317855265984,0.8808898489015472,-0.07006683319720325,0.21775504249930158,0.2188034188034188,0.14993962411378253,0.9437399707574312,0.4170120505624344,2560,11700,loss_manipulation
0.1856060606060606,-1.8577673915030442,0.9706597332431461,0.0792866994277881,0.9379069634981377,6.217880821614228,0.8144619989674579,0.35301307330943466,0.6921886457850475,0.22564102564102564,0.7300983415044232,0.8811328407397201,0.0,2640,11700,loss_manipulation
0.03566009104704097,-2.6380164930171257,0.19041063172906458,0.011313305847674204,1.3338054030020339,3.0018577507364195,0.755068828943434,-0.2951705629580478,0.22202707959063764,0.2252991452991453,0.1266349539428389,0.9279533030793577,0.4122475453495937,2636,11700,loss_manipulation
0.05387205387205387,-2.4968350627718596,0.33159206197433067,-0.026845705099320494,1.2734435082802111,6.310048434401318,0.8144551234847409,0.06060783067312399,0.30262283803281886,0.22846153846153847,0.3661263724331242,0.9425927884453139,0.15011787278215638,2673,11700,loss_manipulation
0.08191653786707882,-2.396299348055824,0.43212777669036617,0.031262138646722004,1.2642153357436752,3.393239640987325,0.8995756939851254,-0.0456412418717932,0.40889648955432456,0.2211965811965812,0.2649987049361704,0.8946123014130709,0.0,2588,11700,loss_manipulation
0.11074319352465048,-2.142178640573742,0.6862484841724483,-0.05979037928017217,1.096051175989611,6.172419790898681,0.8890858879558561,-0.007607590938087151,0.5021535924141596,0.2323076923076923,0.6910605794967883,0.9891553564427109,0.0,2718,11700,loss_manipulation
0.1855787476280835,-1.7819493289252575,1.0464777958209328,0.0033141313144651185,0.9301595365095492,3.651847921149398,0.7984400012458115,0.2095131147710862,0.6921303704505206,0.22521367521367522,0.7674417104484029,0.8608318905732764,0.0,2635,11700,loss_manipulation
0.15268329554043839,-1.9756508408525781,0.8527762838936122,0.01093086531081755,1.0101818723911746,3.9725987755427417,0.8866936253154085,0.0583767234821236,0.616514715575165,0.22615384615384615,0.7916697158187305,0.9750651625332185,0.0,2646,11700,loss_manipulation
0.07297830374753451,-2.4313820016104777,0.3970451231357126,0.015782504539273656,1.2412542497072923,2.2222250172743037,0.8481050029848787,-0.053110691760523326,0.3769410703094135,0.21666666666666667,0.2523096247538328,0.89033289097905,0.002446880489970771,2535,11700,loss_manipulation
0.07686274509803921,-2.4517536286909096,0.37667349605528067,0.058127850180211826,1.2424681402781945,5.954087546981375,0.8741839324861105,-0.20300396009985244,0.39102723931207195,0.21794871794871795,0.10653010606129838,0.8592768609102693,0.010592957288289018,2550,11700,loss_manipulation
0.09482432942954287,-2.3283471864717944,0.5000799382743959,0.036327472614379186,1.1696586842108545,5.679585929045433,0.8469194844597172,0.2025623964529456,0.45237102276567653,0.22623931623931623,0.3373924168018956,0.8631887197722476,0.0,2647,11700,loss_manipulation
0.03274942878903275,-2.649174123855506,0.17925300089068408,0.006005744523004175,1.3132025976062673,2.134117295029861,0.8847783430302096,-0.11561730834774797,0.20799802712305368,0.22444444444444445,0.2479104057971201,0.9616744889704325,0.44240553367002294,2626,11700,loss_manipulation
0.09853168469860897,-2.3195837700843605,0.5088433546618298,0.04853602463513962,1.1925585553370284,2.8014773385719,0.8070785481064717,0.06636893528297377,0.46432378858518697,0.2211965811965812,0.5977487507179116,0.9787600085436878,0.0,2588,11700,loss_manipulation
0.17705544933078393,-1.867832155774761,0.9605949689714293,0.040981901971198775,0.9752826849970346,5.4917281220704455,0.874230802648156,-0.0802844261062965,0.6735929115659118,0.22350427350427352,0.7867034803546643,0.9103114415818834,0.0,2615,11700,loss_manipulation
0.08192307692307692,-2.393044858783476,0.43538226596271423,0.02804463986108452,1.2323317384370016,3.982293752073884,0.8687700421729847,-0.4168248565742573,0.40891928690031515,0.2222222222222222,0.238331282195392,0.8654108192816411,0.0,2600,11700,loss_manipulation
0.08654926938928438,-2.3039325766482923,0.524494548097898,-0.034897945762663696,1.1402924388146063,4.43208326552172,0.8461172510310415,0.13720310594400703,0.42484561874474425,0.22811965811965812,0.30418159152689644,0.8647200595663297,0.0,2669,11700,loss_manipulation
0.0677123182861515,-2.428580347752764,0.3998467769934262,-0.01680806155342962,1.2334547289818252,3.7300442185494345,0.910843545161312,-0.34506822967164064,0.3573278871869896,0.2234188034188034,0.35312544456590966,0.9234794624001655,0.019042320977214477,2614,11700,loss_manipulation
0.08962623951182304,-2.3041928308385122,0.5242342939076781,-0.01723172005920004,1.1632571391359958,3.30282762886847,0.8699100796549811,-0.0069300358971157725,0.43522102133732443,0.2241025641025641,0.31228996567091416,0.8668466149550302,0.0,2622,11700,loss_manipulation
0.14334994250670755,-2.080081038160179,0.7483460865860114,0.06256364484754551,1.0607515507754934,4.936201683675345,0.8531443147285954,-0.09346117769439719,0.5929452179259433,0.22299145299145298,0.6364158956615383,0.900238827609736,0.0,2609,11700,loss_manipulation
0.15117624373312766,-1.9915197283518415,0.8369073963943487,0.01827458038969021,1.050692776690743,4.245945135889995,0.8365147689412841,0.19868750599508334,0.61277604423375,0.22162393162393162,0.6917264067939634,0.9358068137040397,0.0,2593,11700,loss_manipulation
0.020069471246622925,-2.7479104683052054,0.08051665644098494,0.03301341726553941,1.4060377685377685,3.1519504661545645,0.9299204958599684,-0.0793150063017506,0.14183042601245494,0.22145299145299147,0.22942494910296754,0.986990274906749,0.669340858127829,2591,11700,loss_manipulation
0.20075471698113206,-1.7143070118130521,1.1141201129331382,0.02152006092721903,0.8656232846762865,7.294125110278412,0.8394589023972934,0.10122490296369853,0.7234349632804138,0.2264957264957265,0.825309352839826,0.8605834700825249,0.0,2650,11700,loss_manipulation
0.17211500590783774,-1.7650792330384304,1.06334789170776,-0.0897183891366018,0.8924911437246963,5.267623902447735,0.8572028571386483,-0.1501909573630789,0.662520223010932,0.21700854700854702,0.7213244900956298,0.8582554474485842,0.0,2539,11700,loss_manipulation
0.07317073170731707,-2.4565600197935042,0.37186710495268605,0.04204905964431749,1.2274005246701538,2.716901359678948,0.8771526448589153,0.19327448285334287,0.37764632137370024,0.22076923076923077,0.4821389517987116,0.9611917451422496,0.029295225417317772,2583,11700,loss_manipulation
0.009571209800918835,-2.8042229807873333,0.02420414395885695,0.02993879487625417,1.4071685940770735,2.7300282729693945,0.7991120231139321,-0.36305237210794805,0.07793694229612716,0.22324786324786325,0.12112274529993297,0.9871501426960764,0.8507371606194207,2612,11700,loss_manipulation
0.08362235067437379,-2.4621685369097945,0.36625858783639575,0.10678086192847758,1.2408880000701699,3.9138274143593192,0.9199522858388964,-0.260632202443504,0.4148158980677397,0.22179487179487178,0.5012066028532262,0.9604639544064983,0.0,2595,11700,loss_manipulation
0.05626204238921002,-2.5254853460455147,0.3029417787006756,0.015324394873847513,1.2682305702192938,5.196415217694591,0.8870491825117879,-0.11860821529549788,0.31242433306425477,0.22179487179487178,0.1856893833875838,0.8884910218448187,0.17430850759949235,2595,11700,loss_manipulation
0.1189922480620155,-2.1952207135234696,0.6332064112227207,0.03991539288354318,1.1098546709439097,3.3184641537633475,0.901343236204694,0.008059449834024962,0.5264571593603788,0.2205128205128205,0.5760572228027215,0.9356494301503463,0.0,2580,11700,loss_manipulation
0.1801556420233463,-1.835245525858589,0.9931815988876014,0.02593261026219351,0.9397757695052273,4.855845376267094,0.7389314381275639,-0.23623914004105862,0.6804174140588461,0.21965811965811965,0.8167162833008347,0.8934095817377176,0.0,2570,11700,loss_manipulation
0.104787033546928,-2.2133186148153863,0.615108509930804,-0.02234353391916377,1.1234078495410778,3.9510765092647615,0.8912427919667285,0.08294458176813346,0.48398900594369487,0.22675213675213676,0.6025786748690541,0.9608888241822944,0.0,2653,11700,loss_manipulation
0.07258687258687259,-2.3759606305746983,0.452466494171492,-0.04185313552107983,1.2221174465230347,2.809146570463626,0.8979367251377124,-0.1684461743898186,0.3755040309598896,0.22136752136752136,0.20308496133085702,0.875278368036502,0.0,2590,11700,loss_manipulation
0.13429438543247343,-1.9910418447183822,0.8373852800278081,-0.07770151511115331,1.0150621791374657,6.656969586632894,0.8320406867209338,0.0673806908133147,0.569099015850179,0.2252991452991453,0.5590747680974826,0.8547270387596732,0.0,2636,11700,loss_manipulation
0.17085624509033778,-1.7991670051035562,1.029260119642634,-0.06275124355104489,0.9150940776869754,5.099625968084467,0.823201327345116,-0.14927938041296931,0.6596597618369253,0.2176068376068376,0.7059813191619096,0.8820476713108459,0.0,2546,11700,loss_manipulation
0.11440677966101695,-2.087524177410376,0.7409029473358144,-0.09372046963965186,1.0855356919614954,2.712765682468416,0.8602206659513569,-0.045655725547982945,0.5130666885003238,0.2218803418803419,0.6030456941676322,0.9363450681737647,0.0,2596,11700,loss_manipulation
0.20298736116430485,-1.7291480446464949,1.0992790800996954,0.0489908364958469,0.8879796441620489,5.166868206466527,0.8812825902119843,0.2914674072700482,0.7278627316242057,0.22316239316239317,0.8298715566015112,0.8544799249142428,0.0,2611,11700,loss_manipulation
0.1222939612609191,-2.119737125302394,0.7086899994437963,-0.016890884997709854,1.0651621565046665,3.6725258442373607,0.7510123882208428,0.07655509399123239,0.5359190358152988,0.22504273504273503,0.6695174493954776,0.9629041272220346,0.0,2633,11700,loss_manipulation
0.07884465261514442,-2.3956291243868817,0.4327980003593086,0.013214707836421535,1.2225280047688831,2.938584053522474,0.8912654054991118,0.03679312233419644,0.3980951116515673,0.21897435897435896,0.26568352549730473,0.8857488295875515,0.0,2562,11700,loss_manipulation
0.08126669210225104,-2.469182805558484,0.3592443191877064,0.10046951337310128,1.2728723167463518,3.09967974210937,0.7900275710082652,-0.2830794823575054,0.40662680782652266,0.22401709401709402,0.16556132704026041,0.8639666918022698,0.014432705508658494,2621,11700,loss_manipulation
0.18244013683010263,-1.773710369133957,1.0547167556122332,-0.02267949230689581,0.8960340397736781,4.436918492361433,0.8497881395443144,0.21160994373755207,0.6853861572779787,0.22487179487179487,0.7587917046590468,0.8553568789078689,0.0,2631,11700,loss_manipulation
0.13691376701966718,-2.004547013755049,0.8238801109911411,-0.04937888621192732,1.0138036809815951,4.552700440273695,0.8619676200301984,0.15785857506020648,0.5760988248908643,0.225982905982906,0.6830630397696816,0.941524044114016,0.0,2644,11700,loss_manipulation
0.07823775161412837,-2.4498643144280967,0.3785628103180936,0.06401674737101803,1.253486180098502,4.4588778834729075,0.8721836983923402,0.07244336966771928,0.3959391555418682,0.22504273504273503,0.12824999954583474,0.8612044386500147,0.0035973738757668627,2633,11700,loss_manipulation
0.0718608169440242,-2.4393874657248693,0.389039659021321,0.017466508680476167,1.2353579812206572,4.30165712379712,0.8720770596286629,-0.02956099694992271,0.3728297969117579,0.225982905982906,0.22060687309588403,0.8723820760072283,0.015233550779125027,2644,11700,loss_manipulation
0.16244239631336405,-1.926184293110808,0.9022428316353823,0.016670128247596505,0.9937472525540257,6.23774088000805,0.8200486027812067,0.16204821034619413,0.6401206559608676,0.22256410256410256,0.8222016758571918,0.9726188947980644,0.0,2604,11700,loss_manipulation
0.08559256390395042,-2.2579892956994962,0.570437829046694,-0.08625317020168399,1.1459403402236576,2.792145041368683,0.8979916134039754,0.2183341765993831,0.4215846958992389,0.2206837606837607,0.4851605266447868,0.9187039787955146,0.0,2582,11700,loss_manipulation
0.07374517374517374,-2.4138439863903076,0.4145831383558827,0.002582561124057303,1.2772591316958217,2.2507634191497288,0.7762323654663091,-0.33808039354614366,0.3797469809458168,0.22136752136752136,0.11843771068852434,0.8570327957512298,0.0,2590,11700,loss_manipulation
0.18431221020092736,-1.7769097925538944,1.051517332192296,-0.008890022683847087,0.9119813286984728,3.359561410106169,0.8383729425214861,-0.42881375853357456,0.6894202346662034,0.2211965811965812,0.8429711019268998,0.8964100111706738,0.0,2588,11700,loss_manipulation
0.03352601156069364,-2.6822908135823567,0.14613631116383363,0.04351544980180666,1.3733907820864344,3.194560825404889,0.810478902955205,-0.30775057883802676,0.211777497924876,0.22179487179487178,0.16301637800178206,0.9564810881687362,0.48855900912251515,2595,11700,loss_manipulation
0.027673896783844427,-2.659670614271739,0.16875651047445128,-0.012209309852747374,1.33791396914257,3.801096566845082,0.873601604872556,0.14014151511238038,0.18258894469407605,0.22854700854700855,0.17491767832105723,0.955477673029345,0.48329291822665865,2674,11700,loss_manipulation
0.023520485584218515,-2.6724576219582086,0.15596950278798172,-0.02291754396077117,1.3701746106654082,3.803285849765167,0.8721029100723134,0.010868444278101706,0.16077503974854007,0.2252991452991453,0.27117382282712954,0.9880355632183242,0.5243902557433391,2636,11700,loss_manipulation
0.04421768707482993,-2.5496015901823523,0.27882553456383796,-0.028692523531861802,1.2855414398064124,3.9773241431492066,0.7429462954210153,0.08806651277800444,0.26130665668019293,0.22615384615384615,0.35737534741029175,0.9739980989481868,0.2550410132208554,2646,11700,loss_manipulation
0.06436233611442194,-2.503199851631125,0.32522727311506516,0.038861081441059486,1.2551186738113893,2.4176883479151803,0.7357579738807034,0.020300911607281556,0.3445237018899615,0.21512820512820513,0.1325167604963367,0.8769973348826517,0.11566231077375588,2517,11700,loss_manipulation
0.10076628352490422,-2.145702660392925,0.6827244643532655,-0.11270428518985698,1.1190904916566697,3.6385811525527183,0.8244556985751642,-0.312906892046555,0.4714199592220913,0.2230769230769231,0.5238315706101696,0.9050486406167992,0.0,2610,11700,loss_manipulation
0.17475728155339806,-1.8918398687402043,0.936587256005986,0.051989214779090354,0.9684497784559406,3.4049067162118236,0.8766421998274245,-0.0755134847333941,0.6684725699243226,0.22008547008547008,0.823668200177689,0.9202531607485668,0.0,2575,11700,loss_manipulation
0.05526116578349735,-2.481549292040499,0.34687783270569117,-0.03427347221141108,1.2406746448316888,5.149858694374946,0.8560033987133363,0.08722027665211075,0.3083389284320455,0.2258119658119658,0.15846488818970067,0.903635957589613,0.12675795419271807,2642,11700,loss_manipulation
0.11691633175009133,-2.0869772865109457,0.7414498382352446,-0.08007119013967978,1.1000169705197829,4.01428508619364,0.8445795418315921,-0.20748316418364618,0.5204315137078979,0.23393162393162392,0.5135459921904149,0.8611125394766568,0.0,2737,11700,loss_manipulation
0.13936617029400536,-2.0282545278330497,0.8001725969131406,-0.011798484250017616,1.017179227216402,4.015552973800662,0.8727983178445253,0.2366077291141296,0.5825764588166978,0.22384615384615383,0.6555920402664328,0.9101495655016316,0.0,2619,11700,loss_manipulation
0.013143071723619977,-2.7475814603493083,0.08084566439688201,-0.006497223265739205,1.3952985936289775,3.336091983727594,0.8623122228061192,-0.0970056437270032,0.1009746215395079,0.22760683760683761,0.15817711444522448,0.980273635112318,0.7095888054512295,2663,11700,loss_manipulation
0.076280834914611,-2.3734193824910736,0.45500774225511664,-0.023498177113572716,1.2111144059969083,2.6217096974264913,0.7381520073110754,0.042281483482595236,0.38893694905505916,0.22521367521367522,0.36427712233631016,0.918560422581347,0.0,2635,11700,loss_manipulation
0.13460076045627375,-1.9328906652901825,0.8955364594560078,-0.13411957568402944,0.9910741632028002,3.8956179627631466,0.813624329538966,0.023824954985480692,0.569922116187588,0.2247863247863248,0.7100447608017485,0.9235999021062198,0.0,2630,11700,loss_manipulation
0.13013956997359488,-2.2162393922256287,0.6121877325205616,0.12399284691167978,1.1387680146912054,1.840850988648563,0.8331073516419528,-0.14435876879936155,0.5578208320043414,0.22658119658119658,0.6321904038391044,0.9443421981363892,0.0,2651,11700,loss_manipulation
0.1776165011459129,-1.8688203056042592,0.9596068191419311,0.04514384014529438,0.9520419513745431,3.8973162386617783,0.8101658742553082,0.022921506282015378,0.6748349785610114,0.22376068376068375,0.8459016685079053,0.9032352169831641,0.0,2618,11700,loss_manipulation
0.08848207475209764,-2.3511572711397424,0.4772698536064479,0.023260346958858147,1.2200818402057543,3.448031326434464,0.8725741303988993,-0.16469985475128235,0.4313827830652398,0.2241025641025641,0.5537360072503832,0.9856849951770095,0.0,2622,11700,loss_manipulation
0.1676829268292683,-1.9212052640694628,0.9072218606767275,0.04133601652473895,0.9983303604457155,4.088270726644493,0.8072061159232136,0.035989960830902036,0.6523767493894983,0.2242735042735043,0.7598058378416976,0.9117098067952186,0.0,2624,11700,loss_manipulation
0.058486238532110095,-2.454677402880242,0.37374972186594846,-0.042901594888756556,1.2505139712032232,3.123013310620958,0.9064598525416525,0.22361171762642593,0.32140631043045387,0.2235897435897436,0.36323592202649213,0.9454252485719494,0.08344738905621762,2616,11700,loss_manipulation
0.04195804195804196,-2.5567999986648866,0.2716271260813037,-0.034276598130574154,1.318115617038787,4.9703399993768205,0.720949948198609,-0.22913239541346023,0.2511988167090251,0.22,0.2941672309642709,0.9601267389560636,0.2741784100017847,2574,11700,loss_manipulation
0.08847817538340542,-2.3530612144403262,0.47536591030586406,0.02514223209908506,1.2096049972022063,4.416007122542873,0.8962140230184605,0.1681638739658723,0.4313696622792392,0.21735042735042734,0.4325766152285879,0.9201738354658042,0.0,2543,11700,loss_manipulation
0.14484356894553882,-2.077326453555176,0.7511006711910144,0.06825828731019978,1.0595645088300374,4.71443150900692,0.8534425959406129,0.017247321160034593,0.5967844594276999,0.22128205128205128,0.5844688715186365,0.8587204235442436,0.0,2589,11700,loss_manipulation
0.03945371775417299,-2.677997023263317,0.15043010148287328,0.07275382945309339,1.3415397843975854,4.292900100258179,0.8362300411267511,0.055381401773660285,0.2397818749172953,0.2252991452991453,0.27275000462220317,0.9721587942754217,0.45389184245428343,2636,11700,loss_manipulation
0.17161096507698084,-1.8708690488058384,0.9575580759403519,0.013220141114855588,0.9489875689411653,5.406451581416441,0.7908240313512307,0.05189506401900773,0.6613767503806751,0.22760683760683761,0.7084436423128366,0.8556270142699895,0.0,2663,11700,loss_manipulation
0.0766859344894027,-2.4127720129302346,0.4156551118159557,0.018146042576716148,1.2510525730637974,3.873604270655401,0.8353239421145097,-0.1659722250833475,0.39039284505252,0.22179487179487178,0.10791041115102713,0.859798630442146,0.0,2595,11700,loss_manipulation
0.09167950693374423,-2.3098445674588417,0.5185825572873486,3.505110216872609e-05,1.1718771590130734,4.196167683011564,0.8247168104554459,-0.21860807551466313,0.4420510860678709,0.2218803418803419,0.33888229993164587,0.8691357937746714,0.0,2596,11700,loss_manipulation
0.0878913617502829,-2.380187454024826,0.4482396707213643,0.04894895248939557,1.18461915658712,3.196750891300318,0.8211571729026406,0.08245593223061361,0.4293920165689457,0.22658119658119658,0.3599371514522429,0.8918552164893425,0.0,2651,11700,loss_manipulation
0.10486322188449848,-2.199970363945597,0.6284567608005931,-0.03526079846780528,1.1395026641177908,6.306587849613311,0.8585168116283484,0.03656500739471331,0.4842247467537293,0.22495726495726495,0.6523369960066734,0.9875613602582147,0.0,2632,11700,loss_manipulation
0.19976635514018692,-1.6971480860946402,1.13127903865155,-0.00122988367117971,0.8572297168915067,5.015511203605284,0.8354256296928751,0.05124518981002016,0.7214605589814127,0.2194871794871795,0.8617054650165443,0.8526120771734057,0.0,2568,11700,loss_manipulation
0.17110853611432986,-1.9160647054239917,0.9123624193221986,0.05557363032056872,0.962846970057996,4.478297307023627,0.8808715215311552,0.11775544130023145,0.660234368550799,0.22128205128205128,0.8453099997294562,0.9520311174146907,0.0,2589,11700,loss_manipulation
0.046130385055280214,-2.5455962202902693,0.28283090445592096,-0.021878039725239162,1.2859628239172236,2.953987157576484,0.87543957366841,0.04272860693319,0.26972593165762354,0.22418803418803418,0.3725550982375553,0.9681291117988853,0.24163617278030525,2623,11700,loss_manipulation
0.06237966884867154,-2.4863881935071417,0.3420389312390486,0.010833763569486177,1.2529454022988507,3.7335573383377034,0.8591102294587611,-0.27788021379532263,0.33681976760850374,0.22196581196581197,0.4150342659698305,0.9466421594993965,0.10382689762133057,2597,11700,loss_manipulation
0.04705003734129948,-2.616148731074738,0.2122783936714523,0.053876810001452835,1.3254810124119685,3.955811127857306,0.8990920922945335,-0.21772256982478116,0.2737310367026017,0.2288888888888889,0.31833894571322735,0.9554681194109858,0.3298289358819383,2678,11700,loss_manipulation
0.05269320843091335,-2.6022251419060227,0.22620198284016757,0.0718758171916325,1.3597106026861039,4.282166072849958,0.8703623559790814,0.035163616080374625,0.297729184315236,0.21897435897435896,0.22218153418770667,0.9307882349168674,0.2868459305866086,2562,11700,loss_manipulation
0.09640397857689365,-2.3561498961217477,0.47227722862444255,0.0730660272562309,1.2152665658093798,3.2599777991903074,0.775309731339135,-0.2922442395039865,0.45749170590328925,0.2234188034188034,0.34275498308360486,0.8721874484287446,0.0,2614,11700,loss_manipulation
0.10970149253731343,-2.2758643591795655,0.5525627655666248,0.06800258866873321,1.127291711300399,3.7082396437206113,0.8679941672565403,0.10056915898558112,0.4990149124859164,0.22905982905982905,0.4854321856198207,0.8974078670575205,0.0,2680,11700,loss_manipulation
0.16227409638554216,-1.9500850331228223,0.878342091623368,0.03961882009772211,0.9965631451747048,3.418768689710757,0.8564388090135471,-0.0330640073820745,0.6397222643226782,0.227008547008547,0.6779356436699058,0.8641063096162206,0.0,2656,11700,loss_manipulation
0.1155893536121673,-2.1891303767963137,0.6392967479498766,0.01457537822718935,1.1318015340508247,3.4045359127953,0.883369734306597,-0.13414260295733632,0.5165482775661452,0.2247863247863248,0.541943663853624,0.8998760027471941,0.0,2630,11700,loss_manipulation
0.05062809288161401,-2.5339990972873236,0.29442802745886665,-0.008032285097813396,1.269772134172043,3.73911420373398,0.8819757731713277,-0.166142573581308,0.28905908277472225,0.22452991452991453,0.4425163310451645,0.9811401635456245,0.2080197254725128,2627,11700,loss_manipulation
0.19716206123973115,-1.8847757439189552,0.9436513808272351,0.17166566313541498,0.9608305001489115,6.4484415065406075,0.7798314449718938,0.1191487944711963,0.7162157771964419,0.2288888888888889,0.868318376390365,0.9421173251838075,0.0,2678,11700,loss_manipulation
0.08280492353599403,-2.326956747005493,0.5014703777406972,-0.0330549941572178,1.2050932575670208,2.152596322418563,0.8681220581554355,-0.3393683026312677,0.4119862109887193,0.22914529914529916,0.31218118513729975,0.8658705369795783,0.0,2681,11700,loss_manipulation
0.06457776079480321,-2.420720499763743,0.40770662498244725,-0.04239964440766242,1.2297382131292824,3.6847885222260954,0.7999236060642323,-0.25757443114724543,0.345355043727706,0.22367521367521367,0.25318744704560425,0.8895242651431433,0.022599147514684392,2617,11700,loss_manipulation
0.0940536338904003,-2.3007848963928037,0.5276422283533866,0.004405470199725148,1.1656943648369595,4.896080870612857,0.781101290344471,-0.37578243518390725,0.4498575060634389,0.21991452991452992,0.4227048250817783,0.9046965153566195,0.0,2573,11700,loss_manipulation
0.05369383092155369,-2.5788322055567376,0.24959491918945265,0.054143256430663644,1.326486013986014,4.046041911445187,0.9091895581615932,0.11954966166907871,0.30188553837742366,0.22444444444444445,0.29078252302184027,0.9393761334133561,0.2517073908119305,2626,11700,loss_manipulation
0.09747572815533981,-2.2743361085856915,0.5540910161604988,-0.002685029122600824,1.1724062831786133,3.688370143367135,0.8691324676948082,0.1730161212720689,0.46094238322832404,0.22008547008547008,0.5861153707923282,0.9766388767762461,0.0,2575,11700,loss_manipulation
0.15989159891598917,-1.980897335584669,0.8475297891615212,0.0569536816245233,0.9895563120072153,4.6042400524499065,0.8161188297104925,0.4299974987004724,0.6340501617586013,0.22076923076923077,0.7765658708717056,0.9167612487371456,0.0,2583,11700,loss_manipulation
0.09045226130653267,-2.319166438895879,0.5092606858503115,0.0024145728977429393,1.196777212929911,5.152723891528334,0.8852314504533976,-0.027743998585135477,0.43797760753851417,0.22111111111111112,0.31351324706007955,0.8517881715067129,0.0,2587,11700,loss_manipulation
0.03654223968565815,-2.625584680006573,0.2028424447396171,0.0038716791121675698,1.3463010298069253,5.405317164445345,0.9195063458387772,-0.12496402985905951,0.22620740579494641,0.21752136752136753,0.328836564299676,0.9744285386033122,0.3904662220895507,2545,11700,loss_manipulation
0.021434138737334373,-2.647816881858044,0.1806102428881462,-0.05936044408764696,1.3538511381255307,3.761499016954043,0.8465378472003344,-0.184689201463619,0.14941883121260038,0.2193162393162393,0.1076726105932865,0.9531843732844342,0.4990053104139165,2566,11700,loss_manipulation
0.16309341500765698,-1.8644408371757357,0.9639862875704546,-0.04139060982016596,0.9435655253837072,5.602350527155185,0.8522974738982119,0.17337063998201152,0.6416588909281342,0.22324786324786325,0.7271698726215886,0.9027001843450219,0.0,2612,11700,loss_manipulation
0.13540856031128404,-1.9785899007172283,0.849837224028962,-0.08385073421442968,0.986327861984349,5.213075024955572,0.8287228105908682,-0.1295063201262416,0.5720867655435284,0.21965811965811965,0.6193698234766216,0.8914205391793993,0.0,2570,11700,loss_manipulation
0.06609087495306046,-2.3845342272297856,0.4438928975164047,-0.07002645068551505,1.2310999535467548,4.451793179441411,0.8632295883118484,0.16866276667701657,0.35116323776051617,0.22760683760683761,0.30055148790305275,0.904029064869087,0.0,2663,11700,loss_manipulation
0.048087845513063235,-2.62599557018232,0.2024315545638702,0.06959437867563478,1.3330202240154847,3.3979466318847993,0.8663015630616431,0.10397881946269165,0.2782180536592468,0.22572649572649572,0.23058618924433044,0.9397062629011301,0.3390313332910312,2641,11700,loss_manipulation
0.12738853503184713,-2.1270828368276704,0.7013442879185199,0.019274087812993557,1.1177245035673167,4.566801064944811,0.739019668925609,-0.2573696632467052,0.5502324860678092,0.22811965811965812,0.691454042998123,0.9756937021365425,0.0,2669,11700,loss_manipulation
0.13214990138067062,-1.987532364753422,0.8408947599927683,-0.09334202879752285,1.0394883673499118,2.447595408255387,0.8213703039099631,-0.23772495816548214,0.563304955323812,0.21666666666666667,0.7493693976185136,0.9692756877353352,0.0,2535,11700,loss_manipulation
0.01568627450980392,-2.719542579612682,0.10888454513350831,-0.02014957651402005,1.3716923802526915,2.986377513936739,0.8525140893100649,0.1508597290119538,0.11648115434260778,0.21794871794871795,0.14009667506515228,0.9812695511289075,0.6444453876607686,2550,11700,loss_manipulation
0.057188884414015304,-2.4230934228657874,0.40533370188040285,-0.08182451805925162,1.2440136334253982,4.090943111628279,0.923080229598102,0.10414194738381058,0.3161832570463991,0.21222222222222223,0.3809981437266753,0.9412243447147176,0.05430404265543953,2483,11700,loss_manipulation
0.0474481658692185,-2.5292361198006095,0.2991910049455808,-0.03078364621767271,1.275321755324758,3.1373487296869094,0.8073539465127137,-0.4058817384133162,0.27545642402778736,0.21435897435897436,0.11922506929406218,0.89821538349454,0.2158200673983105,2508,11700,loss_manipulation
0.08850574712643679,-2.2829337660912086,0.5454933586549817,-0.04482924691829959,1.1415135896839688,3.367077781685363,0.8493140935496732,-0.08719136661054896,0.43146243118808797,0.2230769230769231,0.3584709863110721,0.866120805834691,0.0,2610,11700,loss_manipulation
0.1348314606741573,-2.092766114797719,0.7356610099484713,0.027060911331400206,1.0543436392932126,5.040695623030418,0.8457809497221556,0.2914228662409433,0.570541142852226,0.2282051282051282,0.6068997401950689,0.8912784611089094,0.0,2670,11700,loss_manipulation
0.09918950212273253,-2.314236564839276,0.5141905599069143,0.04690999668109885,1.216947259046767,5.445701810116376,0.7898877357470179,-0.12821849710235442,0.46642109831835077,0.22145299145299147,0.47270193556071094,0.903814362423677,0.0,2591,11700,loss_manipulation
0.09420289855072464,-2.34260509558836,0.4858220291578301,0.047070037823336186,1.1778922891875458,4.884494471910656,0.8995580956538072,-0.06966642952027567,0.4503450950492192,0.2241025641025641,0.3799357341165879,0.8701692869681142,0.0,2622,11700,loss_manipulation
0.18674463937621832,-1.7257774557235128,1.1026496690226775,-0.046262462197394605,0.877271221003604,2.3694392855728754,0.8184244875434964,0.004567612795467869,0.6946116074909616,0.21923076923076923,0.859403144159295,0.8817853241122645,0.0,2565,11700,loss_manipulation
0.11758076634109692,-2.206822549388381,0.6216045753578094,0.04353268237739538,1.1026408891616666,4.227020175604131,0.8887751915427569,0.10820460373295379,0.5223666389995852,0.22752136752136753,0.6335189100426808,0.9671252425836451,0.0,2662,11700,loss_manipulation
0.06197398622800306,-2.541031956841857,0.28739516790433317,0.06318263944752811,1.2935564271136066,2.866211677941641,0.8320212393580884,0.1829205678535988,0.33523157306509455,0.2234188034188034,0.294617267209871,0.9146125980287969,0.17048240076628446,2614,11700,loss_manipulation
0.16917148362235068,-1.9445653139428343,0.883861810803356,0.07311661521866908,0.9999685781618225,3.3217932068874227,0.9151259402119699,0.023586247600111184,0.6558059702354458,0.22179487179487178,0.7121071186049567,0.8909945488835442,0.0,2595,11700,loss_manipulation
0.17267843438219493,-1.8747001190130417,0.9537270057331486,0.023089729597461917,0.9677194617866036,4.688207703207329,0.8612471786582083,0.03221662381673408,0.6637953786440868,0.22273504273504274,0.7904214157656916,0.9119801224064086,0.0,2606,11700,loss_manipulation
0.14644351464435146,-1.9644733378852637,0.8639537868609266,-0.03554416873442756,1.007037516630763,3.4970759865625025,0.8561821632439368,-0.28848706382819544,0.6008681663269455,0.2247008547008547,0.611775559456506,0.8621187194487548,0.0,2629,11700,loss_manipulation
0.05429341547939931,-2.5953416151876674,0.23308550955852292,0.07404442851557258,1.3256880733944953,1.4971599221089051,0.8867522887280435,0.289355067492769,0.3043624200040175,0.22196581196581197,0.19993183934630726,0.9068636153469605,0.270980586015657,2597,11700,loss_manipulation
0.0663836356619066,-2.440961795744212,0.3874653290019783,-0.011942777511168234,1.2369089602526153,4.395630109417915,0.9490547864316516,-0.011375264046447951,0.35228080562733505,0.22145299145299147,0.3937779742116553,0.9340685612442525,0.03749786260763577,2591,11700,loss_manipulation
0.17402996542451019,-1.8206583812073271,1.0077687435388631,-0.023306594088210453,0.9749549552782009,3.846834843416826,0.8886661362567456,0.1294047722162246,0.6668411214267349,0.22247863247863248,0.8055390989909366,0.8726155107226259,0.0,2603,11700,loss_manipulation
0.14558654948414215,-2.035196887394468,0.7932302373517222,0.030331653766580313,1.0370895397876805,6.652101511543193,0.78142391359768,-0.30657016225650024,0.5986845370142829,0.22367521367521367,0.6183821472200473,0.8917077477136028,0.0,2617,11700,loss_manipulation
0.0718562874251497,-2.411210930312975,0.4172161944332151,-0.010735649559511007,1.2264549880247517,5.986521131139069,0.8878042451225678,0.07603704313911172,0.37281307794614393,0.2283760683760684,0.19094084370430117,0.8705328556920829,0.0,2672,11700,loss_manipulation
0.14280125195618154,-1.9428883057549045,0.8855388189912858,-0.07773295003012803,0.9865157113803672,4.747697479680664,0.7851625566019365,-0.1495809887916743,0.5915282842949323,0.21846153846153846,0.6944509195360993,0.9193258286863542,0.0,2556,11700,loss_manipulation
0.1535796766743649,-1.925840527561787,0.9025865971844034,-0.033808750553356415,0.9804604453395994,5.615672724067778,0.8881922499570499,-0.22058904104439372,0.6187264186254058,0.22205128205128205,0.657513160999124,0.8652237142344463,0.0,2598,11700,loss_manipulation
0.09150076569678407,-2.2789865733614083,0.549440551384782,-0.031834056121122334,1.1731474585738222,3.2923729064293115,0.9013496406720134,-0.09853544005642975,0.4414594383716079,0.22324786324786325,0.5687125949204394,0.9725201611403118,0.0,2612,11700,loss_manipulation
0.03500583430571762,-2.5621553435060247,0.2662717812401656,-0.06824887869084062,1.2755027808138582,5.328525786062135,0.8165985697475564,0.2896007575429445,0.21890564356069145,0.21974358974358973,0.24177124588447577,0.9607778612069322,0.3132483949003896,2571,11700,loss_manipulation
0.1387927720107651,-1.9240875371246724,0.9043395876215179,-0.11920910547359398,0.9548392253585457,4.360784142921258,0.8157221101923442,0.09747166884460134,0.5810684376288837,0.22230769230769232,0.5833403189458367,0.8581226279529763,0.0,2601,11700,loss_manipulation
0.06015037593984962,-2.4804550994462584,0.3479720252999319,-0.007710115556029518,1.2731264942453127,5.432290878392539,0.8409558427881523,0.21969346682608357,0.3280415664578747,0.21598290598290598,0.2200986396245167,0.8962280931018196,0.10580487467818622,2527,11700,loss_manipulation
0.1474118529632408,-1.986132538351232,0.8422945863949582,-0.008407219534303678,0.9941146755123165,3.3229639702552394,0.8786338467384249,-0.1922614474883166,0.6033253871030014,0.22786324786324785,0.6887339115331299,0.92038377072998,0.0,2666,11700,loss_manipulation
0.027190332326283987,-2.6571474301485867,0.17127969459760362,-0.017467947632554104,1.325254937518757,5.058592773636334,0.7789505149161081,0.3547450548010456,0.18009961295257274,0.22632478632478634,0.21602499282324744,0.9663632632951219,0.4820335177723643,2648,11700,loss_manipulation
0.13900654601463228,-2.1183556018853262,0.7100715228608641,0.07626824766926665,1.0884715616531793,4.106482329992869,0.8960569507971552,0.1270155640667918,0.5816311204020724,0.22196581196581197,0.7345427443397925,0.9522871891021848,0.0,2597,11700,loss_manipulation
0.1417233560090703,-2.0688016105926312,0.7596255141535591,0.042082854538671555,1.0743979514002397,5.837869577347026,0.776416167900476,0.018909967439026232,0.5887343926074529,0.22615384615384615,0.7042817597999478,0.9433028048589609,0.0,2646,11700,loss_manipulation
0.16389099167297502,-1.9737435150540057,0.8546836096921846,0.07242384300660465,1.0116248429696357,6.904464018774445,0.8939842764948245,0.18290906961717615,0.6435373104109179,0.2258119658119658,0.7789152881041906,0.9651095575970884,0.0,2642,11700,loss_manipulation
0.055007587253414265,-2.4267766605409475,0.40165046420524275,-0.09048056049644337,1.2462540724858173,3.1094779928211636,0.8759947107584443,-0.0275557019542398,0.3072994881271377,0.2252991452991453,0.44035358247620715,0.9714594425189598,0.06713290243073045,2636,11700,loss_manipulation
0.042454650714010035,-2.5686066837148536,0.2598204410313367,-0.01966066972907443,1.3015969397813931,2.369081432928307,0.8309717693249408,0.1137819621217961,0.2534356375630223,0.22145299145299147,0.15676885712695451,0.915735167048647,0.286950752328612,2591,11700,loss_manipulation
0.0397456279809221,-2.6410328216888113,0.18739430305737903,0.03744092148524336,1.3219739225082086,3.826810002437114,0.8086818681530089,0.008342579623825487,0.24112468494492387,0.21504273504273505,0.1595431735309589,0.9343434921015902,0.3974783740199135,2516,11700,loss_manipulation
0.18324022346368715,-1.8457169972498777,0.9827101274963126,0.05385310928217968,0.9856567599888291,4.2996581470469675,0.8339948557628585,0.19083467500012724,0.6871143733822362,0.22948717948717948,0.824432801621758,0.8918043526491282,0.0,2685,11700,loss_manipulation
0.0589171974522293,-2.568538876958763,0.25988824778742714,0.07339775098839763,1.3241087010720518,4.051131668440779,0.9095011093484541,0.07402038276493074,0.3231315168005557,0.2147008547008547,0.17687796335270065,0.9143317440557086,0.21716795115321164,2512,11700,loss_manipulation
0.038946162657502864,-2.5247706184421066,0.3036565063040837,-0.08334374057356753,1.2818954304721817,2.694262290812669,0.9032061693657605,-0.23163933819604013,0.23743934423479712,0.22384615384615383,0.318709546315185,0.9622302124985089,0.24843021357070527,2619,11700,loss_manipulation
0.0698120444955888,-2.3789454793277742,0.44948164541841606,-0.05456508484779343,1.188290493426012,2.938929614466435,0.8886612087562115,-0.1272356027401552,0.3652218460458537,0.22282051282051282,0.38350721631053586,0.9016371184342111,0.0,2607,11700,loss_manipulation
0.1086534730306558,-2.1551340815956785,0.6732930431505117,-0.058656182514940536,1.0985061427062817,4.689104739839137,0.836699089603432,-0.36901069012240595,0.49584101879804354,0.22025641025641027,0.5464320823277363,0.9099831901055285,0.0,2577,11700,loss_manipulation
0.13294346978557506,-2.1136282670327513,0.714798857713439,0.03724297428535284,1.0702770297147404,6.586528256823886,0.8483569239864402,0.049008987533098944,0.5654557539508205,0.21923076923076923,0.7089712493334829,0.9826827866334471,0.0,2565,11700,loss_manipulation
0.09074210139603232,-2.251668315863202,0.5767588088829885,-0.0634439669929745,1.1393746687864335,4.229271408432831,0.8188383896290453,-0.04737977538639198,0.4389420162391553,0.23264957264957264,0.5443367312460617,0.9477840244152501,0.0,2722,11700,loss_manipulation
0.12509593246354567,-2.150075977194463,0.6783511475517274,0.02929830959889257,1.0865844606564194,7.526106688516002,0.8853921822776907,-0.17294545059691366,0.5438336989909555,0.22273504273504274,0.5846699763490735,0.887131990905715,0.0,2606,11700,loss_manipulation
0.06800314465408805,-2.493267989779035,0.3351591349671552,0.04952474284816777,1.269242575860852,3.1721960091829637,0.8606921688016977,0.2680382621684253,0.35842720101509673,0.21743589743589745,0.43849612147011496,0.9490906005185823,0.09016653274142705,2544,11700,loss_manipulation
0.08285385500575373,-2.4352791610837725,0.3931479636624178,0.0755442181137056,1.2316410540537914,2.3234561918192846,0.9313555087115069,-0.08498636001053214,0.4121559530580681,0.22282051282051282,0.31036835008619756,0.892733259590076,0.0,2607,11700,loss_manipulation
0.05661850839515814,-2.4430109349568614,0.3854161897893289,-0.06513353997425853,1.2276480033148598,4.6034280166416135,0.9056104254820736,-0.009515065624447764,0.3138727682645687,0.21888888888888888,0.4017322595060905,0.9475367725015144,0.07814314731731609,2561,11700,loss_manipulation
0.05488266464799394,-2.601677934027065,0.22674919071912525,0.08371404401834459,1.3135147820161865,3.005644783470483,0.9263376481646959,-0.16146125415013507,0.30678676390583165,0.2258119658119658,0.3394540944319956,0.9521764086965483,0.27705080405350435,2642,11700,loss_manipulation
0.17295238095238094,-1.930717392685763,0.8977097320604273,0.08065667908987417,1.0004797155987708,5.076968620307589,0.9011652904684877,-0.05250640913392672,0.6644142178120649,0.22435897435897437,0.8405365062360787,0.9110255500325373,0.0,2625,11700,loss_manipulation
0.035889686437476385,-2.6059047092334047,0.22252241551278562,-0.019499690275998294,1.324042010297535,4.015283430996905,0.8301954566440648,-0.2038354640948334,0.22311819799959695,0.22623931623931623,0.3539932975235546,0.9826763652775946,0.3664329488803643,2647,11700,loss_manipulation
0.14992150706436422,-1.9893696995237105,0.8390574252224798,0.009026689104870922,1.017854086423939,5.427581813034361,0.8480825067442962,0.1608835236511536,0.6096438412557931,0.21777777777777776,0.6314729313412522,0.8872216984561891,0.0,2548,11700,loss_manipulation
0.10140524116976833,-2.184702360539042,0.6437247642071484,-0.0700900947751446,1.0972435031230245,5.652992201169329,0.7200462843221147,0.2002050392140493,0.4734343409520575,0.22504273504273503,0.45019721195572604,0.8918303229221768,0.0,2633,11700,loss_manipulation
0.11486224291812185,-2.2358208204468,0.5926063042993901,0.057152662658213504,1.1461865423066888,4.80165256196343,0.780001779939394,-0.06209169918327178,0.5144099556007318,0.22025641025641027,0.48415367803285425,0.8902890061359321,0.0,2577,11700,loss_manipulation
0.12218890554722639,-2.120561772230066,0.7078653525161243,-0.016660522930473487,1.0827131293069723,4.836642036876662,0.9159738227098952,-0.17668301356273713,0.5356202478213252,0.22803418803418804,0.5095485247599638,0.8551234896096459,0.0,2668,11700,loss_manipulation
0.15420200462606015,-2.0124316255830017,0.8159954991631886,0.056302765985983605,1.0413355625491738,4.216620974039057,0.8774155356395221,-0.007056211438725121,0.6202566840919096,0.2217094017094017,0.758040808260182,0.9457800025918854,0.0,2594,11700,loss_manipulation
0.17546583850931677,-1.8613994429220528,0.9670276818241375,0.02555699238803477,0.96977763240916,4.490627681477253,0.9352794552312209,-0.008288031001413836,0.6700568505836825,0.22017094017094016,0.7764090142350771,0.895438730320375,0.0,2576,11700,loss_manipulation
0.11688804554079696,-2.170015864713588,0.6584112600326022,0.0028073770997139036,1.1100754472087522,3.125263874864879,0.7746329211747542,-0.08113597833728459,0.5203489951612845,0.22521367521367522,0.48697904187454766,0.8846070154673865,0.0,2635,11700,loss_manipulation
0.05117352828010773,-2.6052597879478085,0.22316733679838174,0.06631385411446411,1.3197828330416836,2.4868721434248764,0.8473847463064357,0.208482381336605,0.29136125934982293,0.22213675213675213,0.3258429762033712,0.9506223740017488,0.29731563658248117,2599,11700,loss_manipulation
0.10227711308375145,-2.238857143545445,0.5895699812007451,-0.011003259427113221,1.1256737776237424,2.4809463568143384,0.882473404283302,0.06705582400557744,0.4761725889060284,0.22145299145299147,0.6184420163516374,0.9804278143159537,0.0,2591,11700,loss_manipulation
0.023371647509578545,-2.695176907042318,0.13325021770387213,-0.0010402141716747693,1.3710066601754571,5.07155549820045,0.7734293480170635,0.21395664496621322,0.15997424858754247,0.2230769230769231,0.1851272127497806,0.9672012419650479,0.5607317111309263,2610,11700,loss_manipulation
0.015690776884806735,-2.733156001249788,0.09527112349640232,-0.0065106855977465905,1.3932849828513025,3.607513235737787,0.8602308250704082,0.0073173161443717315,0.11650803952406895,0.22333333333333333,0.19299855586680226,0.9817685283704086,0.6680124314686927,2613,11700,loss_manipulation
0.06237816764132553,-2.477969239135054,0.35045788561113644,0.0024063170862440586,1.2941981457593004,2.9327068184467087,0.8821545339183352,-0.008284382144494434,0.33681389807607903,0.21923076923076923,0.3657279990021548,0.9302866824942287,0.09419782333735283,2565,11700,loss_manipulation
0.19191522762951335,-1.870269468064749,0.9581576566814414,0.1274788142768688,0.9620118382029287,3.6693185871636196,0.8428915554826077,0.12339268129553144,0.7054608188106748,0.21777777777777776,0.8186359425838313,0.9119454251810477,0.0,2548,11700,loss_manipulation
0.13960663324334746,-2.02948913462035,0.7989379901258404,-0.009203613605886396,1.0223060090592653,5.564932220390477,0.82772382978563,0.07951598223309858,0.5832076917762418,0.22162393162393162,0.632602049982359,0.8922421149354055,0.0,2593,11700,loss_manipulation
0.17236142748671224,-1.9474732970079276,0.8809538277382627,0.09406964578851817,1.0298380559508584,2.878539964418037,0.8633421762249396,-0.12000772140146018,0.663078321183536,0.22512820512820514,0.844489847287352,0.9412912836934146,0.0,2634,11700,loss_manipulation
0.049596309111880045,-2.5116646917147483,0.316762433031442,-0.03620334107276557,1.2557723139510464,3.841205869517236,0.8698292052889256,0.15939399620710398,0.28467962630007937,0.22230769230769232,0.40203398101789223,0.9769697785869778,0.18550088211242344,2601,11700,loss_manipulation
0.21263482280431434,-1.627308097248545,1.2011190274976453,0.0017251734729994972,0.8441334024537757,4.945024953869315,0.8619376992316983,0.033996188209069876,0.7464890134621402,0.2218803418803419,0.89493655557948,0.8609004242580374,0.0,2596,11700,loss_manipulation
0.11453248216297408,-2.1465819130864285,0.6818452116597618,-0.03395165323123139,1.1061686280604468,3.5809943292603137,0.9017617124587052,0.07645730915318442,0.5134377091086216,0.22760683760683761,0.45224937395846354,0.8523700683500726,0.0,2663,11700,loss_manipulation
0.043031977891827874,-2.570813338208007,0.2576137865381831,-0.014188159536734357,1.3298018537380791,2.15384263992717,0.8557766261621731,-0.08325879696413173,0.25602503429871576,0.2164957264957265,0.23999998164197686,0.9364550498003209,0.28719472253955414,2533,11700,loss_manipulation
0.07953667953667953,-2.3258661246024124,0.5025610001437779,-0.05263359651619881,1.1880078657413669,3.093573450166004,0.9086841019078363,-0.06004607885613779,0.4005445442026667,0.22136752136752136,0.5467055299497442,0.9829392721714221,0.0,2590,11700,loss_manipulation
0.15567282321899736,-1.93717669448129,0.8912504302649003,-0.010631958708039013,0.9605698529411765,6.641814386439391,0.8906950277372125,0.03321685499716373,0.6238563329565676,0.22675213675213676,0.7032929483845205,0.9225200462429372,0.0,2653,11700,loss_manipulation
0.06964217006540978,-2.3997721453143392,0.42865497943185105,-0.034699373753466656,1.2274691720493247,5.871361498364957,0.7221494985387651,0.27072870366296625,0.3645868787313614,0.22213675213675213,0.21681989999272339,0.8775443026184497,0.0,2599,11700,loss_manipulation
0.012006196746707979,-2.6610884113019293,0.167338713444261,-0.09942140835740432,1.3598295399707485,3.9133562219069584,0.9062279159376572,-0.22569423977822506,0.0938173399191582,0.2206837606837607,0.14191208022853125,0.9754028361944093,0.5741789269883935,2582,11700,loss_manipulation
0.10873863187030447,-2.1740579557455018,0.6543691690006885,-0.03925057722116909,1.0815301132176591,4.341205615562401,0.8233142886994009,-0.24543352041892266,0.4960995285032969,0.21615384615384614,0.4306914265845432,0.8581039310017222,0.0,2529,11700,loss_manipulation
0.14596622889305816,-1.9815532450926954,0.8468738796534949,-0.021164197457421263,0.9999023399351537,3.3508141347361113,0.8794252878662827,-0.26040411046185824,0.5996530449300619,0.22777777777777777,0.7322546125560895,0.9479013405250568,0.0,2665,11700,loss_manipulation
0.02766798418972332,-2.704545536758358,0.12388158798783211,0.03263216595069229,1.3769175490736143,2.1774648406533883,0.7718738269481293,-0.1520885368352103,0.18255858351701265,0.21623931623931625,0.26432505525377836,0.9699354115964881,0.5533324936469963,2530,11700,loss_manipulation
0.07065823726292302,-2.3979308495317286,0.43049627521446165,-0.03079292549205448,1.2350413461004903,3.1414928948040624,0.8742422001215318,0.3693650904020126,0.3683752761638537,0.22982905982905982,0.26129477828173925,0.8903653505115582,0.0,2689,11700,loss_manipulation
0.16265750286368844,-1.9567270202427178,0.8717001045034725,0.04842968178280227,1.0008580998604022,6.287759074458833,0.8949878005434598,-0.017371825927005164,0.6406294087945069,0.22384615384615383,0.6993712135929613,0.899136449035636,0.0,2619,11700,loss_manipulation
0.06765163297045101,-2.4697072180267865,0.3587199067194038,0.023975520734591083,1.2616430557684306,1.9942517445872572,0.8702836229711689,0.2900141938616442,0.35709825524980315,0.21982905982905984,0.33887139369466335,0.9311700372743942,0.06455233479376377,2572,11700,loss_manipulation
0.13118527042577677,-2.0209387578938136,0.8074883668523767,-0.06539241237351412,1.0228568764301238,5.203103062282265,0.9105387092301569,-0.11092160539960619,0.5606798565207596,0.22282051282051282,0.713477405550982,0.9793705648356767,0.0,2607,11700,loss_manipulation
0.055007587253414265,-2.491955085783896,0.3364720389622944,-0.025302135253495006,1.2703886012665917,2.786638371216716,0.8123964552345855,-0.00994860399521156,0.3072994881271377,0.2252991452991453,0.2701626875540074,0.9135565084477599,0.1397724889571087,2636,11700,loss_manipulation
0.07876712328767123,-2.3520842051217192,0.47634291962447106,-0.030768783534318,1.1893359099128464,3.9417828161162363,0.8967185456557927,0.025545052673918232,0.3978201050545268,0.2246153846153846,0.4921298179941268,0.9545641007706633,0.0,2628,11700,loss_manipulation
0.10930408472012103,-2.1009449575174526,0.7274821672287377,-0.109164891092846,1.0753551452015093,1.8888171342222784,0.8823946941256526,0.020983008358790155,0.4978132926194394,0.225982905982906,0.600105931099608,0.9424686485329619,0.0,2644,11700,loss_manipulation
0.04216417910447761,-2.5803869301661186,0.24804019458007165,-0.009523578836549529,1.3368091839168352,3.755745875853956,0.8208986180271189,0.11597390337965453,0.25212836665483057,0.22905982905982905,0.3932223140860174,0.9782791893006398,0.3034899196496675,2680,11700,loss_manipulation
0.1637897967011891,-1.841598173722872,0.9868289510233184,-0.06029394353070372,0.9344712290710115,3.720056216424972,0.8702667521807128,-0.02581969794468098,0.6432993517219396,0.22282051282051282,0.7619094019166487,0.9001328456915467,0.0,2607,11700,loss_manipulation
0.146484375,-1.978205946518888,0.8502211782273024,-0.021580419024316955,0.9922897542773945,4.935898758381277,0.9192019423750895,-0.20610391178358453,0.6009720703926708,0.2188034188034188,0.7255795454606936,0.919534493446872,0.0,2560,11700,loss_manipulation
0.06531091122409073,-2.3968456774886917,0.4315814472574986,-0.062127141561281185,1.227212114709624,2.0497538999826377,0.8528539177991744,0.16038180409366623,0.34817604841022454,0.21854700854700854,0.1477350918752566,0.8896093247303981,0.0,2557,11700,loss_manipulation
0.05499438832772166,-2.5314735498343093,0.296953574911881,0.014141664398025444,1.2891773372646398,4.011827893381554,0.8378962893952142,0.2106478133748653,0.3072453357940311,0.22846153846153847,0.106499984038045,0.8817944586106939,0.18675226177966742,2673,11700,loss_manipulation
0.10015467904098994,-2.2413111411877242,0.5871159835584661,-0.020555561818896617,1.1464326458973233,2.926639355360594,0.8151017687533729,-0.3183382465128881,0.4694857228732614,0.221025641025641,0.4346177324399918,0.8859195395882371,0.0,2586,11700,loss_manipulation
0.150187265917603,-1.951212646568361,0.8772144781778293,-0.027627004752194484,0.9884037090398612,6.349706582533019,0.8506913055634455,0.17065661790001732,0.6103087394022734,0.2282051282051282,0.8747978619203535,0.9796085666772899,0.0,2670,11700,loss_manipulation
0.074000791452315,-2.4642440280950337,0.36418309665115656,0.05442859494167074,1.2550858378584229,3.267279869844347,0.7879169248018785,-0.23466264952113114,0.3806794978721266,0.21598290598290598,0.4364246171951317,0.9556949193231705,0.03483133103053204,2527,11700,loss_manipulation
0.14027671022290547,-2.0163519916860055,0.8120751330601848,-0.01855022873093093,1.0136659977017441,6.815927095301449,0.8869521027241585,-0.17667577363207412,0.5849630322772333,0.2223931623931624,0.7348170895095519,0.9450159043415202,0.0,2602,11700,loss_manipulation
0.0637037037037037,-2.4670722396929436,0.36135488505324664,-0.0009923180485467142,1.284148167080473,3.9558273985616843,0.8500434013239082,0.209295451928116,0.3419750737157944,0.23076923076923078,0.10982555025456026,0.8891781292108367,0.07670927787480697,2700,11700,loss_manipulation
0.10929169840060929,-2.256378545638437,0.5720485791077534,0.0461986294239729,1.1301654474621743,3.522138166555422,0.777830601497643,-0.08350176982054414,0.4977758032256171,0.22444444444444445,0.5897010290432547,0.9582623266361192,0.0,2626,11700,loss_manipulation
0.15706214689265538,-1.9406478348901743,0.887779289856016,0.0006983832280982316,0.9918190647849328,4.296139367575243,0.9536030501230106,-0.09917403332232036,0.6272347217850774,0.22692307692307692,0.7025139331756001,0.8923879307182215,0.0,2655,11700,loss_manipulation
0.10101771579344139,-2.2910197471842424,0.5374073775619479,0.03403511729819453,1.1631393794585807,2.8287819408099644,0.9355389166783714,0.018429692435711274,0.472213399760476,0.22675213675213676,0.363650080801464,0.8556124810230906,0.0,2653,11700,loss_manipulation
0.07095773555641721,-2.3866507340650633,0.44177639068112695,-0.040378822764451705,1.194320144017047,4.415872868576411,0.8393856464032047,0.21503971734139637,0.3694876109773063,0.22042735042735043,0.33025307762077916,0.9182584660198887,0.0,2579,11700,loss_manipulation
0.15967016491754124,-1.903639950490366,0.9247871742558242,-0.021556323324881665,0.9738179664691818,7.654554246057589,0.8704159374754354,0.14231649029966936,0.633519900200337,0.22803418803418804,0.635426409894512,0.8540215738874716,0.0,2668,11700,loss_manipulation
0.13363879343260787,-1.9970178183751068,0.8314093063710835,-0.07543412984480113,1.0264263334244852,3.149806698208082,0.8774144266664199,0.1828901927499989,0.5673338010577942,0.22384615384615383,0.6262625372472829,0.8798188326362911,0.0,2619,11700,loss_manipulation
0.09785111281657713,-2.3295450637665924,0.49888206097959786,0.05464742237441467,1.198265414331162,3.7663826069010615,0.8884440626300948,0.18110422032548,0.46214653326220123,0.22273504273504274,0.4471733661622287,0.9198624337173003,0.0,2606,11700,loss_manipulation
0.15626196859440827,-1.8809299503610708,0.9474971743851195,-0.0635459933077962,0.9560858133724295,2.884026608122929,0.9016575095862827,-0.11466965275870622,0.6252915235440116,0.22316239316239317,0.7709796663005355,0.9337730882905222,0.0,2611,11700,loss_manipulation
0.05283757338551859,-2.5985821667183986,0.2298449580277917,0.06904949351094469,1.3255672712417834,4.434045701291588,0.8568955204225058,-0.038505294201673874,0.29833061714247977,0.21837606837606838,0.22095943337254598,0.9191386610671143,0.2813462506085085,2555,11700,loss_manipulation
0.09465346534653465,-2.3971348682756104,0.4312922564705799,0.10414860120414415,1.1986415191576152,4.3724192185319115,0.853774038229242,0.09601577588008166,0.4518146371341645,0.21581196581196582,0.34594770252746077,0.8794563828431777,0.0,2525,11700,loss_manipulation
0.1364329268292683,-2.169609570043616,0.6588175547025741,0.11296362720225561,1.1177882303262057,4.601486867837718,0.8875713818640992,0.19462852116497395,0.5748201865198016,0.2242735042735043,0.5734888881600914,0.8950135462138973,0.0,2624,11700,loss_manipulation
0.06548323471400394,-2.4787578706565796,0.3496692540896107,0.02075986047280942,1.261882087828905,5.608226385239696,0.8942659463029351,-0.0008678314409566742,0.3488372632912167,0.21666666666666667,0.24893531760885612,0.9103448663732371,0.08307284660809078,2535,11700,loss_manipulation
0.07285276073619631,-2.4435986555840223,0.38482846916216795,0.02728897999563573,1.2600323142183676,5.1031921322727305,0.8364430952388466,0.06207077944870932,0.37648052796295606,0.2229059829059829,0.18669785624074794,0.8825022427227742,0.01617802282990133,2608,11700,loss_manipulation
0.0842504743833017,-2.2954673825930776,0.5329597421531127,-0.05636708811618352,1.1719939753995483,5.891941210207555,0.8638689482048258,0.1972838928436353,0.41698172035746817,0.22521367521367522,0.3004383352074357,0.8609866559910969,0.0,2635,11700,loss_manipulation
0.06804615996816554,-2.4154442749105534,0.41298284983563693,-0.028055640658081415,1.214266653235569,3.3501669356893364,0.7838423656073,-0.1156028715971299,0.35858963381963904,0.21478632478632478,0.33026421201129424,0.919707838095621,0.0037558495593470465,2513,11700,loss_manipulation
0.029524539877300613,-2.5976152148778295,0.23081190986836075,-0.0637958909991454,1.3487877368089767,4.661404957162351,0.9298990425187709,-0.17206659150267128,0.19200181624578272,0.2229059829059829,0.2565197928895592,0.9606118430951069,0.3863795849710185,2608,11700,loss_manipulation
0.18598382749326145,-1.818171479461141,1.0102556452850493,0.04182775960706464,0.9464241557156987,4.71876380256294,0.8944877428183695,0.13913675871907422,0.6929939243462279,0.22196581196581197,0.8740457302058715,0.8872387917411362,0.0,2597,11700,loss_manipulation
0.17135050741608118,-1.8832992973499063,0.945127827396284,0.02417701863305033,0.9479244911143474,4.284221988446016,0.8862143588188929,-0.06678849352810971,0.6607848632483058,0.21897435897435896,0.7352446956945535,0.8763088098840177,0.0,2562,11700,loss_manipulation
0.15815931941221964,-1.9467698819811772,0.8816572427650131,0.013026975348824132,0.9753327302367658,5.400500853179058,0.9162497327916086,-0.3045997172361493,0.6298878210759538,0.221025641025641,0.7472290526833847,0.9392997494200763,0.0,2586,11700,loss_manipulation
0.04468412942989214,-2.59905002852518,0.2293770962210102,0.02339451122934255,1.3068257787279376,2.553507632437008,0.8799881441065134,0.19854539356598355,0.26337115470371947,0.2218803418803419,0.3772430970598831,0.9841189811927669,0.31693322758450704,2596,11700,loss_manipulation
0.16981132075471697,-1.8992644181498715,0.9291627065963188,0.03143518482691543,0.9976653696498055,8.28801351322307,0.8454527469729363,0.17453792180150912,0.6572729784684465,0.22196581196581197,0.7318278222791504,0.8729593209022676,0.0,2597,11700,loss_manipulation
0.10777988614800758,-2.2171455188756957,0.6112816058704946,-0.0015864989043330446,1.1692770008559483,3.994376690809572,0.8037282064035689,0.2653585270742945,0.4931828911744506,0.22521367521367522,0.5991410707193999,0.9675260210484157,0.0,2635,11700,loss_manipulation
0.058640776699029125,-2.405530183570778,0.42289694117541243,-0.0911746143119756,1.2137163793974233,2.8585112354382862,0.8662411214746735,-0.3542484503101731,0.3220255124622072,0.22008547008547008,0.19718843371159453,0.9007463698406578,0.029868318512436765,2575,11700,loss_manipulation
0.08123791102514506,-2.39670919218935,0.4317179325568401,0.027833089645635578,1.226488131466829,3.742509915476269,0.8228546617819694,-0.17166171321664825,0.406526097422468,0.22094017094017093,0.5409323129822672,0.9887107373767398,0.0,2585,11700,loss_manipulation
0.14460596786534047,-2.0337247718150375,0.7947023529311528,0.023312530889857186,1.0532153587474848,4.857982495185642,0.8961344627012642,0.04440076292752877,0.5961754695471781,0.2234188034188034,0.7076136356572377,0.9249015554286683,0.0,2614,11700,loss_manipulation
0.04132869833912708,-2.687119157266786,0.14130796747940444,0.0924824553462753,1.348537536265548,2.3588269586510657,0.8948771784083155,0.17528501000811142,0.24835140336922368,0.22128205128205128,0.3327105605253756,0.9834218315401307,0.459550302949269,2589,11700,loss_manipulation
0.12004662004662005,-2.1423190265582335,0.6861080981879568,-0.007021865440036912,1.0978966633557738,4.1930969448566,0.9116553367258713,0.03345524317862932,0.5294948583267429,0.22,0.5064350637237616,0.8506397635351274,0.0,2574,11700,loss_manipulation
0.09860219115980355,-2.308886241775222,0.5195408829709685,0.03823734110062649,1.1860481816963175,3.912659716925801,0.8570590545256441,0.32325080132131717,0.4645489188661752,0.22623931623931623,0.42598252413817483,0.9061505334768672,0.0,2647,11700,loss_manipulation
0.1492361927144536,-2.00903132398255,0.8193958007636404,0.024811590171180287,1.0004787527876098,2.1159583740717576,0.7580819272449401,-0.07257241366886644,0.6079255714294343,0.21820512820512822,0.7009561889317112,0.9274380861256434,0.0,2553,11700,loss_manipulation
0.0811965811965812,-2.391320874241483,0.4371062505047072,0.022210974881426093,1.2174773595728008,3.631032401444415,0.8706465951574727,0.21915202096207484,0.40638144856989145,0.22,0.4433163502944034,0.9401586620599425,0.0,2574,11700,loss_manipulation
0.14814814814814814,-2.0408465767588755,0.7875805479873148,0.05047193341896383,1.0686744073536527,3.325999329945239,0.8507299361933824,-0.0769849088699877,0.6051865766334206,0.21923076923076923,0.5550283974995368,0.8567462957019761,0.0,2565,11700,loss_manipulation
0.050078864353312304,-2.4823761778790763,0.346050946867114,-0.06276211024032685,1.257539931994171,2.751013071786459,0.9120092419536141,-0.02150633008979417,0.2867318727669542,0.21675213675213675,0.2614282103210882,0.9144474915822007,0.14931107013237532,2536,11700,loss_manipulation
0.18802122820318423,-1.7976204246158145,1.0308067001303758,0.03280198362558351,0.9382618349684028,3.312051925927273,0.8484259980238011,0.11376745625860554,0.6973136210305674,0.22547008547008546,0.8017784536690632,0.8717422596343728,0.0,2638,11700,loss_manipulation
0.080773606370876,-2.3833673039577876,0.44505982078840267,0.011864697657511858,1.1874553542722528,5.128046461693484,0.7535717705092216,0.10665312069042207,0.4048991918347776,0.22538461538461538,0.3817357327757408,0.8987302380111671,0.0,2637,11700,loss_manipulation
0.07680372381691233,-2.300722270796715,0.5277048539494751,-0.09323738249893543,1.1845087186235994,5.056964921538581,0.8325226871981215,0.2525908274947198,0.3908155424343466,0.22034188034188035,0.39422819423344757,0.894615353008975,0.0,2578,11700,loss_manipulation
0.1809672386895476,-1.8662404375841894,0.9621866871620008,0.061518606037868295,0.9203257583262812,4.3581623303289065,0.9377361344881106,-0.2372467365787084,0.6821884373747815,0.21914529914529915,0.8640341272240059,0.9013795425484031,0.0,2564,11700,loss_manipulation
0.09162598573037928,-2.2757660267153437,0.5526610980308466,-0.034346251288022156,1.1645101190443543,6.84443351650698,0.8471815577810191,0.028129617503896014,0.44187398473041045,0.22760683760683761,0.45062775583320847,0.8975130817511489,0.0,2663,11700,loss_manipulation
0.06927244582043343,-2.4890231866305297,0.3394039381156606,0.05246019139638891,1.2785064397967625,3.2558252324785295,0.824303479749934,0.05608115748172492,0.3632026771392194,0.22085470085470085,0.22095211029467868,0.879383301794584,0.08047984677614661,2584,11700,loss_manipulation
0.11013916500994035,-2.2308186132505887,0.5976085114956016,0.025432692126422296,1.1455972902361853,2.745160733117958,0.89343466185911,-0.0628239248880327,0.5003355791895913,0.21495726495726497,0.5085571825637998,0.9061430919636829,0.0,2515,11700,loss_manipulation
0.1583555386372288,-1.94104476309399,0.8873823616522003,0.008411840018462291,1.00656134851784,4.280934979174735,0.8212558130262735,-0.10650185883986862,0.6303609264163234,0.22452991452991453,0.7833922406268827,0.9705751571717073,0.0,2627,11700,loss_manipulation
0.007903650733910425,-2.7514823107501862,0.07694481399600406,-0.032235013755379516,1.3897143334546735,2.212944028990604,0.8900628007706045,-0.014934983925378313,0.06655066586665324,0.22709401709401708,0.12986497560610566,0.9850186790528652,0.7512626745063923,2657,11700,loss_manipulation
0.0599694423223835,-2.4577805146383556,0.37064661010783473,-0.031408215466771416,1.2567638670338317,3.772432129891828,0.7941958352460472,-0.0029186803916406902,0.3273236046474881,0.22376068376068375,0.4094741534275581,0.9540350844870126,0.08097392623062971,2618,11700,loss_manipulation
0.041138023836985775,-2.570871768313995,0.2575553564321953,-0.024843551474223347,1.2998393740770486,4.234471986755596,0.9255363207891937,-0.09232891450395314,0.2474858751693964,0.22230769230769232,0.11766987070513064,0.9197796932804121,0.2958090292944532,2601,11700,loss_manipulation
0.18790662074244163,-1.7515111453874361,1.0769159793587542,-0.013955613304120096,0.9104999365749904,4.58385883028719,0.883005479825987,0.002055497679735557,0.6970716745899613,0.22333333333333333,0.8758233892228264,0.871492426365602,0.0,2613,11700,loss_manipulation
0.04666160849772382,-2.5707943008938097,0.2576328238523806,0.006325094466118397,1.32639260944931,4.385699322410125,0.8586418658962152,-0.10764293364344554,0.272042770226256,0.2252991452991453,0.3161376241724497,0.9447596955055342,0.2711525038770922,2636,11700,loss_manipulation
0.1794871794871795,-1.9764659006807532,0.8519612240654371,0.16337158994601597,0.9973201049150416,5.262174561550674,0.7601088704418495,-0.08023095499389293,0.6789538995185758,0.22,0.7414710516780024,0.9078567796657842,0.0,2574,11700,loss_manipulation
0.07153558052434457,-2.435987919678166,0.3924392050680243,0.01222714761101873,1.2520560166930914,2.8173894682891794,0.883931357980794,0.25481722838271775,0.3716281828693686,0.2282051282051282,0.38436529004439546,0.9299486956260823,0.012741572977040039,2670,11700,loss_manipulation
0.1515265736901621,-1.8814797348207106,0.9469473899254797,-0.0897836476352658,0.9402385544240668,4.290772334885705,0.8436469384662169,-0.22994502771622202,0.6136474078475297,0.22675213675213676,0.7665021528171584,0.9059772889157282,0.0,2653,11700,loss_manipulation
0.13295454545454546,-2.184221560381359,0.6442055643648312,0.10789892107904198,1.1100367498767536,3.6223674708070477,0.8061721766862922,-0.3922915823640967,0.5654857163360174,0.22564102564102564,0.5241232352275705,0.8829613925533895,0.0,2640,11700,loss_manipulation
0.06824350523458705,-2.3232491703954854,0.5051779543507049,-0.11913439176417562,1.1532734712434645,5.680789411821078,0.7336077797232732,-0.003900271351059498,0.35933430238354025,0.22042735042735043,0.47791019214391406,0.9820379389780475,0.0,2579,11700,loss_manipulation
0.0779580530273051,-2.358230140142438,0.47019698460375237,-0.02919964105408912,1.1896257196829327,2.5674229174121073,0.8334012352430713,0.27909136716124666,0.39494307654076505,0.21598290598290598,0.48448513442722585,0.952990237062128,0.0,2527,11700,loss_manipulation
0.1644479248238058,-1.9439287885054808,0.8844983362407095,0.04575960611903973,0.9757767055958877,4.519035722216251,0.8300908235545899,-0.27340370808375325,0.6448450035871818,0.2182905982905983,0.8809676562913594,0.9676904784039303,0.0,2554,11700,loss_manipulation
0.11003110419906688,-2.226053537958851,0.6023735867873392,0.020056332577491176,1.1268077683813797,5.324099166824235,0.8232550989219682,0.30410363270648555,0.5000097706886046,0.21982905982905984,0.44132656390915126,0.871880193986336,0.0,2572,11700,loss_manipulation
0.06739871260886028,-2.462824631045525,0.3656024937006652,0.01566220013108177,1.2537217634999154,3.5818055224555,0.8647135035796762,0.003829893343898597,0.3561403021091757,0.22572649572649572,0.42021429337945093,0.9505321795809546,0.05778179944220074,2641,11700,loss_manipulation
0.08416602613374327,-2.2783411514691045,0.5500859732770857,-0.07397103067953337,1.1558930875753548,4.437360798004038,0.9432001444569897,-0.09111811156854428,0.41669096620508483,0.2223931623931624,0.5509430159632365,0.9434977505200248,0.0,2602,11700,loss_manipulation
0.12967863894139886,-2.1039328473478083,0.724494277398382,0.009078882365658014,1.071243952232463,3.708259957337978,0.8405321065847203,0.03716693849451456,0.5565561919776947,0.22606837606837607,0.507196380062508,0.8617320720464003,0.0,2645,11700,loss_manipulation
0.023694927804516847,-2.7363914153811795,0.09203570936501082,0.0420030436773855,1.36828231292517,2.6230573329785996,0.9247612115738687,-0.1491030346490225,0.161711817913319,0.23085470085470086,0.10908921162781376,0.9619450077548162,0.6285507257722829,2701,11700,loss_manipulation
0.12818562190947128,-2.051097802842727,0.7773293219034634,-0.05220194188104754,1.0526155305596965,4.941099220967027,0.8475977918194946,-0.05556516773494637,0.5524411665308977,0.2247008547008547,0.6517694190762623,0.9299095485342076,0.0,2629,11700,loss_manipulation
0.04925723221266615,-2.536224054045198,0.2922030707009924,-0.013562087340539097,1.2936224089906068,4.178508110430371,0.8783346310796478,0.17641546304642416,0.28323331547436975,0.21863247863247864,0.2793845111149791,0.9342835183674129,0.2165685714032205,2558,11700,loss_manipulation
0.064343163538874,-2.587398926934131,0.2410281978120592,0.12295170027860314,1.3089239591997548,2.6054053533275914,0.8088675506660798,-0.11173310293692587,0.34444965949256656,0.22316239316239317,0.2964334908374454,0.9221054286235141,0.2203617238371814,2611,11700,loss_manipulation
